Customer_Index,Churn_Probability,Risk_Level,MonthlyCharges,Customer_Value_Score,Retention_Priority,Top_Churn_Drivers,Top_Retention_Drivers,Recommended_Action
2208,0.9599423,Critical Risk,100.8,High Value,Critical,"numerical__tenure, categorical__Contract_Month-to-month, categorical__gender_Female","categorical__gender_Male, categorical__Partner_No, categorical__DeviceProtection_No","Immediate personalized retention intervention: offer a targeted discount, contract upgrade, or dedicated support. Prioritize addressing the key churn drivers identified: numerical__tenure, categorical__Contract_Month-to-month, categorical__gender_Female."
6215,0.9420536,Critical Risk,98.25,High Value,Critical,"numerical__MonthlyCharges, numerical__tenure, categorical__Contract_Month-to-month","categorical__gender_Male, categorical__Partner_Yes, categorical__OnlineBackup_No","Immediate personalized retention intervention: offer a targeted discount, contract upgrade, or dedicated support. Prioritize addressing the key churn drivers identified: numerical__MonthlyCharges, numerical__tenure, categorical__Contract_Month-to-month."
2745,0.94132805,Critical Risk,86.05,High Value,Critical,"numerical__tenure, categorical__Contract_Month-to-month, categorical__InternetService_Fiber optic","categorical__Partner_No, categorical__DeviceProtection_Yes, categorical__StreamingMovies_Yes","Immediate personalized retention intervention: offer a targeted discount, contract upgrade, or dedicated support. Prioritize addressing the key churn drivers identified: numerical__tenure, categorical__Contract_Month-to-month, categorical__InternetService_Fiber optic."
983,0.9358118,Critical Risk,86.6,High Value,Critical,"numerical__tenure, categorical__Contract_Month-to-month, categorical__InternetService_Fiber optic","categorical__Partner_Yes, categorical__DeviceProtection_Yes, categorical__StreamingTV_Yes","Immediate personalized retention intervention: offer a targeted discount, contract upgrade, or dedicated support. Prioritize addressing the key churn drivers identified: numerical__tenure, categorical__Contract_Month-to-month, categorical__InternetService_Fiber optic."
3749,0.93320096,Critical Risk,93.85,High Value,Critical,"categorical__Contract_Month-to-month, numerical__tenure, categorical__OnlineSecurity_No","categorical__Partner_Yes, categorical__DeviceProtection_Yes, categorical__gender_Female","Immediate personalized retention intervention: offer a targeted discount, contract upgrade, or dedicated support. Prioritize addressing the key churn drivers identified: categorical__Contract_Month-to-month, numerical__tenure, categorical__OnlineSecurity_No."
6368,0.93320096,Critical Risk,94.0,High Value,Critical,"categorical__Contract_Month-to-month, numerical__tenure, categorical__OnlineSecurity_No","categorical__Partner_Yes, categorical__DeviceProtection_Yes, categorical__gender_Female","Immediate personalized retention intervention: offer a targeted discount, contract upgrade, or dedicated support. Prioritize addressing the key churn drivers identified: categorical__Contract_Month-to-month, numerical__tenure, categorical__OnlineSecurity_No."
1148,0.9303905,Critical Risk,95.15,High Value,Critical,"categorical__Contract_Month-to-month, numerical__tenure, categorical__gender_Female","categorical__gender_Male, categorical__Partner_Yes, categorical__DeviceProtection_Yes","Immediate personalized retention intervention: offer a targeted discount, contract upgrade, or dedicated support. Prioritize addressing the key churn drivers identified: categorical__Contract_Month-to-month, numerical__tenure, categorical__gender_Female."
2280,0.92751247,Critical Risk,100.15,High Value,Critical,"numerical__MonthlyCharges, numerical__tenure, categorical__Contract_Month-to-month","categorical__gender_Male, categorical__TechSupport_No, categorical__PaymentMethod_Electronic check","Immediate personalized retention intervention: offer a targeted discount, contract upgrade, or dedicated support. Prioritize addressing the key churn drivers identified: numerical__MonthlyCharges, numerical__tenure, categorical__Contract_Month-to-month."
642,0.9239667,Critical Risk,89.55,High Value,Critical,"numerical__tenure, categorical__Contract_Month-to-month, categorical__InternetService_Fiber optic","categorical__MultipleLines_No, categorical__Partner_Yes, categorical__DeviceProtection_Yes","Immediate personalized retention intervention: offer a targeted discount, contract upgrade, or dedicated support. Prioritize addressing the key churn drivers identified: numerical__tenure, categorical__Contract_Month-to-month, categorical__InternetService_Fiber optic."
6232,0.9220132,Critical Risk,100.5,High Value,Critical,"categorical__Contract_Month-to-month, numerical__tenure, categorical__gender_Female","categorical__gender_Male, categorical__Partner_Yes, numerical__TotalCharges","Immediate personalized retention intervention: offer a targeted discount, contract upgrade, or dedicated support. Prioritize addressing the key churn drivers identified: categorical__Contract_Month-to-month, numerical__tenure, categorical__gender_Female."
1423,0.91321754,Critical Risk,101.1,High Value,Critical,"categorical__Contract_Month-to-month, categorical__InternetService_Fiber optic, categorical__OnlineSecurity_No","categorical__Partner_No, categorical__DeviceProtection_No, categorical__gender_Female","Immediate personalized retention intervention: offer a targeted discount, contract upgrade, or dedicated support. Prioritize addressing the key churn drivers identified: categorical__Contract_Month-to-month, categorical__InternetService_Fiber optic, categorical__OnlineSecurity_No."
346,0.9131878,Critical Risk,90.4,High Value,Critical,"numerical__tenure, categorical__Contract_Month-to-month, categorical__gender_Female","categorical__gender_Male, categorical__MultipleLines_No, categorical__Partner_Yes","Immediate personalized retention intervention: offer a targeted discount, contract upgrade, or dedicated support. Prioritize addressing the key churn drivers identified: numerical__tenure, categorical__Contract_Month-to-month, categorical__gender_Female."
582,0.91105103,Critical Risk,89.2,High Value,Critical,"categorical__Contract_Month-to-month, numerical__tenure, categorical__gender_Female","categorical__gender_Male, categorical__Partner_Yes, categorical__StreamingMovies_Yes","Immediate personalized retention intervention: offer a targeted discount, contract upgrade, or dedicated support. Prioritize addressing the key churn drivers identified: categorical__Contract_Month-to-month, numerical__tenure, categorical__gender_Female."
6240,0.9088617,Critical Risk,93.3,High Value,Critical,"numerical__tenure, categorical__Contract_Month-to-month, categorical__InternetService_Fiber optic","categorical__Dependents_No, categorical__Partner_Yes, categorical__DeviceProtection_Yes","Immediate personalized retention intervention: offer a targeted discount, contract upgrade, or dedicated support. Prioritize addressing the key churn drivers identified: numerical__tenure, categorical__Contract_Month-to-month, categorical__InternetService_Fiber optic."
5019,0.908672,Critical Risk,95.6,High Value,Critical,"categorical__Contract_Month-to-month, categorical__InternetService_Fiber optic, categorical__OnlineSecurity_No","categorical__Partner_Yes, categorical__DeviceProtection_Yes, categorical__gender_Female","Immediate personalized retention intervention: offer a targeted discount, contract upgrade, or dedicated support. Prioritize addressing the key churn drivers identified: categorical__Contract_Month-to-month, categorical__InternetService_Fiber optic, categorical__OnlineSecurity_No."
2784,0.90575045,Critical Risk,98.1,High Value,Critical,"numerical__tenure, numerical__MonthlyCharges, categorical__Contract_Month-to-month","categorical__gender_Male, categorical__Partner_Yes, categorical__TechSupport_No","Immediate personalized retention intervention: offer a targeted discount, contract upgrade, or dedicated support. Prioritize addressing the key churn drivers identified: numerical__tenure, numerical__MonthlyCharges, categorical__Contract_Month-to-month."
3871,0.902869,Critical Risk,101.55,High Value,Critical,"categorical__Contract_Month-to-month, numerical__tenure, numerical__MonthlyCharges","categorical__PaymentMethod_Electronic check, categorical__Partner_Yes, categorical__DeviceProtection_No","Immediate personalized retention intervention: offer a targeted discount, contract upgrade, or dedicated support. Prioritize addressing the key churn drivers identified: categorical__Contract_Month-to-month, numerical__tenure, numerical__MonthlyCharges."
5989,0.89580804,Critical Risk,94.6,High Value,Critical,"categorical__Contract_Month-to-month, numerical__tenure, categorical__OnlineSecurity_No","categorical__Partner_No, categorical__DeviceProtection_Yes, numerical__MonthlyCharges","Immediate personalized retention intervention: offer a targeted discount, contract upgrade, or dedicated support. Prioritize addressing the key churn drivers identified: categorical__Contract_Month-to-month, numerical__tenure, categorical__OnlineSecurity_No."
5125,0.89262724,Critical Risk,94.0,High Value,Critical,"categorical__Contract_Month-to-month, categorical__gender_Female, categorical__InternetService_Fiber optic","categorical__gender_Male, categorical__DeviceProtection_Yes, categorical__Partner_No","Immediate personalized retention intervention: offer a targeted discount, contract upgrade, or dedicated support. Prioritize addressing the key churn drivers identified: categorical__Contract_Month-to-month, categorical__gender_Female, categorical__InternetService_Fiber optic."
2921,0.8912235,Critical Risk,95.5,High Value,Critical,"categorical__Contract_Month-to-month, categorical__InternetService_Fiber optic, categorical__OnlineSecurity_No","categorical__Partner_Yes, categorical__DeviceProtection_Yes, categorical__gender_Female","Immediate personalized retention intervention: offer a targeted discount, contract upgrade, or dedicated support. Prioritize addressing the key churn drivers identified: categorical__Contract_Month-to-month, categorical__InternetService_Fiber optic, categorical__OnlineSecurity_No."
3919,0.8910652,Critical Risk,93.55,High Value,Critical,"categorical__Contract_Month-to-month, numerical__tenure, categorical__gender_Female","categorical__gender_Male, categorical__PaymentMethod_Electronic check, categorical__Partner_Yes","Immediate personalized retention intervention: offer a targeted discount, contract upgrade, or dedicated support. Prioritize addressing the key churn drivers identified: categorical__Contract_Month-to-month, numerical__tenure, categorical__gender_Female."
6741,0.8888535,Critical Risk,96.0,High Value,Critical,"categorical__Contract_Month-to-month, numerical__MonthlyCharges, categorical__gender_Female","categorical__gender_Male, categorical__MultipleLines_No, categorical__Partner_Yes","Immediate personalized retention intervention: offer a targeted discount, contract upgrade, or dedicated support. Prioritize addressing the key churn drivers identified: categorical__Contract_Month-to-month, numerical__MonthlyCharges, categorical__gender_Female."
933,0.88849264,Critical Risk,84.6,High Value,Critical,"categorical__Contract_Month-to-month, numerical__tenure, categorical__gender_Female","categorical__gender_Male, categorical__Partner_Yes, categorical__DeviceProtection_Yes","Immediate personalized retention intervention: offer a targeted discount, contract upgrade, or dedicated support. Prioritize addressing the key churn drivers identified: categorical__Contract_Month-to-month, numerical__tenure, categorical__gender_Female."
2727,0.8879475,Critical Risk,94.85,High Value,Critical,"numerical__tenure, categorical__Contract_Month-to-month, categorical__InternetService_Fiber optic","categorical__PaymentMethod_Electronic check, categorical__Partner_Yes, categorical__DeviceProtection_Yes","Immediate personalized retention intervention: offer a targeted discount, contract upgrade, or dedicated support. Prioritize addressing the key churn drivers identified: numerical__tenure, categorical__Contract_Month-to-month, categorical__InternetService_Fiber optic."
85,0.887441,Critical Risk,99.3,High Value,Critical,"numerical__MonthlyCharges, categorical__Contract_Month-to-month, categorical__InternetService_Fiber optic","categorical__PaymentMethod_Electronic check, categorical__Partner_Yes, categorical__PaymentMethod_Credit card (automatic)","Immediate personalized retention intervention: offer a targeted discount, contract upgrade, or dedicated support. Prioritize addressing the key churn drivers identified: numerical__MonthlyCharges, categorical__Contract_Month-to-month, categorical__InternetService_Fiber optic."
1456,0.8873005,Critical Risk,100.0,High Value,Critical,"categorical__Contract_Month-to-month, numerical__MonthlyCharges, categorical__gender_Female","categorical__gender_Male, categorical__OnlineBackup_No, categorical__DeviceProtection_Yes","Immediate personalized retention intervention: offer a targeted discount, contract upgrade, or dedicated support. Prioritize addressing the key churn drivers identified: categorical__Contract_Month-to-month, numerical__MonthlyCharges, categorical__gender_Female."
6838,0.88577396,Critical Risk,99.0,High Value,Critical,"numerical__MonthlyCharges, categorical__Contract_Month-to-month, numerical__tenure","categorical__TechSupport_No, categorical__Partner_Yes, categorical__PaymentMethod_Electronic check","Immediate personalized retention intervention: offer a targeted discount, contract upgrade, or dedicated support. Prioritize addressing the key churn drivers identified: numerical__MonthlyCharges, categorical__Contract_Month-to-month, numerical__tenure."
2167,0.8800104,Critical Risk,95.25,High Value,Critical,"categorical__Contract_Month-to-month, categorical__InternetService_Fiber optic, categorical__OnlineSecurity_No","categorical__Partner_No, categorical__DeviceProtection_Yes, numerical__MonthlyCharges","Immediate personalized retention intervention: offer a targeted discount, contract upgrade, or dedicated support. Prioritize addressing the key churn drivers identified: categorical__Contract_Month-to-month, categorical__InternetService_Fiber optic, categorical__OnlineSecurity_No."
352,0.8792172,Critical Risk,89.15,High Value,Critical,"categorical__Contract_Month-to-month, numerical__tenure, categorical__gender_Female","categorical__gender_Male, categorical__MultipleLines_No, categorical__Partner_Yes","Immediate personalized retention intervention: offer a targeted discount, contract upgrade, or dedicated support. Prioritize addressing the key churn drivers identified: categorical__Contract_Month-to-month, numerical__tenure, categorical__gender_Female."
6574,0.8744636,Critical Risk,90.1,High Value,Critical,"categorical__Contract_Month-to-month, categorical__gender_Female, categorical__InternetService_Fiber optic","categorical__gender_Male, categorical__Partner_Yes, categorical__StreamingMovies_Yes","Immediate personalized retention intervention: offer a targeted discount, contract upgrade, or dedicated support. Prioritize addressing the key churn drivers identified: categorical__Contract_Month-to-month, categorical__gender_Female, categorical__InternetService_Fiber optic."
1485,0.87179315,Critical Risk,96.7,High Value,Critical,"categorical__Contract_Month-to-month, categorical__InternetService_Fiber optic, numerical__MonthlyCharges","numerical__tenure, categorical__Partner_Yes, categorical__DeviceProtection_Yes","Immediate personalized retention intervention: offer a targeted discount, contract upgrade, or dedicated support. Prioritize addressing the key churn drivers identified: categorical__Contract_Month-to-month, categorical__InternetService_Fiber optic, numerical__MonthlyCharges."
5227,0.86980426,Critical Risk,96.2,High Value,Critical,"categorical__Contract_Month-to-month, numerical__MonthlyCharges, numerical__tenure","categorical__PaperlessBilling_Yes, categorical__Partner_Yes, categorical__gender_Female","Immediate personalized retention intervention: offer a targeted discount, contract upgrade, or dedicated support. Prioritize addressing the key churn drivers identified: categorical__Contract_Month-to-month, numerical__MonthlyCharges, numerical__tenure."
1081,0.8672921,Critical Risk,98.85,High Value,Critical,"categorical__Contract_Month-to-month, numerical__MonthlyCharges, categorical__InternetService_Fiber optic","numerical__tenure, categorical__Partner_No, categorical__DeviceProtection_No","Immediate personalized retention intervention: offer a targeted discount, contract upgrade, or dedicated support. Prioritize addressing the key churn drivers identified: categorical__Contract_Month-to-month, numerical__MonthlyCharges, categorical__InternetService_Fiber optic."
3467,0.86528933,Critical Risk,91.4,High Value,Critical,"categorical__Contract_Month-to-month, numerical__tenure, categorical__OnlineSecurity_No","categorical__MultipleLines_No, categorical__Partner_Yes, categorical__DeviceProtection_Yes","Immediate personalized retention intervention: offer a targeted discount, contract upgrade, or dedicated support. Prioritize addressing the key churn drivers identified: categorical__Contract_Month-to-month, numerical__tenure, categorical__OnlineSecurity_No."
5591,0.8633682,Critical Risk,88.45,High Value,Critical,"categorical__Contract_Month-to-month, numerical__tenure, categorical__OnlineSecurity_No","categorical__MultipleLines_No, categorical__Partner_Yes, categorical__DeviceProtection_Yes","Immediate personalized retention intervention: offer a targeted discount, contract upgrade, or dedicated support. Prioritize addressing the key churn drivers identified: categorical__Contract_Month-to-month, numerical__tenure, categorical__OnlineSecurity_No."
5213,0.86080885,Critical Risk,92.55,High Value,Critical,"categorical__Contract_Month-to-month, categorical__gender_Female, categorical__InternetService_Fiber optic","categorical__gender_Male, categorical__Partner_No, categorical__DeviceProtection_Yes","Immediate personalized retention intervention: offer a targeted discount, contract upgrade, or dedicated support. Prioritize addressing the key churn drivers identified: categorical__Contract_Month-to-month, categorical__gender_Female, categorical__InternetService_Fiber optic."
4173,0.8601423,Critical Risk,86.55,High Value,Critical,"categorical__Contract_Month-to-month, categorical__gender_Female, categorical__InternetService_Fiber optic","categorical__gender_Male, categorical__Partner_Yes, categorical__StreamingTV_Yes","Immediate personalized retention intervention: offer a targeted discount, contract upgrade, or dedicated support. Prioritize addressing the key churn drivers identified: categorical__Contract_Month-to-month, categorical__gender_Female, categorical__InternetService_Fiber optic."
4681,0.85915774,Critical Risk,83.85,High Value,Critical,"categorical__Contract_Month-to-month, categorical__InternetService_Fiber optic, categorical__OnlineSecurity_No","categorical__Partner_Yes, categorical__StreamingTV_Yes, categorical__DeviceProtection_Yes","Immediate personalized retention intervention: offer a targeted discount, contract upgrade, or dedicated support. Prioritize addressing the key churn drivers identified: categorical__Contract_Month-to-month, categorical__InternetService_Fiber optic, categorical__OnlineSecurity_No."
5211,0.8584761,Critical Risk,84.9,High Value,Critical,"categorical__Contract_Month-to-month, categorical__gender_Female, categorical__InternetService_Fiber optic","categorical__gender_Male, categorical__DeviceProtection_Yes, categorical__StreamingTV_Yes","Immediate personalized retention intervention: offer a targeted discount, contract upgrade, or dedicated support. Prioritize addressing the key churn drivers identified: categorical__Contract_Month-to-month, categorical__gender_Female, categorical__InternetService_Fiber optic."
2582,0.85520476,Critical Risk,105.3,High Value,Critical,"categorical__Contract_Month-to-month, categorical__gender_Female, numerical__MonthlyCharges","categorical__gender_Male, categorical__Partner_Yes, categorical__OnlineBackup_No","Immediate personalized retention intervention: offer a targeted discount, contract upgrade, or dedicated support. Prioritize addressing the key churn drivers identified: categorical__Contract_Month-to-month, categorical__gender_Female, numerical__MonthlyCharges."
3402,0.85428816,Critical Risk,88.95,High Value,Critical,"categorical__Contract_Month-to-month, numerical__tenure, categorical__gender_Female","categorical__gender_Male, categorical__Partner_Yes, categorical__OnlineBackup_No","Immediate personalized retention intervention: offer a targeted discount, contract upgrade, or dedicated support. Prioritize addressing the key churn drivers identified: categorical__Contract_Month-to-month, numerical__tenure, categorical__gender_Female."
6886,0.8520207,Critical Risk,101.35,High Value,Critical,"categorical__Contract_Month-to-month, categorical__gender_Female, categorical__InternetService_Fiber optic","categorical__PaperlessBilling_Yes, categorical__gender_Male, categorical__Partner_Yes","Immediate personalized retention intervention: offer a targeted discount, contract upgrade, or dedicated support. Prioritize addressing the key churn drivers identified: categorical__Contract_Month-to-month, categorical__gender_Female, categorical__InternetService_Fiber optic."
4931,0.8418921,Critical Risk,103.45,High Value,Critical,"categorical__Contract_Month-to-month, numerical__MonthlyCharges, categorical__InternetService_Fiber optic","categorical__TechSupport_No, categorical__Partner_No, categorical__gender_Female","Immediate personalized retention intervention: offer a targeted discount, contract upgrade, or dedicated support. Prioritize addressing the key churn drivers identified: categorical__Contract_Month-to-month, numerical__MonthlyCharges, categorical__InternetService_Fiber optic."
5931,0.84140295,Critical Risk,98.0,High Value,Critical,"categorical__Contract_Month-to-month, numerical__MonthlyCharges, categorical__InternetService_Fiber optic","categorical__MultipleLines_No, categorical__OnlineBackup_No, categorical__Partner_No","Immediate personalized retention intervention: offer a targeted discount, contract upgrade, or dedicated support. Prioritize addressing the key churn drivers identified: categorical__Contract_Month-to-month, numerical__MonthlyCharges, categorical__InternetService_Fiber optic."
3061,0.83963853,Critical Risk,106.4,High Value,Critical,"categorical__Contract_Month-to-month, numerical__MonthlyCharges, categorical__InternetService_Fiber optic","numerical__tenure, categorical__Partner_Yes, categorical__OnlineBackup_No","Immediate personalized retention intervention: offer a targeted discount, contract upgrade, or dedicated support. Prioritize addressing the key churn drivers identified: categorical__Contract_Month-to-month, numerical__MonthlyCharges, categorical__InternetService_Fiber optic."
64,0.8375323,Critical Risk,94.4,High Value,Critical,"categorical__Contract_Month-to-month, categorical__gender_Female, categorical__InternetService_Fiber optic","categorical__PaperlessBilling_Yes, categorical__gender_Male, categorical__Partner_Yes","Immediate personalized retention intervention: offer a targeted discount, contract upgrade, or dedicated support. Prioritize addressing the key churn drivers identified: categorical__Contract_Month-to-month, categorical__gender_Female, categorical__InternetService_Fiber optic."
5177,0.83720946,Critical Risk,84.1,High Value,Critical,"categorical__Contract_Month-to-month, numerical__TotalCharges, categorical__InternetService_Fiber optic","numerical__tenure, categorical__DeviceProtection_Yes, categorical__StreamingTV_Yes","Immediate personalized retention intervention: offer a targeted discount, contract upgrade, or dedicated support. Prioritize addressing the key churn drivers identified: categorical__Contract_Month-to-month, numerical__TotalCharges, categorical__InternetService_Fiber optic."
383,0.83618337,Critical Risk,90.85,High Value,Critical,"numerical__tenure, categorical__Contract_Month-to-month, categorical__InternetService_Fiber optic","categorical__PaymentMethod_Credit card (automatic), categorical__PaymentMethod_Electronic check, categorical__Partner_Yes","Immediate personalized retention intervention: offer a targeted discount, contract upgrade, or dedicated support. Prioritize addressing the key churn drivers identified: numerical__tenure, categorical__Contract_Month-to-month, categorical__InternetService_Fiber optic."
6868,0.832721,Critical Risk,91.1,High Value,Critical,"categorical__Contract_Month-to-month, categorical__InternetService_Fiber optic, categorical__OnlineSecurity_No","categorical__MultipleLines_No, categorical__Partner_Yes, categorical__DeviceProtection_Yes","Immediate personalized retention intervention: offer a targeted discount, contract upgrade, or dedicated support. Prioritize addressing the key churn drivers identified: categorical__Contract_Month-to-month, categorical__InternetService_Fiber optic, categorical__OnlineSecurity_No."
4000,0.8298994,Critical Risk,99.75,High Value,Critical,"categorical__Contract_Month-to-month, numerical__MonthlyCharges, categorical__gender_Female","numerical__tenure, categorical__gender_Male, categorical__Partner_Yes","Immediate personalized retention intervention: offer a targeted discount, contract upgrade, or dedicated support. Prioritize addressing the key churn drivers identified: categorical__Contract_Month-to-month, numerical__MonthlyCharges, categorical__gender_Female."
4240,0.8293164,Critical Risk,94.0,High Value,Critical,"categorical__Contract_Month-to-month, categorical__InternetService_Fiber optic, categorical__OnlineSecurity_No","categorical__Partner_Yes, categorical__StreamingMovies_Yes, categorical__OnlineBackup_No","Immediate personalized retention intervention: offer a targeted discount, contract upgrade, or dedicated support. Prioritize addressing the key churn drivers identified: categorical__Contract_Month-to-month, categorical__InternetService_Fiber optic, categorical__OnlineSecurity_No."
4077,0.82573646,Critical Risk,95.8,High Value,Critical,"categorical__Contract_Month-to-month, categorical__InternetService_Fiber optic, categorical__gender_Female","categorical__gender_Male, categorical__Partner_No, categorical__DeviceProtection_Yes","Immediate personalized retention intervention: offer a targeted discount, contract upgrade, or dedicated support. Prioritize addressing the key churn drivers identified: categorical__Contract_Month-to-month, categorical__InternetService_Fiber optic, categorical__gender_Female."
4639,0.82021046,Critical Risk,93.6,High Value,Critical,"categorical__Contract_Month-to-month, categorical__InternetService_Fiber optic, categorical__PaymentMethod_Electronic check","numerical__tenure, categorical__Partner_Yes, categorical__DeviceProtection_Yes","Immediate personalized retention intervention: offer a targeted discount, contract upgrade, or dedicated support. Prioritize addressing the key churn drivers identified: categorical__Contract_Month-to-month, categorical__InternetService_Fiber optic, categorical__PaymentMethod_Electronic check."
3469,0.81906587,Critical Risk,91.5,High Value,Critical,"categorical__Contract_Month-to-month, categorical__gender_Female, categorical__InternetService_Fiber optic","categorical__gender_Male, categorical__MultipleLines_No, categorical__Partner_Yes","Immediate personalized retention intervention: offer a targeted discount, contract upgrade, or dedicated support. Prioritize addressing the key churn drivers identified: categorical__Contract_Month-to-month, categorical__gender_Female, categorical__InternetService_Fiber optic."
2163,0.8184511,Critical Risk,98.5,High Value,Critical,"categorical__Contract_Month-to-month, numerical__MonthlyCharges, categorical__InternetService_Fiber optic","numerical__tenure, categorical__Partner_No, categorical__DeviceProtection_No","Immediate personalized retention intervention: offer a targeted discount, contract upgrade, or dedicated support. Prioritize addressing the key churn drivers identified: categorical__Contract_Month-to-month, numerical__MonthlyCharges, categorical__InternetService_Fiber optic."
5549,0.81702954,Critical Risk,97.9,High Value,Critical,"numerical__MonthlyCharges, numerical__tenure, categorical__Contract_Month-to-month","categorical__TechSupport_No, categorical__gender_Male, categorical__Partner_Yes","Immediate personalized retention intervention: offer a targeted discount, contract upgrade, or dedicated support. Prioritize addressing the key churn drivers identified: numerical__MonthlyCharges, numerical__tenure, categorical__Contract_Month-to-month."
3026,0.8169863,Critical Risk,84.95,High Value,Critical,"categorical__Contract_Month-to-month, categorical__gender_Female, categorical__InternetService_Fiber optic","categorical__gender_Male, categorical__DeviceProtection_Yes, categorical__Partner_No","Immediate personalized retention intervention: offer a targeted discount, contract upgrade, or dedicated support. Prioritize addressing the key churn drivers identified: categorical__Contract_Month-to-month, categorical__gender_Female, categorical__InternetService_Fiber optic."
2493,0.8164412,Critical Risk,90.75,High Value,Critical,"categorical__Contract_Month-to-month, numerical__tenure, categorical__gender_Female","categorical__gender_Male, categorical__DeviceProtection_Yes, categorical__Partner_No","Immediate personalized retention intervention: offer a targeted discount, contract upgrade, or dedicated support. Prioritize addressing the key churn drivers identified: categorical__Contract_Month-to-month, numerical__tenure, categorical__gender_Female."
3745,0.8140221,Critical Risk,94.25,High Value,Critical,"categorical__Contract_Month-to-month, numerical__tenure, categorical__InternetService_Fiber optic","categorical__MultipleLines_No, categorical__Partner_Yes, categorical__OnlineBackup_No","Immediate personalized retention intervention: offer a targeted discount, contract upgrade, or dedicated support. Prioritize addressing the key churn drivers identified: categorical__Contract_Month-to-month, numerical__tenure, categorical__InternetService_Fiber optic."
5741,0.8079913,Critical Risk,99.95,High Value,Critical,"categorical__Contract_Month-to-month, numerical__MonthlyCharges, categorical__InternetService_Fiber optic","numerical__tenure, categorical__Partner_Yes, categorical__OnlineBackup_No","Immediate personalized retention intervention: offer a targeted discount, contract upgrade, or dedicated support. Prioritize addressing the key churn drivers identified: categorical__Contract_Month-to-month, numerical__MonthlyCharges, categorical__InternetService_Fiber optic."
6626,0.8045105,Critical Risk,95.75,High Value,Critical,"categorical__Contract_Month-to-month, numerical__tenure, categorical__InternetService_Fiber optic","categorical__MultipleLines_No, categorical__Partner_No, categorical__DeviceProtection_No","Immediate personalized retention intervention: offer a targeted discount, contract upgrade, or dedicated support. Prioritize addressing the key churn drivers identified: categorical__Contract_Month-to-month, numerical__tenure, categorical__InternetService_Fiber optic."
954,0.8036932,Critical Risk,95.1,High Value,Critical,"categorical__Contract_Month-to-month, categorical__InternetService_Fiber optic, categorical__PaymentMethod_Electronic check","numerical__tenure, categorical__Partner_Yes, categorical__DeviceProtection_Yes","Immediate personalized retention intervention: offer a targeted discount, contract upgrade, or dedicated support. Prioritize addressing the key churn drivers identified: categorical__Contract_Month-to-month, categorical__InternetService_Fiber optic, categorical__PaymentMethod_Electronic check."
3807,0.8000916,Critical Risk,104.65,High Value,Critical,"categorical__Contract_Month-to-month, categorical__InternetService_Fiber optic, categorical__MultipleLines_No","numerical__tenure, categorical__OnlineBackup_No, categorical__Partner_No","Immediate personalized retention intervention: offer a targeted discount, contract upgrade, or dedicated support. Prioritize addressing the key churn drivers identified: categorical__Contract_Month-to-month, categorical__InternetService_Fiber optic, categorical__MultipleLines_No."
5573,0.9377711,Critical Risk,69.85,Medium Value,High,"numerical__tenure, categorical__Contract_Month-to-month, numerical__TotalCharges","categorical__gender_Male, categorical__MultipleLines_No, categorical__Partner_Yes","Launch a low-cost automated retention campaign or send a personalized retention offer. Prioritize addressing the key churn drivers identified: numerical__tenure, categorical__Contract_Month-to-month, numerical__TotalCharges."
5782,0.9377711,Critical Risk,69.65,Medium Value,High,"numerical__tenure, categorical__Contract_Month-to-month, numerical__TotalCharges","categorical__gender_Male, categorical__MultipleLines_No, categorical__Partner_Yes","Launch a low-cost automated retention campaign or send a personalized retention offer. Prioritize addressing the key churn drivers identified: numerical__tenure, categorical__Contract_Month-to-month, numerical__TotalCharges."
4759,0.93133706,Critical Risk,78.95,Medium Value,High,"numerical__tenure, categorical__Contract_Month-to-month, categorical__InternetService_Fiber optic","categorical__Partner_Yes, categorical__MultipleLines_No, categorical__DeviceProtection_Yes","Launch a low-cost automated retention campaign or send a personalized retention offer. Prioritize addressing the key churn drivers identified: numerical__tenure, categorical__Contract_Month-to-month, categorical__InternetService_Fiber optic."
3426,0.92875594,Critical Risk,69.8,Medium Value,High,"numerical__tenure, categorical__Contract_Month-to-month, numerical__TotalCharges","categorical__Partner_Yes, categorical__MultipleLines_No, categorical__DeviceProtection_Yes","Launch a low-cost automated retention campaign or send a personalized retention offer. Prioritize addressing the key churn drivers identified: numerical__tenure, categorical__Contract_Month-to-month, numerical__TotalCharges."
809,0.92875594,Critical Risk,69.55,Medium Value,High,"numerical__tenure, categorical__Contract_Month-to-month, numerical__TotalCharges","categorical__Partner_Yes, categorical__MultipleLines_No, categorical__DeviceProtection_Yes","Launch a low-cost automated retention campaign or send a personalized retention offer. Prioritize addressing the key churn drivers identified: numerical__tenure, categorical__Contract_Month-to-month, numerical__TotalCharges."
4081,0.92647946,Critical Risk,69.6,Medium Value,High,"numerical__tenure, categorical__Contract_Month-to-month, numerical__TotalCharges","categorical__gender_Male, categorical__Partner_Yes, categorical__MultipleLines_No","Launch a low-cost automated retention campaign or send a personalized retention offer. Prioritize addressing the key churn drivers identified: numerical__tenure, categorical__Contract_Month-to-month, numerical__TotalCharges."
2464,0.92199546,Critical Risk,77.15,Medium Value,High,"numerical__tenure, categorical__Contract_Month-to-month, categorical__gender_Female","categorical__gender_Male, categorical__Partner_Yes, categorical__DeviceProtection_Yes","Launch a low-cost automated retention campaign or send a personalized retention offer. Prioritize addressing the key churn drivers identified: numerical__tenure, categorical__Contract_Month-to-month, categorical__gender_Female."
3917,0.9213757,Critical Risk,69.1,Medium Value,High,"numerical__tenure, categorical__Contract_Month-to-month, numerical__TotalCharges","categorical__PaperlessBilling_Yes, categorical__MultipleLines_No, categorical__Partner_Yes","Launch a low-cost automated retention campaign or send a personalized retention offer. Prioritize addressing the key churn drivers identified: numerical__tenure, categorical__Contract_Month-to-month, numerical__TotalCharges."
3821,0.92015916,Critical Risk,74.2,Medium Value,High,"numerical__tenure, categorical__Contract_Month-to-month, categorical__gender_Female","categorical__gender_Male, categorical__Partner_Yes, categorical__DeviceProtection_Yes","Launch a low-cost automated retention campaign or send a personalized retention offer. Prioritize addressing the key churn drivers identified: numerical__tenure, categorical__Contract_Month-to-month, categorical__gender_Female."
4084,0.91296667,Critical Risk,78.05,Medium Value,High,"numerical__tenure, categorical__Contract_Month-to-month, categorical__gender_Female","categorical__gender_Male, categorical__PaperlessBilling_Yes, categorical__Partner_Yes","Launch a low-cost automated retention campaign or send a personalized retention offer. Prioritize addressing the key churn drivers identified: numerical__tenure, categorical__Contract_Month-to-month, categorical__gender_Female."
2517,0.90936446,Critical Risk,69.5,Medium Value,High,"numerical__tenure, categorical__Contract_Month-to-month, numerical__TotalCharges","categorical__PaymentMethod_Electronic check, categorical__MultipleLines_No, categorical__Partner_Yes","Launch a low-cost automated retention campaign or send a personalized retention offer. Prioritize addressing the key churn drivers identified: numerical__tenure, categorical__Contract_Month-to-month, numerical__TotalCharges."
2036,0.90574354,Critical Risk,74.3,Medium Value,High,"numerical__tenure, categorical__Contract_Month-to-month, categorical__InternetService_Fiber optic","categorical__PaperlessBilling_Yes, categorical__DeviceProtection_Yes, categorical__Partner_No","Launch a low-cost automated retention campaign or send a personalized retention offer. Prioritize addressing the key churn drivers identified: numerical__tenure, categorical__Contract_Month-to-month, categorical__InternetService_Fiber optic."
5538,0.90404576,Critical Risk,81.1,Medium Value,High,"numerical__tenure, categorical__Contract_Month-to-month, categorical__gender_Female","categorical__gender_Male, categorical__Partner_Yes, categorical__MultipleLines_No","Launch a low-cost automated retention campaign or send a personalized retention offer. Prioritize addressing the key churn drivers identified: numerical__tenure, categorical__Contract_Month-to-month, categorical__gender_Female."
1405,0.90382564,Critical Risk,76.0,Medium Value,High,"numerical__tenure, categorical__Contract_Month-to-month, categorical__gender_Female","categorical__gender_Male, categorical__PaperlessBilling_Yes, categorical__Partner_Yes","Launch a low-cost automated retention campaign or send a personalized retention offer. Prioritize addressing the key churn drivers identified: numerical__tenure, categorical__Contract_Month-to-month, categorical__gender_Female."
5640,0.89817023,Critical Risk,79.6,Medium Value,High,"numerical__tenure, categorical__Contract_Month-to-month, categorical__InternetService_Fiber optic","categorical__PaperlessBilling_Yes, categorical__MultipleLines_No, categorical__Partner_Yes","Launch a low-cost automated retention campaign or send a personalized retention offer. Prioritize addressing the key churn drivers identified: numerical__tenure, categorical__Contract_Month-to-month, categorical__InternetService_Fiber optic."
935,0.8930503,Critical Risk,83.25,Medium Value,High,"categorical__Contract_Month-to-month, numerical__tenure, categorical__gender_Female","categorical__gender_Male, categorical__DeviceProtection_Yes, categorical__Partner_No","Launch a low-cost automated retention campaign or send a personalized retention offer. Prioritize addressing the key churn drivers identified: categorical__Contract_Month-to-month, numerical__tenure, categorical__gender_Female."
6590,0.8843883,Critical Risk,70.85,Medium Value,High,"numerical__tenure, categorical__Contract_Month-to-month, categorical__gender_Female","categorical__gender_Male, categorical__Partner_Yes, categorical__MultipleLines_No","Launch a low-cost automated retention campaign or send a personalized retention offer. Prioritize addressing the key churn drivers identified: numerical__tenure, categorical__Contract_Month-to-month, categorical__gender_Female."
3551,0.88400406,Critical Risk,79.6,Medium Value,High,"numerical__tenure, categorical__Contract_Month-to-month, categorical__gender_Female","categorical__gender_Male, categorical__Partner_Yes, categorical__Dependents_No","Launch a low-cost automated retention campaign or send a personalized retention offer. Prioritize addressing the key churn drivers identified: numerical__tenure, categorical__Contract_Month-to-month, categorical__gender_Female."
3755,0.881543,Critical Risk,76.05,Medium Value,High,"categorical__Contract_Month-to-month, numerical__tenure, categorical__OnlineSecurity_No","categorical__Partner_Yes, categorical__StreamingMovies_Yes, categorical__DeviceProtection_Yes","Launch a low-cost automated retention campaign or send a personalized retention offer. Prioritize addressing the key churn drivers identified: categorical__Contract_Month-to-month, numerical__tenure, categorical__OnlineSecurity_No."
4746,0.877416,Critical Risk,76.5,Medium Value,High,"categorical__Contract_Month-to-month, numerical__tenure, categorical__OnlineSecurity_No","categorical__Partner_Yes, categorical__DeviceProtection_Yes, categorical__StreamingMovies_Yes","Launch a low-cost automated retention campaign or send a personalized retention offer. Prioritize addressing the key churn drivers identified: categorical__Contract_Month-to-month, numerical__tenure, categorical__OnlineSecurity_No."
2888,0.8762246,Critical Risk,71.0,Medium Value,High,"numerical__tenure, categorical__Contract_Month-to-month, categorical__gender_Female","categorical__gender_Male, categorical__Partner_Yes, categorical__MultipleLines_No","Launch a low-cost automated retention campaign or send a personalized retention offer. Prioritize addressing the key churn drivers identified: numerical__tenure, categorical__Contract_Month-to-month, categorical__gender_Female."
3324,0.8759275,Critical Risk,75.55,Medium Value,High,"numerical__tenure, categorical__Contract_Month-to-month, categorical__gender_Female","categorical__gender_Male, categorical__PaperlessBilling_Yes, categorical__Partner_Yes","Launch a low-cost automated retention campaign or send a personalized retention offer. Prioritize addressing the key churn drivers identified: numerical__tenure, categorical__Contract_Month-to-month, categorical__gender_Female."
5812,0.8721913,Critical Risk,71.0,Medium Value,High,"numerical__tenure, categorical__Contract_Month-to-month, categorical__OnlineSecurity_No","categorical__DeviceProtection_Yes, categorical__Partner_No, categorical__MultipleLines_No","Launch a low-cost automated retention campaign or send a personalized retention offer. Prioritize addressing the key churn drivers identified: numerical__tenure, categorical__Contract_Month-to-month, categorical__OnlineSecurity_No."
680,0.8629257,Critical Risk,80.0,Medium Value,High,"numerical__tenure, categorical__Contract_Month-to-month, categorical__InternetService_Fiber optic","categorical__PaperlessBilling_Yes, categorical__MultipleLines_No, categorical__DeviceProtection_Yes","Launch a low-cost automated retention campaign or send a personalized retention offer. Prioritize addressing the key churn drivers identified: numerical__tenure, categorical__Contract_Month-to-month, categorical__InternetService_Fiber optic."
5116,0.8595454,Critical Risk,70.4,Medium Value,High,"numerical__tenure, categorical__Contract_Month-to-month, categorical__InternetService_Fiber optic","categorical__PaperlessBilling_Yes, categorical__Partner_Yes, categorical__MultipleLines_No","Launch a low-cost automated retention campaign or send a personalized retention offer. Prioritize addressing the key churn drivers identified: numerical__tenure, categorical__Contract_Month-to-month, categorical__InternetService_Fiber optic."
6231,0.85881793,Critical Risk,76.4,Medium Value,High,"numerical__tenure, categorical__Contract_Month-to-month, categorical__gender_Female","categorical__gender_Male, categorical__PaymentMethod_Electronic check, categorical__MultipleLines_No","Launch a low-cost automated retention campaign or send a personalized retention offer. Prioritize addressing the key churn drivers identified: numerical__tenure, categorical__Contract_Month-to-month, categorical__gender_Female."
5627,0.85696715,Critical Risk,74.85,Medium Value,High,"categorical__Contract_Month-to-month, numerical__tenure, categorical__OnlineSecurity_No","categorical__DeviceProtection_Yes, categorical__Partner_No, numerical__MonthlyCharges","Launch a low-cost automated retention campaign or send a personalized retention offer. Prioritize addressing the key churn drivers identified: categorical__Contract_Month-to-month, numerical__tenure, categorical__OnlineSecurity_No."
5839,0.85696715,Critical Risk,75.4,Medium Value,High,"categorical__Contract_Month-to-month, numerical__tenure, categorical__OnlineSecurity_No","categorical__DeviceProtection_Yes, categorical__Partner_No, numerical__MonthlyCharges","Launch a low-cost automated retention campaign or send a personalized retention offer. Prioritize addressing the key churn drivers identified: categorical__Contract_Month-to-month, numerical__tenure, categorical__OnlineSecurity_No."
4946,0.8532129,Critical Risk,81.0,Medium Value,High,"categorical__Contract_Month-to-month, numerical__tenure, categorical__OnlineSecurity_No","categorical__Partner_Yes, categorical__MultipleLines_No, categorical__DeviceProtection_Yes","Launch a low-cost automated retention campaign or send a personalized retention offer. Prioritize addressing the key churn drivers identified: categorical__Contract_Month-to-month, numerical__tenure, categorical__OnlineSecurity_No."
4663,0.85255593,Critical Risk,74.9,Medium Value,High,"categorical__Contract_Month-to-month, numerical__tenure, categorical__gender_Female","categorical__gender_Male, categorical__Partner_Yes, categorical__StreamingMovies_Yes","Launch a low-cost automated retention campaign or send a personalized retention offer. Prioritize addressing the key churn drivers identified: categorical__Contract_Month-to-month, numerical__tenure, categorical__gender_Female."
6970,0.8520911,Critical Risk,74.35,Medium Value,High,"categorical__Contract_Month-to-month, numerical__tenure, categorical__OnlineSecurity_No","categorical__Partner_Yes, categorical__StreamingMovies_Yes, categorical__DeviceProtection_Yes","Launch a low-cost automated retention campaign or send a personalized retention offer. Prioritize addressing the key churn drivers identified: categorical__Contract_Month-to-month, numerical__tenure, categorical__OnlineSecurity_No."
5380,0.84708846,Critical Risk,80.25,Medium Value,High,"categorical__Contract_Month-to-month, numerical__tenure, categorical__OnlineSecurity_No","categorical__Partner_Yes, categorical__MultipleLines_No, categorical__DeviceProtection_Yes","Launch a low-cost automated retention campaign or send a personalized retention offer. Prioritize addressing the key churn drivers identified: categorical__Contract_Month-to-month, numerical__tenure, categorical__OnlineSecurity_No."
5724,0.8426106,Critical Risk,71.35,Medium Value,High,"numerical__tenure, categorical__Contract_Month-to-month, categorical__InternetService_Fiber optic","categorical__PaymentMethod_Electronic check, categorical__Partner_Yes, categorical__MultipleLines_No","Launch a low-cost automated retention campaign or send a personalized retention offer. Prioritize addressing the key churn drivers identified: numerical__tenure, categorical__Contract_Month-to-month, categorical__InternetService_Fiber optic."
139,0.8358995,Critical Risk,70.45,Medium Value,High,"numerical__tenure, categorical__Contract_Month-to-month, categorical__gender_Female","categorical__gender_Male, categorical__PaymentMethod_Electronic check, categorical__MultipleLines_No","Launch a low-cost automated retention campaign or send a personalized retention offer. Prioritize addressing the key churn drivers identified: numerical__tenure, categorical__Contract_Month-to-month, categorical__gender_Female."
2262,0.8355724,Critical Risk,80.2,Medium Value,High,"categorical__Contract_Month-to-month, numerical__tenure, categorical__gender_Female","categorical__gender_Male, categorical__Partner_Yes, categorical__MultipleLines_No","Launch a low-cost automated retention campaign or send a personalized retention offer. Prioritize addressing the key churn drivers identified: categorical__Contract_Month-to-month, numerical__tenure, categorical__gender_Female."
3383,0.8330623,Critical Risk,75.5,Medium Value,High,"categorical__Contract_Month-to-month, numerical__tenure, categorical__OnlineSecurity_No","categorical__DeviceProtection_Yes, categorical__Partner_No, categorical__StreamingMovies_Yes","Launch a low-cost automated retention campaign or send a personalized retention offer. Prioritize addressing the key churn drivers identified: categorical__Contract_Month-to-month, numerical__tenure, categorical__OnlineSecurity_No."
3725,0.8320214,Critical Risk,70.8,Medium Value,High,"numerical__tenure, categorical__Contract_Month-to-month, categorical__gender_Female","categorical__gender_Male, categorical__PaymentMethod_Electronic check, categorical__Partner_Yes","Launch a low-cost automated retention campaign or send a personalized retention offer. Prioritize addressing the key churn drivers identified: numerical__tenure, categorical__Contract_Month-to-month, categorical__gender_Female."
922,0.8276283,Critical Risk,75.4,Medium Value,High,"categorical__Contract_Month-to-month, categorical__InternetService_Fiber optic, categorical__OnlineSecurity_No","categorical__DeviceProtection_Yes, categorical__Partner_No, categorical__StreamingMovies_Yes","Launch a low-cost automated retention campaign or send a personalized retention offer. Prioritize addressing the key churn drivers identified: categorical__Contract_Month-to-month, categorical__InternetService_Fiber optic, categorical__OnlineSecurity_No."
5522,0.82219136,Critical Risk,70.15,Medium Value,High,"numerical__tenure, categorical__Contract_Month-to-month, categorical__gender_Female","categorical__gender_Male, categorical__PaymentMethod_Electronic check, categorical__Partner_Yes","Launch a low-cost automated retention campaign or send a personalized retention offer. Prioritize addressing the key churn drivers identified: numerical__tenure, categorical__Contract_Month-to-month, categorical__gender_Female."
3843,0.82202846,Critical Risk,70.85,Medium Value,High,"numerical__tenure, categorical__Contract_Month-to-month, categorical__InternetService_Fiber optic","categorical__PaperlessBilling_Yes, categorical__PaymentMethod_Electronic check, categorical__MultipleLines_No","Launch a low-cost automated retention campaign or send a personalized retention offer. Prioritize addressing the key churn drivers identified: numerical__tenure, categorical__Contract_Month-to-month, categorical__InternetService_Fiber optic."
1428,0.82158893,Critical Risk,50.45,Medium Value,High,"numerical__tenure, categorical__Contract_Month-to-month, categorical__OnlineSecurity_No","categorical__InternetService_Fiber optic, categorical__Partner_Yes, numerical__MonthlyCharges","Launch a low-cost automated retention campaign or send a personalized retention offer. Prioritize addressing the key churn drivers identified: numerical__tenure, categorical__Contract_Month-to-month, categorical__OnlineSecurity_No."
3731,0.82140607,Critical Risk,69.8,Medium Value,High,"categorical__Contract_Month-to-month, numerical__tenure, categorical__OnlineSecurity_No","numerical__MonthlyCharges, categorical__Partner_Yes, categorical__MultipleLines_No","Launch a low-cost automated retention campaign or send a personalized retention offer. Prioritize addressing the key churn drivers identified: categorical__Contract_Month-to-month, numerical__tenure, categorical__OnlineSecurity_No."
3845,0.821116,Critical Risk,73.9,Medium Value,High,"categorical__Contract_Month-to-month, numerical__tenure, categorical__OnlineSecurity_No","categorical__Partner_Yes, categorical__MultipleLines_No, numerical__MonthlyCharges","Launch a low-cost automated retention campaign or send a personalized retention offer. Prioritize addressing the key churn drivers identified: categorical__Contract_Month-to-month, numerical__tenure, categorical__OnlineSecurity_No."
2527,0.81778157,Critical Risk,83.3,Medium Value,High,"categorical__Contract_Month-to-month, categorical__gender_Female, categorical__InternetService_Fiber optic","categorical__gender_Male, categorical__Partner_Yes, categorical__StreamingTV_Yes","Launch a low-cost automated retention campaign or send a personalized retention offer. Prioritize addressing the key churn drivers identified: categorical__Contract_Month-to-month, categorical__gender_Female, categorical__InternetService_Fiber optic."
5610,0.8150158,Critical Risk,75.5,Medium Value,High,"categorical__Contract_Month-to-month, categorical__gender_Female, numerical__tenure","categorical__gender_Male, categorical__Partner_Yes, numerical__MonthlyCharges","Launch a low-cost automated retention campaign or send a personalized retention offer. Prioritize addressing the key churn drivers identified: categorical__Contract_Month-to-month, categorical__gender_Female, numerical__tenure."
1206,0.81178606,Critical Risk,70.15,Medium Value,High,"categorical__Contract_Month-to-month, categorical__gender_Female, numerical__tenure","categorical__gender_Male, categorical__Partner_Yes, numerical__MonthlyCharges","Launch a low-cost automated retention campaign or send a personalized retention offer. Prioritize addressing the key churn drivers identified: categorical__Contract_Month-to-month, categorical__gender_Female, numerical__tenure."
4482,0.8081562,Critical Risk,74.9,Medium Value,High,"categorical__Contract_Month-to-month, categorical__gender_Female, numerical__tenure","categorical__gender_Male, categorical__Partner_Yes, numerical__MonthlyCharges","Launch a low-cost automated retention campaign or send a personalized retention offer. Prioritize addressing the key churn drivers identified: categorical__Contract_Month-to-month, categorical__gender_Female, numerical__tenure."
3876,0.7994929,High Risk,100.65,High Value,High,"categorical__Contract_Month-to-month, categorical__InternetService_Fiber optic, categorical__OnlineSecurity_No","numerical__tenure, categorical__Partner_Yes, categorical__OnlineBackup_No","Proactive customer success outreach with a personalized retention offer and dedicated assistance. Prioritize addressing the key churn drivers identified: categorical__Contract_Month-to-month, categorical__InternetService_Fiber optic, categorical__OnlineSecurity_No."
1556,0.79281986,High Risk,91.7,High Value,High,"numerical__tenure, categorical__Contract_Month-to-month, categorical__gender_Female","categorical__PaperlessBilling_Yes, categorical__gender_Male, categorical__TechSupport_No","Proactive customer success outreach with a personalized retention offer and dedicated assistance. Prioritize addressing the key churn drivers identified: numerical__tenure, categorical__Contract_Month-to-month, categorical__gender_Female."
6009,0.7898931,High Risk,103.85,High Value,High,"categorical__Contract_Month-to-month, categorical__InternetService_Fiber optic, categorical__MultipleLines_No","numerical__tenure, numerical__TotalCharges, categorical__OnlineBackup_No","Proactive customer success outreach with a personalized retention offer and dedicated assistance. Prioritize addressing the key churn drivers identified: categorical__Contract_Month-to-month, categorical__InternetService_Fiber optic, categorical__MultipleLines_No."
2908,0.787895,High Risk,99.4,High Value,High,"numerical__MonthlyCharges, categorical__Contract_Month-to-month, categorical__InternetService_Fiber optic","categorical__OnlineSecurity_No, numerical__tenure, categorical__DeviceProtection_Yes","Proactive customer success outreach with a personalized retention offer and dedicated assistance. Prioritize addressing the key churn drivers identified: numerical__MonthlyCharges, categorical__Contract_Month-to-month, categorical__InternetService_Fiber optic."
3782,0.7847931,High Risk,84.05,High Value,High,"categorical__Contract_Month-to-month, categorical__gender_Female, categorical__InternetService_Fiber optic","categorical__gender_Male, categorical__Partner_Yes, categorical__Dependents_No","Proactive customer success outreach with a personalized retention offer and dedicated assistance. Prioritize addressing the key churn drivers identified: categorical__Contract_Month-to-month, categorical__gender_Female, categorical__InternetService_Fiber optic."
1568,0.7819331,High Risk,111.4,High Value,High,"categorical__Contract_Month-to-month, numerical__tenure, numerical__MonthlyCharges","categorical__TechSupport_No, categorical__OnlineBackup_No, categorical__Partner_Yes","Proactive customer success outreach with a personalized retention offer and dedicated assistance. Prioritize addressing the key churn drivers identified: categorical__Contract_Month-to-month, numerical__tenure, numerical__MonthlyCharges."
5831,0.78160983,High Risk,90.8,High Value,High,"categorical__Contract_Month-to-month, categorical__InternetService_Fiber optic, categorical__gender_Female","categorical__gender_Male, categorical__PaymentMethod_Electronic check, categorical__MultipleLines_No","Proactive customer success outreach with a personalized retention offer and dedicated assistance. Prioritize addressing the key churn drivers identified: categorical__Contract_Month-to-month, categorical__InternetService_Fiber optic, categorical__gender_Female."
6991,0.7805835,High Risk,95.65,High Value,High,"categorical__Contract_Month-to-month, categorical__InternetService_Fiber optic, categorical__gender_Female","categorical__gender_Male, categorical__PaperlessBilling_Yes, categorical__PaymentMethod_Electronic check","Proactive customer success outreach with a personalized retention offer and dedicated assistance. Prioritize addressing the key churn drivers identified: categorical__Contract_Month-to-month, categorical__InternetService_Fiber optic, categorical__gender_Female."
2085,0.7789856,High Risk,93.2,High Value,High,"categorical__Contract_Month-to-month, categorical__gender_Female, categorical__InternetService_Fiber optic","numerical__tenure, categorical__gender_Male, categorical__Partner_No","Proactive customer success outreach with a personalized retention offer and dedicated assistance. Prioritize addressing the key churn drivers identified: categorical__Contract_Month-to-month, categorical__gender_Female, categorical__InternetService_Fiber optic."
4624,0.77562976,High Risk,94.7,High Value,High,"categorical__Contract_Month-to-month, categorical__InternetService_Fiber optic, categorical__OnlineSecurity_No","categorical__MultipleLines_No, categorical__Partner_Yes, categorical__DeviceProtection_No","Proactive customer success outreach with a personalized retention offer and dedicated assistance. Prioritize addressing the key churn drivers identified: categorical__Contract_Month-to-month, categorical__InternetService_Fiber optic, categorical__OnlineSecurity_No."
6681,0.7736975,High Risk,91.05,High Value,High,"categorical__Contract_Month-to-month, numerical__tenure, categorical__OnlineSecurity_No","categorical__PaperlessBilling_Yes, categorical__Partner_Yes, categorical__StreamingMovies_Yes","Proactive customer success outreach with a personalized retention offer and dedicated assistance. Prioritize addressing the key churn drivers identified: categorical__Contract_Month-to-month, numerical__tenure, categorical__OnlineSecurity_No."
4264,0.7680248,High Risk,104.45,High Value,High,"categorical__Contract_Month-to-month, categorical__gender_Female, categorical__InternetService_Fiber optic","numerical__tenure, categorical__gender_Male, categorical__Partner_Yes","Proactive customer success outreach with a personalized retention offer and dedicated assistance. Prioritize addressing the key churn drivers identified: categorical__Contract_Month-to-month, categorical__gender_Female, categorical__InternetService_Fiber optic."
6033,0.76799697,High Risk,88.95,High Value,High,"categorical__Contract_Month-to-month, categorical__InternetService_Fiber optic, categorical__OnlineSecurity_No","numerical__tenure, categorical__Partner_Yes, categorical__StreamingMovies_Yes","Proactive customer success outreach with a personalized retention offer and dedicated assistance. Prioritize addressing the key churn drivers identified: categorical__Contract_Month-to-month, categorical__InternetService_Fiber optic, categorical__OnlineSecurity_No."
3663,0.7663868,High Risk,88.4,High Value,High,"categorical__Contract_Month-to-month, categorical__InternetService_Fiber optic, categorical__gender_Female","categorical__gender_Male, categorical__PaymentMethod_Electronic check, categorical__MultipleLines_No","Proactive customer success outreach with a personalized retention offer and dedicated assistance. Prioritize addressing the key churn drivers identified: categorical__Contract_Month-to-month, categorical__InternetService_Fiber optic, categorical__gender_Female."
6342,0.75883,High Risk,104.1,High Value,High,"categorical__Contract_Month-to-month, categorical__InternetService_Fiber optic, categorical__PaymentMethod_Electronic check","numerical__tenure, numerical__TotalCharges, categorical__OnlineBackup_No","Proactive customer success outreach with a personalized retention offer and dedicated assistance. Prioritize addressing the key churn drivers identified: categorical__Contract_Month-to-month, categorical__InternetService_Fiber optic, categorical__PaymentMethod_Electronic check."
6967,0.75788194,High Risk,89.5,High Value,High,"categorical__Contract_Month-to-month, categorical__InternetService_Fiber optic, categorical__OnlineSecurity_No","numerical__tenure, categorical__Partner_Yes, categorical__StreamingMovies_Yes","Proactive customer success outreach with a personalized retention offer and dedicated assistance. Prioritize addressing the key churn drivers identified: categorical__Contract_Month-to-month, categorical__InternetService_Fiber optic, categorical__OnlineSecurity_No."
4165,0.74944335,High Risk,87.95,High Value,High,"numerical__tenure, categorical__Contract_Month-to-month, categorical__InternetService_Fiber optic","categorical__TechSupport_No, categorical__Partner_Yes, categorical__PaymentMethod_Electronic check","Proactive customer success outreach with a personalized retention offer and dedicated assistance. Prioritize addressing the key churn drivers identified: numerical__tenure, categorical__Contract_Month-to-month, categorical__InternetService_Fiber optic."
6550,0.74632806,High Risk,106.1,High Value,High,"numerical__MonthlyCharges, categorical__Contract_Month-to-month, categorical__InternetService_Fiber optic","categorical__TechSupport_No, numerical__tenure, categorical__Partner_No","Proactive customer success outreach with a personalized retention offer and dedicated assistance. Prioritize addressing the key churn drivers identified: numerical__MonthlyCharges, categorical__Contract_Month-to-month, categorical__InternetService_Fiber optic."
2008,0.7374805,High Risk,87.1,High Value,High,"numerical__tenure, categorical__Contract_Month-to-month, categorical__gender_Female","categorical__TechSupport_No, categorical__gender_Male, categorical__Partner_Yes","Proactive customer success outreach with a personalized retention offer and dedicated assistance. Prioritize addressing the key churn drivers identified: numerical__tenure, categorical__Contract_Month-to-month, categorical__gender_Female."
3050,0.73402536,High Risk,85.4,High Value,High,"numerical__tenure, categorical__Contract_Month-to-month, categorical__gender_Female","categorical__gender_Male, categorical__TechSupport_No, categorical__MultipleLines_No","Proactive customer success outreach with a personalized retention offer and dedicated assistance. Prioritize addressing the key churn drivers identified: numerical__tenure, categorical__Contract_Month-to-month, categorical__gender_Female."
5128,0.7332506,High Risk,99.7,High Value,High,"categorical__Contract_Month-to-month, numerical__MonthlyCharges, categorical__gender_Female","numerical__tenure, categorical__gender_Male, categorical__PaperlessBilling_Yes","Proactive customer success outreach with a personalized retention offer and dedicated assistance. Prioritize addressing the key churn drivers identified: categorical__Contract_Month-to-month, numerical__MonthlyCharges, categorical__gender_Female."
4169,0.7322251,High Risk,101.25,High Value,High,"categorical__Contract_Month-to-month, categorical__gender_Female, categorical__InternetService_Fiber optic","categorical__gender_Male, categorical__MultipleLines_No, categorical__Partner_Yes","Proactive customer success outreach with a personalized retention offer and dedicated assistance. Prioritize addressing the key churn drivers identified: categorical__Contract_Month-to-month, categorical__gender_Female, categorical__InternetService_Fiber optic."
3438,0.73096305,High Risk,94.7,High Value,High,"categorical__Contract_Month-to-month, categorical__InternetService_Fiber optic, categorical__PaymentMethod_Electronic check","numerical__tenure, numerical__MonthlyCharges, categorical__Partner_No","Proactive customer success outreach with a personalized retention offer and dedicated assistance. Prioritize addressing the key churn drivers identified: categorical__Contract_Month-to-month, categorical__InternetService_Fiber optic, categorical__PaymentMethod_Electronic check."
5857,0.7259078,High Risk,88.25,High Value,High,"categorical__Contract_Month-to-month, categorical__gender_Female, categorical__InternetService_Fiber optic","categorical__PaperlessBilling_Yes, categorical__gender_Male, categorical__StreamingMovies_Yes","Proactive customer success outreach with a personalized retention offer and dedicated assistance. Prioritize addressing the key churn drivers identified: categorical__Contract_Month-to-month, categorical__gender_Female, categorical__InternetService_Fiber optic."
6557,0.7235584,High Risk,100.0,High Value,High,"categorical__Contract_Month-to-month, categorical__gender_Female, categorical__InternetService_Fiber optic","numerical__tenure, categorical__gender_Male, categorical__Partner_Yes","Proactive customer success outreach with a personalized retention offer and dedicated assistance. Prioritize addressing the key churn drivers identified: categorical__Contract_Month-to-month, categorical__gender_Female, categorical__InternetService_Fiber optic."
2474,0.7154716,High Risk,106.35,High Value,High,"categorical__Contract_Month-to-month, numerical__MonthlyCharges, categorical__gender_Female","numerical__tenure, categorical__gender_Male, numerical__TotalCharges","Proactive customer success outreach with a personalized retention offer and dedicated assistance. Prioritize addressing the key churn drivers identified: categorical__Contract_Month-to-month, numerical__MonthlyCharges, categorical__gender_Female."
6524,0.7150972,High Risk,95.2,High Value,High,"categorical__Contract_Month-to-month, categorical__InternetService_Fiber optic, categorical__OnlineSecurity_No","categorical__PaperlessBilling_Yes, categorical__Partner_Yes, categorical__Dependents_No","Proactive customer success outreach with a personalized retention offer and dedicated assistance. Prioritize addressing the key churn drivers identified: categorical__Contract_Month-to-month, categorical__InternetService_Fiber optic, categorical__OnlineSecurity_No."
5704,0.7135872,High Risk,86.85,High Value,High,"categorical__Contract_Month-to-month, categorical__gender_Female, categorical__InternetService_Fiber optic","categorical__gender_Male, numerical__tenure, categorical__DeviceProtection_Yes","Proactive customer success outreach with a personalized retention offer and dedicated assistance. Prioritize addressing the key churn drivers identified: categorical__Contract_Month-to-month, categorical__gender_Female, categorical__InternetService_Fiber optic."
4413,0.698848,High Risk,89.15,High Value,High,"categorical__Contract_Month-to-month, categorical__gender_Female, categorical__InternetService_Fiber optic","categorical__gender_Male, categorical__MultipleLines_No, categorical__Partner_Yes","Proactive customer success outreach with a personalized retention offer and dedicated assistance. Prioritize addressing the key churn drivers identified: categorical__Contract_Month-to-month, categorical__gender_Female, categorical__InternetService_Fiber optic."
1751,0.69424844,High Risk,89.95,High Value,High,"categorical__Contract_Month-to-month, categorical__InternetService_Fiber optic, categorical__OnlineSecurity_No","categorical__TechSupport_No, categorical__Partner_Yes, categorical__StreamingMovies_Yes","Proactive customer success outreach with a personalized retention offer and dedicated assistance. Prioritize addressing the key churn drivers identified: categorical__Contract_Month-to-month, categorical__InternetService_Fiber optic, categorical__OnlineSecurity_No."
3783,0.6797307,High Risk,105.2,High Value,High,"categorical__Contract_Month-to-month, categorical__gender_Female, categorical__InternetService_Fiber optic","numerical__tenure, categorical__gender_Male, categorical__OnlineBackup_No","Proactive customer success outreach with a personalized retention offer and dedicated assistance. Prioritize addressing the key churn drivers identified: categorical__Contract_Month-to-month, categorical__gender_Female, categorical__InternetService_Fiber optic."
524,0.67599946,High Risk,100.05,High Value,High,"categorical__Contract_Month-to-month, numerical__MonthlyCharges, categorical__InternetService_Fiber optic","numerical__tenure, numerical__TotalCharges, categorical__Partner_No","Proactive customer success outreach with a personalized retention offer and dedicated assistance. Prioritize addressing the key churn drivers identified: categorical__Contract_Month-to-month, numerical__MonthlyCharges, categorical__InternetService_Fiber optic."
3975,0.67554116,High Risk,85.8,High Value,High,"categorical__Contract_Month-to-month, categorical__gender_Female, categorical__InternetService_Fiber optic","categorical__PaymentMethod_Electronic check, categorical__gender_Male, numerical__tenure","Proactive customer success outreach with a personalized retention offer and dedicated assistance. Prioritize addressing the key churn drivers identified: categorical__Contract_Month-to-month, categorical__gender_Female, categorical__InternetService_Fiber optic."
1719,0.6738655,High Risk,107.95,High Value,High,"categorical__Contract_Month-to-month, numerical__tenure, numerical__MonthlyCharges","categorical__TechSupport_No, categorical__Partner_Yes, categorical__MultipleLines_No","Proactive customer success outreach with a personalized retention offer and dedicated assistance. Prioritize addressing the key churn drivers identified: categorical__Contract_Month-to-month, numerical__tenure, numerical__MonthlyCharges."
1602,0.6687834,High Risk,90.25,High Value,High,"categorical__Contract_Month-to-month, categorical__InternetService_Fiber optic, categorical__PaymentMethod_Electronic check","numerical__tenure, categorical__MultipleLines_No, categorical__Partner_Yes","Proactive customer success outreach with a personalized retention offer and dedicated assistance. Prioritize addressing the key churn drivers identified: categorical__Contract_Month-to-month, categorical__InternetService_Fiber optic, categorical__PaymentMethod_Electronic check."
5439,0.66752607,High Risk,96.15,High Value,High,"categorical__Contract_Month-to-month, numerical__MonthlyCharges, categorical__InternetService_Fiber optic","numerical__tenure, categorical__PaymentMethod_Electronic check, categorical__Partner_Yes","Proactive customer success outreach with a personalized retention offer and dedicated assistance. Prioritize addressing the key churn drivers identified: categorical__Contract_Month-to-month, numerical__MonthlyCharges, categorical__InternetService_Fiber optic."
3640,0.6661412,High Risk,95.9,High Value,High,"categorical__Contract_Month-to-month, categorical__InternetService_Fiber optic, categorical__PaymentMethod_Electronic check","numerical__tenure, categorical__StreamingTV_Yes, categorical__Partner_No","Proactive customer success outreach with a personalized retention offer and dedicated assistance. Prioritize addressing the key churn drivers identified: categorical__Contract_Month-to-month, categorical__InternetService_Fiber optic, categorical__PaymentMethod_Electronic check."
1245,0.66248137,High Risk,90.45,High Value,High,"categorical__Contract_Month-to-month, categorical__InternetService_Fiber optic, categorical__OnlineSecurity_No","numerical__tenure, categorical__MultipleLines_No, categorical__Partner_No","Proactive customer success outreach with a personalized retention offer and dedicated assistance. Prioritize addressing the key churn drivers identified: categorical__Contract_Month-to-month, categorical__InternetService_Fiber optic, categorical__OnlineSecurity_No."
6211,0.65609926,High Risk,85.75,High Value,High,"categorical__Contract_Month-to-month, numerical__tenure, categorical__gender_Female","categorical__TechSupport_No, categorical__gender_Male, categorical__DeviceProtection_Yes","Proactive customer success outreach with a personalized retention offer and dedicated assistance. Prioritize addressing the key churn drivers identified: categorical__Contract_Month-to-month, numerical__tenure, categorical__gender_Female."
5413,0.65366393,High Risk,94.0,High Value,High,"categorical__Contract_Month-to-month, categorical__gender_Female, categorical__InternetService_Fiber optic","categorical__gender_Male, categorical__PaymentMethod_Electronic check, categorical__MultipleLines_No","Proactive customer success outreach with a personalized retention offer and dedicated assistance. Prioritize addressing the key churn drivers identified: categorical__Contract_Month-to-month, categorical__gender_Female, categorical__InternetService_Fiber optic."
2214,0.65228677,High Risk,86.3,High Value,High,"categorical__Contract_Month-to-month, categorical__gender_Female, categorical__InternetService_Fiber optic","categorical__gender_Male, categorical__MultipleLines_No, categorical__Partner_Yes","Proactive customer success outreach with a personalized retention offer and dedicated assistance. Prioritize addressing the key churn drivers identified: categorical__Contract_Month-to-month, categorical__gender_Female, categorical__InternetService_Fiber optic."
4286,0.6447346,High Risk,88.05,High Value,High,"categorical__Contract_Month-to-month, categorical__InternetService_Fiber optic, categorical__MultipleLines_No","categorical__OnlineSecurity_No, categorical__StreamingTV_Yes, categorical__DeviceProtection_Yes","Proactive customer success outreach with a personalized retention offer and dedicated assistance. Prioritize addressing the key churn drivers identified: categorical__Contract_Month-to-month, categorical__InternetService_Fiber optic, categorical__MultipleLines_No."
1645,0.64459723,High Risk,84.65,High Value,High,"categorical__Contract_Month-to-month, categorical__gender_Female, categorical__InternetService_Fiber optic","numerical__tenure, numerical__TotalCharges, categorical__gender_Male","Proactive customer success outreach with a personalized retention offer and dedicated assistance. Prioritize addressing the key churn drivers identified: categorical__Contract_Month-to-month, categorical__gender_Female, categorical__InternetService_Fiber optic."
445,0.6438351,High Risk,105.9,High Value,High,"numerical__MonthlyCharges, categorical__Contract_Month-to-month, categorical__gender_Female","numerical__tenure, categorical__gender_Male, categorical__Partner_Yes","Proactive customer success outreach with a personalized retention offer and dedicated assistance. Prioritize addressing the key churn drivers identified: numerical__MonthlyCharges, categorical__Contract_Month-to-month, categorical__gender_Female."
1618,0.6429766,High Risk,94.75,High Value,High,"categorical__Contract_Month-to-month, categorical__gender_Female, categorical__InternetService_Fiber optic","numerical__tenure, categorical__gender_Male, categorical__MultipleLines_No","Proactive customer success outreach with a personalized retention offer and dedicated assistance. Prioritize addressing the key churn drivers identified: categorical__Contract_Month-to-month, categorical__gender_Female, categorical__InternetService_Fiber optic."
38,0.6362746,High Risk,106.35,High Value,High,"categorical__Contract_Month-to-month, numerical__MonthlyCharges, categorical__InternetService_Fiber optic","numerical__tenure, numerical__TotalCharges, categorical__Partner_Yes","Proactive customer success outreach with a personalized retention offer and dedicated assistance. Prioritize addressing the key churn drivers identified: categorical__Contract_Month-to-month, numerical__MonthlyCharges, categorical__InternetService_Fiber optic."
302,0.62747777,High Risk,90.4,High Value,High,"numerical__tenure, categorical__Contract_Month-to-month, categorical__OnlineSecurity_No","categorical__TechSupport_No, categorical__MultipleLines_No, categorical__Partner_Yes","Proactive customer success outreach with a personalized retention offer and dedicated assistance. Prioritize addressing the key churn drivers identified: numerical__tenure, categorical__Contract_Month-to-month, categorical__OnlineSecurity_No."
4181,0.627023,High Risk,101.35,High Value,High,"categorical__Contract_Month-to-month, categorical__PaymentMethod_Electronic check, categorical__gender_Female","numerical__tenure, categorical__gender_Male, numerical__TotalCharges","Proactive customer success outreach with a personalized retention offer and dedicated assistance. Prioritize addressing the key churn drivers identified: categorical__Contract_Month-to-month, categorical__PaymentMethod_Electronic check, categorical__gender_Female."
882,0.6262602,High Risk,83.9,High Value,High,"categorical__Contract_Month-to-month, categorical__gender_Female, numerical__tenure","categorical__PaperlessBilling_Yes, categorical__gender_Male, categorical__MultipleLines_No","Proactive customer success outreach with a personalized retention offer and dedicated assistance. Prioritize addressing the key churn drivers identified: categorical__Contract_Month-to-month, categorical__gender_Female, numerical__tenure."
4182,0.6238358,High Risk,98.65,High Value,High,"categorical__Contract_Month-to-month, numerical__MonthlyCharges, categorical__gender_Female","numerical__tenure, categorical__TechSupport_No, categorical__PaperlessBilling_Yes","Proactive customer success outreach with a personalized retention offer and dedicated assistance. Prioritize addressing the key churn drivers identified: categorical__Contract_Month-to-month, numerical__MonthlyCharges, categorical__gender_Female."
1389,0.6206101,High Risk,94.25,High Value,High,"categorical__Contract_Month-to-month, categorical__gender_Female, categorical__InternetService_Fiber optic","numerical__tenure, categorical__gender_Male, categorical__StreamingTV_Yes","Proactive customer success outreach with a personalized retention offer and dedicated assistance. Prioritize addressing the key churn drivers identified: categorical__Contract_Month-to-month, categorical__gender_Female, categorical__InternetService_Fiber optic."
1702,0.6205381,High Risk,104.4,High Value,High,"categorical__Contract_Month-to-month, categorical__gender_Female, categorical__InternetService_Fiber optic","categorical__OnlineSecurity_No, categorical__gender_Male, categorical__PaymentMethod_Electronic check","Proactive customer success outreach with a personalized retention offer and dedicated assistance. Prioritize addressing the key churn drivers identified: categorical__Contract_Month-to-month, categorical__gender_Female, categorical__InternetService_Fiber optic."
1821,0.61711055,High Risk,85.3,High Value,High,"categorical__Contract_Month-to-month, categorical__InternetService_Fiber optic, categorical__PaymentMethod_Electronic check","numerical__tenure, categorical__PaperlessBilling_Yes, categorical__StreamingTV_Yes","Proactive customer success outreach with a personalized retention offer and dedicated assistance. Prioritize addressing the key churn drivers identified: categorical__Contract_Month-to-month, categorical__InternetService_Fiber optic, categorical__PaymentMethod_Electronic check."
6889,0.6146473,High Risk,89.85,High Value,High,"categorical__Contract_Month-to-month, numerical__tenure, categorical__InternetService_Fiber optic","categorical__TechSupport_No, categorical__Partner_Yes, categorical__PaymentMethod_Electronic check","Proactive customer success outreach with a personalized retention offer and dedicated assistance. Prioritize addressing the key churn drivers identified: categorical__Contract_Month-to-month, numerical__tenure, categorical__InternetService_Fiber optic."
4188,0.61343455,High Risk,103.3,High Value,High,"categorical__Contract_Month-to-month, categorical__gender_Female, categorical__InternetService_Fiber optic","numerical__tenure, categorical__TechSupport_No, categorical__gender_Male","Proactive customer success outreach with a personalized retention offer and dedicated assistance. Prioritize addressing the key churn drivers identified: categorical__Contract_Month-to-month, categorical__gender_Female, categorical__InternetService_Fiber optic."
6452,0.6116149,High Risk,87.75,High Value,High,"categorical__Contract_Month-to-month, categorical__InternetService_Fiber optic, categorical__Partner_No","categorical__OnlineSecurity_No, categorical__PaymentMethod_Electronic check, categorical__Partner_Yes","Proactive customer success outreach with a personalized retention offer and dedicated assistance. Prioritize addressing the key churn drivers identified: categorical__Contract_Month-to-month, categorical__InternetService_Fiber optic, categorical__Partner_No."
2263,0.61098444,High Risk,98.15,High Value,High,"numerical__MonthlyCharges, numerical__tenure, categorical__gender_Female","categorical__OnlineSecurity_No, categorical__gender_Male, categorical__Partner_Yes","Proactive customer success outreach with a personalized retention offer and dedicated assistance. Prioritize addressing the key churn drivers identified: numerical__MonthlyCharges, numerical__tenure, categorical__gender_Female."
5330,0.6102292,High Risk,92.5,High Value,High,"categorical__Contract_Month-to-month, categorical__InternetService_Fiber optic, numerical__tenure","categorical__TechSupport_No, categorical__MultipleLines_No, categorical__PaymentMethod_Electronic check","Proactive customer success outreach with a personalized retention offer and dedicated assistance. Prioritize addressing the key churn drivers identified: categorical__Contract_Month-to-month, categorical__InternetService_Fiber optic, numerical__tenure."
4673,0.6093025,High Risk,102.8,High Value,High,"categorical__gender_Female, categorical__Contract_Month-to-month, categorical__InternetService_Fiber optic","categorical__OnlineSecurity_No, categorical__gender_Male, categorical__PaymentMethod_Electronic check","Proactive customer success outreach with a personalized retention offer and dedicated assistance. Prioritize addressing the key churn drivers identified: categorical__gender_Female, categorical__Contract_Month-to-month, categorical__InternetService_Fiber optic."
3978,0.6085286,High Risk,90.7,High Value,High,"categorical__Contract_Month-to-month, numerical__tenure, categorical__InternetService_Fiber optic","categorical__PaperlessBilling_Yes, categorical__PaymentMethod_Electronic check, categorical__MultipleLines_No","Proactive customer success outreach with a personalized retention offer and dedicated assistance. Prioritize addressing the key churn drivers identified: categorical__Contract_Month-to-month, numerical__tenure, categorical__InternetService_Fiber optic."
3918,0.601994,High Risk,90.2,High Value,High,"categorical__Contract_Month-to-month, categorical__InternetService_Fiber optic, categorical__PaymentMethod_Electronic check","numerical__tenure, categorical__MultipleLines_No, categorical__DeviceProtection_Yes","Proactive customer success outreach with a personalized retention offer and dedicated assistance. Prioritize addressing the key churn drivers identified: categorical__Contract_Month-to-month, categorical__InternetService_Fiber optic, categorical__PaymentMethod_Electronic check."
7023,0.60055244,High Risk,103.5,High Value,High,"categorical__Contract_Month-to-month, categorical__gender_Female, categorical__InternetService_Fiber optic","numerical__tenure, categorical__gender_Male, categorical__OnlineBackup_No","Proactive customer success outreach with a personalized retention offer and dedicated assistance. Prioritize addressing the key churn drivers identified: categorical__Contract_Month-to-month, categorical__gender_Female, categorical__InternetService_Fiber optic."
2152,0.79662895,High Risk,50.1,Medium Value,Medium,"numerical__tenure, categorical__Contract_Month-to-month, categorical__gender_Female","categorical__gender_Male, categorical__InternetService_Fiber optic, numerical__MonthlyCharges","Launch a targeted email/SMS campaign with relevant service incentives or promotional benefits. Prioritize addressing the key churn drivers identified: numerical__tenure, categorical__Contract_Month-to-month, categorical__gender_Female."
36,0.7936625,High Risk,69.7,Medium Value,Medium,"categorical__Contract_Month-to-month, numerical__tenure, categorical__OnlineSecurity_No","categorical__Partner_Yes, categorical__MultipleLines_No, numerical__MonthlyCharges","Launch a targeted email/SMS campaign with relevant service incentives or promotional benefits. Prioritize addressing the key churn drivers identified: categorical__Contract_Month-to-month, numerical__tenure, categorical__OnlineSecurity_No."
53,0.79251325,High Risk,80.65,Medium Value,Medium,"categorical__Contract_Month-to-month, categorical__gender_Female, categorical__InternetService_Fiber optic","categorical__gender_Male, categorical__PaymentMethod_Electronic check, categorical__DeviceProtection_Yes","Launch a targeted email/SMS campaign with relevant service incentives or promotional benefits. Prioritize addressing the key churn drivers identified: categorical__Contract_Month-to-month, categorical__gender_Female, categorical__InternetService_Fiber optic."
4322,0.79136145,High Risk,70.15,Medium Value,Medium,"categorical__Contract_Month-to-month, numerical__tenure, categorical__gender_Female","categorical__gender_Male, categorical__Partner_Yes, numerical__MonthlyCharges","Launch a targeted email/SMS campaign with relevant service incentives or promotional benefits. Prioritize addressing the key churn drivers identified: categorical__Contract_Month-to-month, numerical__tenure, categorical__gender_Female."
3987,0.79064506,High Risk,76.5,Medium Value,Medium,"categorical__Contract_Month-to-month, categorical__gender_Female, categorical__InternetService_Fiber optic","categorical__gender_Male, categorical__Partner_Yes, categorical__StreamingTV_Yes","Launch a targeted email/SMS campaign with relevant service incentives or promotional benefits. Prioritize addressing the key churn drivers identified: categorical__Contract_Month-to-month, categorical__gender_Female, categorical__InternetService_Fiber optic."
2353,0.78488046,High Risk,80.35,Medium Value,Medium,"categorical__Contract_Month-to-month, numerical__tenure, categorical__OnlineSecurity_No","categorical__MultipleLines_No, categorical__Partner_Yes, categorical__DeviceProtection_Yes","Launch a targeted email/SMS campaign with relevant service incentives or promotional benefits. Prioritize addressing the key churn drivers identified: categorical__Contract_Month-to-month, numerical__tenure, categorical__OnlineSecurity_No."
3795,0.7811133,High Risk,81.45,Medium Value,Medium,"categorical__Contract_Month-to-month, categorical__InternetService_Fiber optic, categorical__OnlineSecurity_No","categorical__MultipleLines_No, categorical__Partner_Yes, categorical__DeviceProtection_Yes","Launch a targeted email/SMS campaign with relevant service incentives or promotional benefits. Prioritize addressing the key churn drivers identified: categorical__Contract_Month-to-month, categorical__InternetService_Fiber optic, categorical__OnlineSecurity_No."
113,0.7735134,High Risk,76.5,Medium Value,Medium,"categorical__Contract_Month-to-month, categorical__gender_Female, categorical__InternetService_Fiber optic","numerical__tenure, categorical__gender_Male, categorical__DeviceProtection_Yes","Launch a targeted email/SMS campaign with relevant service incentives or promotional benefits. Prioritize addressing the key churn drivers identified: categorical__Contract_Month-to-month, categorical__gender_Female, categorical__InternetService_Fiber optic."
2998,0.7733971,High Risk,74.75,Medium Value,Medium,"categorical__Contract_Month-to-month, numerical__tenure, categorical__OnlineSecurity_No","categorical__MultipleLines_No, categorical__Partner_Yes, categorical__OnlineBackup_No","Launch a targeted email/SMS campaign with relevant service incentives or promotional benefits. Prioritize addressing the key churn drivers identified: categorical__Contract_Month-to-month, numerical__tenure, categorical__OnlineSecurity_No."
1446,0.76966834,High Risk,50.05,Medium Value,Medium,"numerical__tenure, categorical__Contract_Month-to-month, categorical__PaymentMethod_Electronic check","categorical__InternetService_Fiber optic, numerical__MonthlyCharges, categorical__Partner_Yes","Launch a targeted email/SMS campaign with relevant service incentives or promotional benefits. Prioritize addressing the key churn drivers identified: numerical__tenure, categorical__Contract_Month-to-month, categorical__PaymentMethod_Electronic check."
2168,0.76672095,High Risk,74.4,Medium Value,Medium,"categorical__Contract_Month-to-month, numerical__tenure, categorical__InternetService_Fiber optic","categorical__PaymentMethod_Electronic check, numerical__MonthlyCharges, categorical__StreamingMovies_Yes","Launch a targeted email/SMS campaign with relevant service incentives or promotional benefits. Prioritize addressing the key churn drivers identified: categorical__Contract_Month-to-month, numerical__tenure, categorical__InternetService_Fiber optic."
4847,0.7654441,High Risk,76.25,Medium Value,Medium,"categorical__Contract_Month-to-month, categorical__gender_Female, categorical__InternetService_Fiber optic","numerical__tenure, categorical__gender_Male, categorical__Partner_Yes","Launch a targeted email/SMS campaign with relevant service incentives or promotional benefits. Prioritize addressing the key churn drivers identified: categorical__Contract_Month-to-month, categorical__gender_Female, categorical__InternetService_Fiber optic."
6375,0.7580523,High Risk,74.3,Medium Value,Medium,"numerical__tenure, categorical__Contract_Month-to-month, categorical__gender_Female","categorical__gender_Male, categorical__PaymentMethod_Credit card (automatic), categorical__PaymentMethod_Electronic check","Launch a targeted email/SMS campaign with relevant service incentives or promotional benefits. Prioritize addressing the key churn drivers identified: numerical__tenure, categorical__Contract_Month-to-month, categorical__gender_Female."
290,0.7529122,High Risk,76.1,Medium Value,Medium,"categorical__Contract_Month-to-month, categorical__InternetService_Fiber optic, categorical__PaymentMethod_Electronic check","numerical__tenure, categorical__Partner_Yes, categorical__StreamingTV_Yes","Launch a targeted email/SMS campaign with relevant service incentives or promotional benefits. Prioritize addressing the key churn drivers identified: categorical__Contract_Month-to-month, categorical__InternetService_Fiber optic, categorical__PaymentMethod_Electronic check."
5746,0.7481489,High Risk,81.0,Medium Value,Medium,"categorical__Contract_Month-to-month, categorical__gender_Female, categorical__InternetService_Fiber optic","categorical__gender_Male, categorical__PaymentMethod_Electronic check, categorical__Partner_Yes","Launch a targeted email/SMS campaign with relevant service incentives or promotional benefits. Prioritize addressing the key churn drivers identified: categorical__Contract_Month-to-month, categorical__gender_Female, categorical__InternetService_Fiber optic."
5037,0.74632186,High Risk,79.65,Medium Value,Medium,"categorical__Contract_Month-to-month, numerical__tenure, categorical__gender_Female","categorical__gender_Male, categorical__PaymentMethod_Electronic check, categorical__Partner_Yes","Launch a targeted email/SMS campaign with relevant service incentives or promotional benefits. Prioritize addressing the key churn drivers identified: categorical__Contract_Month-to-month, numerical__tenure, categorical__gender_Female."
4940,0.7456275,High Risk,74.45,Medium Value,Medium,"categorical__Contract_Month-to-month, categorical__InternetService_Fiber optic, categorical__OnlineSecurity_No","categorical__PaymentMethod_Electronic check, categorical__Partner_Yes, categorical__StreamingTV_Yes","Launch a targeted email/SMS campaign with relevant service incentives or promotional benefits. Prioritize addressing the key churn drivers identified: categorical__Contract_Month-to-month, categorical__InternetService_Fiber optic, categorical__OnlineSecurity_No."
4664,0.7402192,High Risk,74.9,Medium Value,Medium,"categorical__Contract_Month-to-month, numerical__tenure, categorical__gender_Female","categorical__gender_Male, categorical__PaperlessBilling_Yes, categorical__PaymentMethod_Electronic check","Launch a targeted email/SMS campaign with relevant service incentives or promotional benefits. Prioritize addressing the key churn drivers identified: categorical__Contract_Month-to-month, numerical__tenure, categorical__gender_Female."
5025,0.7350106,High Risk,69.8,Medium Value,Medium,"categorical__Contract_Month-to-month, numerical__tenure, categorical__OnlineSecurity_No","categorical__MultipleLines_No, categorical__DeviceProtection_Yes, numerical__MonthlyCharges","Launch a targeted email/SMS campaign with relevant service incentives or promotional benefits. Prioritize addressing the key churn drivers identified: categorical__Contract_Month-to-month, numerical__tenure, categorical__OnlineSecurity_No."
1579,0.7345043,High Risk,80.45,Medium Value,Medium,"categorical__Contract_Month-to-month, categorical__InternetService_Fiber optic, categorical__OnlineSecurity_No","categorical__MultipleLines_No, categorical__StreamingTV_Yes, categorical__DeviceProtection_Yes","Launch a targeted email/SMS campaign with relevant service incentives or promotional benefits. Prioritize addressing the key churn drivers identified: categorical__Contract_Month-to-month, categorical__InternetService_Fiber optic, categorical__OnlineSecurity_No."
1898,0.73382366,High Risk,78.95,Medium Value,Medium,"categorical__Contract_Month-to-month, numerical__tenure, categorical__gender_Female","categorical__gender_Male, categorical__PaperlessBilling_Yes, categorical__MultipleLines_No","Launch a targeted email/SMS campaign with relevant service incentives or promotional benefits. Prioritize addressing the key churn drivers identified: categorical__Contract_Month-to-month, numerical__tenure, categorical__gender_Female."
6411,0.731783,High Risk,70.1,Medium Value,Medium,"categorical__Contract_Month-to-month, numerical__tenure, categorical__OnlineSecurity_No","categorical__PaperlessBilling_Yes, categorical__MultipleLines_No, categorical__Partner_No","Launch a targeted email/SMS campaign with relevant service incentives or promotional benefits. Prioritize addressing the key churn drivers identified: categorical__Contract_Month-to-month, numerical__tenure, categorical__OnlineSecurity_No."
5395,0.73100424,High Risk,81.0,Medium Value,Medium,"categorical__Contract_Month-to-month, numerical__tenure, categorical__gender_Female","categorical__gender_Male, categorical__PaymentMethod_Electronic check, categorical__Partner_Yes","Launch a targeted email/SMS campaign with relevant service incentives or promotional benefits. Prioritize addressing the key churn drivers identified: categorical__Contract_Month-to-month, numerical__tenure, categorical__gender_Female."
1707,0.7282544,High Risk,73.85,Medium Value,Medium,"categorical__Contract_Month-to-month, categorical__gender_Female, numerical__tenure","categorical__gender_Male, categorical__PaperlessBilling_Yes, categorical__Partner_Yes","Launch a targeted email/SMS campaign with relevant service incentives or promotional benefits. Prioritize addressing the key churn drivers identified: categorical__Contract_Month-to-month, categorical__gender_Female, numerical__tenure."
5423,0.71980566,High Risk,80.85,Medium Value,Medium,"categorical__Contract_Month-to-month, categorical__InternetService_Fiber optic, categorical__OnlineSecurity_No","categorical__MultipleLines_No, categorical__Partner_Yes, categorical__StreamingTV_Yes","Launch a targeted email/SMS campaign with relevant service incentives or promotional benefits. Prioritize addressing the key churn drivers identified: categorical__Contract_Month-to-month, categorical__InternetService_Fiber optic, categorical__OnlineSecurity_No."
3766,0.7151663,High Risk,55.8,Medium Value,Medium,"numerical__tenure, categorical__Contract_Month-to-month, categorical__gender_Female","categorical__OnlineSecurity_No, categorical__gender_Male, categorical__InternetService_Fiber optic","Launch a targeted email/SMS campaign with relevant service incentives or promotional benefits. Prioritize addressing the key churn drivers identified: numerical__tenure, categorical__Contract_Month-to-month, categorical__gender_Female."
2611,0.7124906,High Risk,70.3,Medium Value,Medium,"categorical__Contract_Month-to-month, categorical__InternetService_Fiber optic, categorical__OnlineSecurity_No","categorical__MultipleLines_No, categorical__DeviceProtection_Yes, categorical__Partner_No","Launch a targeted email/SMS campaign with relevant service incentives or promotional benefits. Prioritize addressing the key churn drivers identified: categorical__Contract_Month-to-month, categorical__InternetService_Fiber optic, categorical__OnlineSecurity_No."
3090,0.70709765,High Risk,53.5,Medium Value,Medium,"numerical__tenure, categorical__Contract_Month-to-month, numerical__TotalCharges","categorical__InternetService_Fiber optic, categorical__PaymentMethod_Electronic check, categorical__Partner_Yes","Launch a targeted email/SMS campaign with relevant service incentives or promotional benefits. Prioritize addressing the key churn drivers identified: numerical__tenure, categorical__Contract_Month-to-month, numerical__TotalCharges."
6314,0.70360297,High Risk,73.85,Medium Value,Medium,"categorical__Contract_Month-to-month, numerical__tenure, categorical__gender_Female","categorical__gender_Male, categorical__PaymentMethod_Electronic check, categorical__Partner_Yes","Launch a targeted email/SMS campaign with relevant service incentives or promotional benefits. Prioritize addressing the key churn drivers identified: categorical__Contract_Month-to-month, numerical__tenure, categorical__gender_Female."
2236,0.7026577,High Risk,71.45,Medium Value,Medium,"categorical__Contract_Month-to-month, numerical__tenure, categorical__InternetService_Fiber optic","categorical__PaymentMethod_Electronic check, categorical__MultipleLines_No, categorical__Partner_Yes","Launch a targeted email/SMS campaign with relevant service incentives or promotional benefits. Prioritize addressing the key churn drivers identified: categorical__Contract_Month-to-month, numerical__tenure, categorical__InternetService_Fiber optic."
2709,0.7020498,High Risk,53.95,Medium Value,Medium,"categorical__Contract_Month-to-month, categorical__MultipleLines_No, categorical__PaymentMethod_Electronic check","categorical__InternetService_Fiber optic, numerical__tenure, categorical__OnlineBackup_No","Launch a targeted email/SMS campaign with relevant service incentives or promotional benefits. Prioritize addressing the key churn drivers identified: categorical__Contract_Month-to-month, categorical__MultipleLines_No, categorical__PaymentMethod_Electronic check."
1463,0.69765127,High Risk,70.4,Medium Value,Medium,"categorical__Contract_Month-to-month, numerical__tenure, categorical__gender_Female","categorical__PaperlessBilling_Yes, categorical__gender_Male, categorical__Partner_Yes","Launch a targeted email/SMS campaign with relevant service incentives or promotional benefits. Prioritize addressing the key churn drivers identified: categorical__Contract_Month-to-month, numerical__tenure, categorical__gender_Female."
4094,0.69609004,High Risk,74.0,Medium Value,Medium,"numerical__tenure, categorical__Contract_Month-to-month, categorical__InternetService_Fiber optic","categorical__PaperlessBilling_Yes, categorical__TechSupport_No, categorical__TechSupport_Yes","Launch a targeted email/SMS campaign with relevant service incentives or promotional benefits. Prioritize addressing the key churn drivers identified: numerical__tenure, categorical__Contract_Month-to-month, categorical__InternetService_Fiber optic."
1105,0.69306153,High Risk,79.75,Medium Value,Medium,"categorical__Contract_Month-to-month, categorical__gender_Female, categorical__InternetService_Fiber optic","categorical__gender_Male, categorical__MultipleLines_No, categorical__DeviceProtection_Yes","Launch a targeted email/SMS campaign with relevant service incentives or promotional benefits. Prioritize addressing the key churn drivers identified: categorical__Contract_Month-to-month, categorical__gender_Female, categorical__InternetService_Fiber optic."
2407,0.6831404,High Risk,70.7,Medium Value,Medium,"categorical__Contract_Month-to-month, categorical__gender_Female, numerical__tenure","categorical__gender_Male, categorical__Partner_No, categorical__MultipleLines_No","Launch a targeted email/SMS campaign with relevant service incentives or promotional benefits. Prioritize addressing the key churn drivers identified: categorical__Contract_Month-to-month, categorical__gender_Female, numerical__tenure."
1085,0.6830718,High Risk,74.3,Medium Value,Medium,"categorical__Contract_Month-to-month, categorical__gender_Female, categorical__InternetService_Fiber optic","categorical__gender_Male, categorical__MultipleLines_No, categorical__Partner_Yes","Launch a targeted email/SMS campaign with relevant service incentives or promotional benefits. Prioritize addressing the key churn drivers identified: categorical__Contract_Month-to-month, categorical__gender_Female, categorical__InternetService_Fiber optic."
2528,0.6799355,High Risk,80.1,Medium Value,Medium,"categorical__Contract_Month-to-month, categorical__InternetService_Fiber optic, categorical__gender_Female","categorical__gender_Male, categorical__PaymentMethod_Electronic check, categorical__MultipleLines_No","Launch a targeted email/SMS campaign with relevant service incentives or promotional benefits. Prioritize addressing the key churn drivers identified: categorical__Contract_Month-to-month, categorical__InternetService_Fiber optic, categorical__gender_Female."
126,0.67759,High Risk,78.05,Medium Value,Medium,"categorical__Contract_Month-to-month, categorical__gender_Female, categorical__InternetService_Fiber optic","numerical__tenure, categorical__gender_Male, categorical__Partner_Yes","Launch a targeted email/SMS campaign with relevant service incentives or promotional benefits. Prioritize addressing the key churn drivers identified: categorical__Contract_Month-to-month, categorical__gender_Female, categorical__InternetService_Fiber optic."
3357,0.67371505,High Risk,59.2,Medium Value,Medium,"numerical__tenure, categorical__Contract_Month-to-month, categorical__gender_Female","categorical__gender_Male, categorical__InternetService_Fiber optic, categorical__PaperlessBilling_Yes","Launch a targeted email/SMS campaign with relevant service incentives or promotional benefits. Prioritize addressing the key churn drivers identified: numerical__tenure, categorical__Contract_Month-to-month, categorical__gender_Female."
5063,0.672953,High Risk,82.35,Medium Value,Medium,"categorical__Contract_Month-to-month, categorical__InternetService_Fiber optic, categorical__OnlineSecurity_No","numerical__tenure, categorical__Partner_Yes, categorical__StreamingTV_Yes","Launch a targeted email/SMS campaign with relevant service incentives or promotional benefits. Prioritize addressing the key churn drivers identified: categorical__Contract_Month-to-month, categorical__InternetService_Fiber optic, categorical__OnlineSecurity_No."
3686,0.6709816,High Risk,75.0,Medium Value,Medium,"categorical__Contract_Month-to-month, categorical__gender_Female, categorical__InternetService_Fiber optic","categorical__gender_Male, categorical__PaymentMethod_Electronic check, categorical__Partner_Yes","Launch a targeted email/SMS campaign with relevant service incentives or promotional benefits. Prioritize addressing the key churn drivers identified: categorical__Contract_Month-to-month, categorical__gender_Female, categorical__InternetService_Fiber optic."
650,0.6699438,High Risk,69.55,Medium Value,Medium,"categorical__Contract_Month-to-month, numerical__tenure, categorical__gender_Female","categorical__gender_Male, categorical__PaymentMethod_Electronic check, categorical__Partner_Yes","Launch a targeted email/SMS campaign with relevant service incentives or promotional benefits. Prioritize addressing the key churn drivers identified: categorical__Contract_Month-to-month, numerical__tenure, categorical__gender_Female."
945,0.66791856,High Risk,74.4,Medium Value,Medium,"categorical__Contract_Month-to-month, categorical__gender_Female, numerical__tenure","categorical__gender_Male, categorical__PaperlessBilling_Yes, categorical__PaymentMethod_Electronic check","Launch a targeted email/SMS campaign with relevant service incentives or promotional benefits. Prioritize addressing the key churn drivers identified: categorical__Contract_Month-to-month, categorical__gender_Female, numerical__tenure."
5381,0.6656663,High Risk,78.9,Medium Value,Medium,"categorical__Contract_Month-to-month, categorical__PaymentMethod_Electronic check, categorical__InternetService_Fiber optic","numerical__tenure, categorical__StreamingMovies_Yes, categorical__StreamingTV_Yes","Launch a targeted email/SMS campaign with relevant service incentives or promotional benefits. Prioritize addressing the key churn drivers identified: categorical__Contract_Month-to-month, categorical__PaymentMethod_Electronic check, categorical__InternetService_Fiber optic."
2229,0.6622021,High Risk,70.5,Medium Value,Medium,"categorical__Contract_Month-to-month, numerical__tenure, categorical__OnlineSecurity_No","categorical__PaperlessBilling_Yes, categorical__MultipleLines_No, categorical__DeviceProtection_Yes","Launch a targeted email/SMS campaign with relevant service incentives or promotional benefits. Prioritize addressing the key churn drivers identified: categorical__Contract_Month-to-month, numerical__tenure, categorical__OnlineSecurity_No."
2880,0.6601317,High Risk,79.95,Medium Value,Medium,"categorical__Contract_Month-to-month, categorical__InternetService_Fiber optic, categorical__OnlineSecurity_No","categorical__PaymentMethod_Electronic check, categorical__MultipleLines_No, categorical__Partner_Yes","Launch a targeted email/SMS campaign with relevant service incentives or promotional benefits. Prioritize addressing the key churn drivers identified: categorical__Contract_Month-to-month, categorical__InternetService_Fiber optic, categorical__OnlineSecurity_No."
581,0.66001743,High Risk,75.3,Medium Value,Medium,"numerical__tenure, categorical__Contract_Month-to-month, categorical__gender_Female","categorical__OnlineSecurity_No, categorical__PaperlessBilling_Yes, categorical__gender_Male","Launch a targeted email/SMS campaign with relevant service incentives or promotional benefits. Prioritize addressing the key churn drivers identified: numerical__tenure, categorical__Contract_Month-to-month, categorical__gender_Female."
2703,0.65983295,High Risk,50.1,Medium Value,Medium,"numerical__tenure, categorical__Contract_Month-to-month, categorical__gender_Female","categorical__gender_Male, categorical__InternetService_Fiber optic, numerical__MonthlyCharges","Launch a targeted email/SMS campaign with relevant service incentives or promotional benefits. Prioritize addressing the key churn drivers identified: numerical__tenure, categorical__Contract_Month-to-month, categorical__gender_Female."
5123,0.6586661,High Risk,75.3,Medium Value,Medium,"categorical__Contract_Month-to-month, categorical__gender_Female, categorical__InternetService_Fiber optic","categorical__gender_Male, categorical__PaymentMethod_Electronic check, categorical__MultipleLines_No","Launch a targeted email/SMS campaign with relevant service incentives or promotional benefits. Prioritize addressing the key churn drivers identified: categorical__Contract_Month-to-month, categorical__gender_Female, categorical__InternetService_Fiber optic."
4986,0.6567267,High Risk,79.55,Medium Value,Medium,"categorical__Contract_Month-to-month, categorical__gender_Female, categorical__InternetService_Fiber optic","categorical__gender_Male, categorical__TechSupport_No, categorical__PaymentMethod_Electronic check","Launch a targeted email/SMS campaign with relevant service incentives or promotional benefits. Prioritize addressing the key churn drivers identified: categorical__Contract_Month-to-month, categorical__gender_Female, categorical__InternetService_Fiber optic."
2924,0.65416163,High Risk,74.55,Medium Value,Medium,"categorical__Contract_Month-to-month, categorical__InternetService_Fiber optic, categorical__OnlineSecurity_No","categorical__MultipleLines_No, categorical__Partner_Yes, categorical__OnlineBackup_No","Launch a targeted email/SMS campaign with relevant service incentives or promotional benefits. Prioritize addressing the key churn drivers identified: categorical__Contract_Month-to-month, categorical__InternetService_Fiber optic, categorical__OnlineSecurity_No."
6304,0.65358573,High Risk,77.65,Medium Value,Medium,"categorical__Contract_Month-to-month, categorical__InternetService_Fiber optic, categorical__gender_Female","categorical__gender_Male, categorical__PaymentMethod_Electronic check, categorical__MultipleLines_No","Launch a targeted email/SMS campaign with relevant service incentives or promotional benefits. Prioritize addressing the key churn drivers identified: categorical__Contract_Month-to-month, categorical__InternetService_Fiber optic, categorical__gender_Female."
5471,0.65233177,High Risk,74.2,Medium Value,Medium,"categorical__Contract_Month-to-month, categorical__gender_Female, categorical__InternetService_Fiber optic","numerical__tenure, categorical__gender_Male, categorical__Partner_Yes","Launch a targeted email/SMS campaign with relevant service incentives or promotional benefits. Prioritize addressing the key churn drivers identified: categorical__Contract_Month-to-month, categorical__gender_Female, categorical__InternetService_Fiber optic."
3477,0.650856,High Risk,74.15,Medium Value,Medium,"categorical__Contract_Month-to-month, categorical__gender_Female, categorical__InternetService_Fiber optic","categorical__gender_Male, numerical__tenure, categorical__Partner_Yes","Launch a targeted email/SMS campaign with relevant service incentives or promotional benefits. Prioritize addressing the key churn drivers identified: categorical__Contract_Month-to-month, categorical__gender_Female, categorical__InternetService_Fiber optic."
5708,0.6507466,High Risk,78.1,Medium Value,Medium,"categorical__Contract_Month-to-month, categorical__gender_Female, categorical__InternetService_Fiber optic","categorical__PaymentMethod_Electronic check, categorical__gender_Male, categorical__PaymentMethod_Credit card (automatic)","Launch a targeted email/SMS campaign with relevant service incentives or promotional benefits. Prioritize addressing the key churn drivers identified: categorical__Contract_Month-to-month, categorical__gender_Female, categorical__InternetService_Fiber optic."
3212,0.6492777,High Risk,80.0,Medium Value,Medium,"categorical__Contract_Month-to-month, categorical__InternetService_Fiber optic, categorical__PaymentMethod_Electronic check","numerical__tenure, categorical__MultipleLines_No, categorical__StreamingTV_Yes","Launch a targeted email/SMS campaign with relevant service incentives or promotional benefits. Prioritize addressing the key churn drivers identified: categorical__Contract_Month-to-month, categorical__InternetService_Fiber optic, categorical__PaymentMethod_Electronic check."
2324,0.63642913,High Risk,83.05,Medium Value,Medium,"categorical__Contract_Month-to-month, categorical__gender_Female, categorical__InternetService_Fiber optic","categorical__TechSupport_No, categorical__gender_Male, numerical__TotalCharges","Launch a targeted email/SMS campaign with relevant service incentives or promotional benefits. Prioritize addressing the key churn drivers identified: categorical__Contract_Month-to-month, categorical__gender_Female, categorical__InternetService_Fiber optic."
3303,0.63252705,High Risk,77.95,Medium Value,Medium,"numerical__tenure, categorical__Contract_Month-to-month, categorical__gender_Female","categorical__PaperlessBilling_Yes, categorical__gender_Male, categorical__PaymentMethod_Electronic check","Launch a targeted email/SMS campaign with relevant service incentives or promotional benefits. Prioritize addressing the key churn drivers identified: numerical__tenure, categorical__Contract_Month-to-month, categorical__gender_Female."
3216,0.63187665,High Risk,50.45,Medium Value,Medium,"numerical__tenure, categorical__Contract_Month-to-month, categorical__gender_Female","categorical__gender_Male, categorical__InternetService_Fiber optic, categorical__PaperlessBilling_Yes","Launch a targeted email/SMS campaign with relevant service incentives or promotional benefits. Prioritize addressing the key churn drivers identified: numerical__tenure, categorical__Contract_Month-to-month, categorical__gender_Female."
3572,0.6201066,High Risk,79.5,Medium Value,Medium,"categorical__Contract_Month-to-month, categorical__gender_Female, categorical__InternetService_Fiber optic","numerical__tenure, categorical__gender_Male, categorical__MultipleLines_No","Launch a targeted email/SMS campaign with relevant service incentives or promotional benefits. Prioritize addressing the key churn drivers identified: categorical__Contract_Month-to-month, categorical__gender_Female, categorical__InternetService_Fiber optic."
517,0.61782485,High Risk,70.05,Medium Value,Medium,"categorical__Contract_Month-to-month, categorical__gender_Female, numerical__tenure","categorical__gender_Male, categorical__PaperlessBilling_Yes, categorical__MultipleLines_No","Launch a targeted email/SMS campaign with relevant service incentives or promotional benefits. Prioritize addressing the key churn drivers identified: categorical__Contract_Month-to-month, categorical__gender_Female, numerical__tenure."
2793,0.61736643,High Risk,80.1,Medium Value,Medium,"categorical__Contract_Month-to-month, numerical__tenure, categorical__InternetService_Fiber optic","categorical__OnlineSecurity_No, categorical__Partner_Yes, categorical__StreamingMovies_Yes","Launch a targeted email/SMS campaign with relevant service incentives or promotional benefits. Prioritize addressing the key churn drivers identified: categorical__Contract_Month-to-month, numerical__tenure, categorical__InternetService_Fiber optic."
4515,0.6132461,High Risk,83.2,Medium Value,Medium,"categorical__Contract_Month-to-month, categorical__gender_Female, categorical__InternetService_Fiber optic","categorical__gender_Male, categorical__PaymentMethod_Electronic check, categorical__MultipleLines_No","Launch a targeted email/SMS campaign with relevant service incentives or promotional benefits. Prioritize addressing the key churn drivers identified: categorical__Contract_Month-to-month, categorical__gender_Female, categorical__InternetService_Fiber optic."
5837,0.6110748,High Risk,51.4,Medium Value,Medium,"categorical__Contract_Month-to-month, numerical__tenure, categorical__gender_Female","categorical__gender_Male, categorical__InternetService_Fiber optic, categorical__PaperlessBilling_Yes","Launch a targeted email/SMS campaign with relevant service incentives or promotional benefits. Prioritize addressing the key churn drivers identified: categorical__Contract_Month-to-month, numerical__tenure, categorical__gender_Female."
5418,0.6078132,High Risk,80.55,Medium Value,Medium,"categorical__Contract_Month-to-month, categorical__InternetService_Fiber optic, categorical__OnlineSecurity_No","categorical__PaymentMethod_Electronic check, numerical__tenure, categorical__Partner_Yes","Launch a targeted email/SMS campaign with relevant service incentives or promotional benefits. Prioritize addressing the key churn drivers identified: categorical__Contract_Month-to-month, categorical__InternetService_Fiber optic, categorical__OnlineSecurity_No."
4327,0.605965,High Risk,69.9,Medium Value,Medium,"categorical__Contract_Month-to-month, numerical__tenure, categorical__gender_Female","categorical__gender_Male, categorical__PaymentMethod_Electronic check, numerical__MonthlyCharges","Launch a targeted email/SMS campaign with relevant service incentives or promotional benefits. Prioritize addressing the key churn drivers identified: categorical__Contract_Month-to-month, numerical__tenure, categorical__gender_Female."
3526,0.6048981,High Risk,50.35,Medium Value,Medium,"categorical__Contract_Month-to-month, numerical__tenure, categorical__PaymentMethod_Electronic check","categorical__PaperlessBilling_Yes, categorical__InternetService_Fiber optic, categorical__Partner_Yes","Launch a targeted email/SMS campaign with relevant service incentives or promotional benefits. Prioritize addressing the key churn drivers identified: categorical__Contract_Month-to-month, numerical__tenure, categorical__PaymentMethod_Electronic check."
783,0.6042567,High Risk,52.2,Medium Value,Medium,"numerical__tenure, categorical__Contract_Month-to-month, categorical__gender_Female","categorical__TechSupport_No, categorical__gender_Male, categorical__InternetService_Fiber optic","Launch a targeted email/SMS campaign with relevant service incentives or promotional benefits. Prioritize addressing the key churn drivers identified: numerical__tenure, categorical__Contract_Month-to-month, categorical__gender_Female."
1647,0.6015602,High Risk,79.5,Medium Value,Medium,"categorical__Contract_Month-to-month, categorical__InternetService_Fiber optic, categorical__OnlineSecurity_No","categorical__PaymentMethod_Electronic check, categorical__MultipleLines_No, categorical__DeviceProtection_Yes","Launch a targeted email/SMS campaign with relevant service incentives or promotional benefits. Prioritize addressing the key churn drivers identified: categorical__Contract_Month-to-month, categorical__InternetService_Fiber optic, categorical__OnlineSecurity_No."
1381,0.6005644,High Risk,70.7,Medium Value,Medium,"categorical__Contract_Month-to-month, numerical__tenure, categorical__InternetService_Fiber optic","categorical__PaperlessBilling_Yes, categorical__PaymentMethod_Electronic check, categorical__PaymentMethod_Mailed check","Launch a targeted email/SMS campaign with relevant service incentives or promotional benefits. Prioritize addressing the key churn drivers identified: categorical__Contract_Month-to-month, numerical__tenure, categorical__InternetService_Fiber optic."
5188,0.5951697,Medium Risk,101.5,High Value,Medium,"categorical__Contract_Month-to-month, categorical__InternetService_Fiber optic, categorical__OnlineSecurity_No","numerical__tenure, categorical__TechSupport_No, categorical__Partner_No","Run an engagement campaign with loyalty benefits, personalized communication, or a customer satisfaction survey. Prioritize addressing the key churn drivers identified: categorical__Contract_Month-to-month, categorical__InternetService_Fiber optic, categorical__OnlineSecurity_No."
4741,0.594393,Medium Risk,94.65,High Value,Medium,"categorical__Contract_Month-to-month, categorical__InternetService_Fiber optic, categorical__gender_Female","categorical__gender_Male, categorical__MultipleLines_No, categorical__Partner_No","Run an engagement campaign with loyalty benefits, personalized communication, or a customer satisfaction survey. Prioritize addressing the key churn drivers identified: categorical__Contract_Month-to-month, categorical__InternetService_Fiber optic, categorical__gender_Female."
5630,0.5939624,Medium Risk,103.45,High Value,Medium,"categorical__Contract_Month-to-month, categorical__gender_Female, categorical__InternetService_Fiber optic","numerical__TotalCharges, numerical__tenure, categorical__gender_Male","Run an engagement campaign with loyalty benefits, personalized communication, or a customer satisfaction survey. Prioritize addressing the key churn drivers identified: categorical__Contract_Month-to-month, categorical__gender_Female, categorical__InternetService_Fiber optic."
6628,0.58811736,Medium Risk,94.05,High Value,Medium,"numerical__tenure, categorical__gender_Female, categorical__InternetService_Fiber optic","categorical__Contract_Month-to-month, categorical__gender_Male, categorical__Partner_Yes","Run an engagement campaign with loyalty benefits, personalized communication, or a customer satisfaction survey. Prioritize addressing the key churn drivers identified: numerical__tenure, categorical__gender_Female, categorical__InternetService_Fiber optic."
5030,0.58569276,Medium Risk,94.5,High Value,Medium,"categorical__Contract_Month-to-month, numerical__tenure, categorical__InternetService_Fiber optic","categorical__PaperlessBilling_Yes, categorical__PaymentMethod_Electronic check, categorical__Partner_Yes","Run an engagement campaign with loyalty benefits, personalized communication, or a customer satisfaction survey. Prioritize addressing the key churn drivers identified: categorical__Contract_Month-to-month, numerical__tenure, categorical__InternetService_Fiber optic."
2455,0.58279467,Medium Risk,89.35,High Value,Medium,"numerical__tenure, categorical__Contract_Month-to-month, categorical__gender_Female","categorical__TechSupport_No, categorical__gender_Male, categorical__MultipleLines_No","Run an engagement campaign with loyalty benefits, personalized communication, or a customer satisfaction survey. Prioritize addressing the key churn drivers identified: numerical__tenure, categorical__Contract_Month-to-month, categorical__gender_Female."
2808,0.5744474,Medium Risk,97.1,High Value,Medium,"numerical__MonthlyCharges, categorical__Contract_Month-to-month, numerical__tenure","categorical__OnlineSecurity_No, categorical__PaperlessBilling_Yes, categorical__MultipleLines_No","Run an engagement campaign with loyalty benefits, personalized communication, or a customer satisfaction survey. Prioritize addressing the key churn drivers identified: numerical__MonthlyCharges, categorical__Contract_Month-to-month, numerical__tenure."
1023,0.5737011,Medium Risk,86.1,High Value,Medium,"categorical__Contract_Month-to-month, categorical__gender_Female, categorical__PaymentMethod_Electronic check","numerical__tenure, categorical__MultipleLines_No, categorical__gender_Male","Run an engagement campaign with loyalty benefits, personalized communication, or a customer satisfaction survey. Prioritize addressing the key churn drivers identified: categorical__Contract_Month-to-month, categorical__gender_Female, categorical__PaymentMethod_Electronic check."
6445,0.5672567,Medium Risk,90.65,High Value,Medium,"categorical__Contract_Month-to-month, numerical__tenure, categorical__InternetService_Fiber optic","categorical__OnlineSecurity_No, categorical__PaperlessBilling_Yes, categorical__Partner_Yes","Run an engagement campaign with loyalty benefits, personalized communication, or a customer satisfaction survey. Prioritize addressing the key churn drivers identified: categorical__Contract_Month-to-month, numerical__tenure, categorical__InternetService_Fiber optic."
2580,0.56667745,Medium Risk,101.3,High Value,Medium,"categorical__Contract_Month-to-month, categorical__gender_Female, categorical__InternetService_Fiber optic","numerical__tenure, categorical__TechSupport_No, categorical__gender_Male","Run an engagement campaign with loyalty benefits, personalized communication, or a customer satisfaction survey. Prioritize addressing the key churn drivers identified: categorical__Contract_Month-to-month, categorical__gender_Female, categorical__InternetService_Fiber optic."
4451,0.56413025,Medium Risk,93.9,High Value,Medium,"categorical__Contract_Month-to-month, categorical__InternetService_Fiber optic, numerical__SeniorCitizen","numerical__tenure, categorical__PaymentMethod_Electronic check, numerical__TotalCharges","Run an engagement campaign with loyalty benefits, personalized communication, or a customer satisfaction survey. Prioritize addressing the key churn drivers identified: categorical__Contract_Month-to-month, categorical__InternetService_Fiber optic, numerical__SeniorCitizen."
4405,0.5634085,Medium Risk,83.55,High Value,Medium,"categorical__Contract_Month-to-month, numerical__tenure, categorical__InternetService_Fiber optic","categorical__PaymentMethod_Electronic check, categorical__MultipleLines_No, categorical__PaymentMethod_Credit card (automatic)","Run an engagement campaign with loyalty benefits, personalized communication, or a customer satisfaction survey. Prioritize addressing the key churn drivers identified: categorical__Contract_Month-to-month, numerical__tenure, categorical__InternetService_Fiber optic."
4814,0.5563967,Medium Risk,90.0,High Value,Medium,"categorical__Contract_Month-to-month, categorical__gender_Female, categorical__InternetService_Fiber optic","categorical__TechSupport_No, numerical__tenure, categorical__gender_Male","Run an engagement campaign with loyalty benefits, personalized communication, or a customer satisfaction survey. Prioritize addressing the key churn drivers identified: categorical__Contract_Month-to-month, categorical__gender_Female, categorical__InternetService_Fiber optic."
5194,0.5563724,Medium Risk,89.4,High Value,Medium,"categorical__Contract_Month-to-month, categorical__InternetService_Fiber optic, categorical__OnlineSecurity_No","numerical__tenure, categorical__MultipleLines_No, categorical__Partner_Yes","Run an engagement campaign with loyalty benefits, personalized communication, or a customer satisfaction survey. Prioritize addressing the key churn drivers identified: categorical__Contract_Month-to-month, categorical__InternetService_Fiber optic, categorical__OnlineSecurity_No."
156,0.5529619,Medium Risk,84.15,High Value,Medium,"categorical__Contract_Month-to-month, categorical__gender_Female, categorical__InternetService_Fiber optic","categorical__gender_Male, categorical__PaymentMethod_Electronic check, numerical__tenure","Run an engagement campaign with loyalty benefits, personalized communication, or a customer satisfaction survey. Prioritize addressing the key churn drivers identified: categorical__Contract_Month-to-month, categorical__gender_Female, categorical__InternetService_Fiber optic."
1420,0.54916525,Medium Risk,99.8,High Value,Medium,"categorical__Contract_Month-to-month, numerical__MonthlyCharges, categorical__gender_Female","numerical__tenure, categorical__gender_Male, categorical__DeviceProtection_Yes","Run an engagement campaign with loyalty benefits, personalized communication, or a customer satisfaction survey. Prioritize addressing the key churn drivers identified: categorical__Contract_Month-to-month, numerical__MonthlyCharges, categorical__gender_Female."
6508,0.5473497,Medium Risk,94.2,High Value,Medium,"categorical__Contract_Month-to-month, categorical__gender_Female, categorical__InternetService_Fiber optic","numerical__tenure, categorical__gender_Male, numerical__TotalCharges","Run an engagement campaign with loyalty benefits, personalized communication, or a customer satisfaction survey. Prioritize addressing the key churn drivers identified: categorical__Contract_Month-to-month, categorical__gender_Female, categorical__InternetService_Fiber optic."
5009,0.5419507,Medium Risk,115.8,High Value,Medium,"numerical__TotalCharges, categorical__InternetService_Fiber optic, categorical__PaperlessBilling_No","categorical__Contract_Month-to-month, numerical__tenure, categorical__PaperlessBilling_Yes","Run an engagement campaign with loyalty benefits, personalized communication, or a customer satisfaction survey. Prioritize addressing the key churn drivers identified: numerical__TotalCharges, categorical__InternetService_Fiber optic, categorical__PaperlessBilling_No."
1114,0.5399774,Medium Risk,98.85,High Value,Medium,"categorical__Contract_Month-to-month, categorical__InternetService_Fiber optic, numerical__MonthlyCharges","numerical__tenure, categorical__PaymentMethod_Electronic check, categorical__DeviceProtection_Yes","Run an engagement campaign with loyalty benefits, personalized communication, or a customer satisfaction survey. Prioritize addressing the key churn drivers identified: categorical__Contract_Month-to-month, categorical__InternetService_Fiber optic, numerical__MonthlyCharges."
5994,0.5346241,Medium Risk,105.2,High Value,Medium,"categorical__Contract_Month-to-month, numerical__MonthlyCharges, categorical__gender_Female","categorical__OnlineSecurity_No, numerical__tenure, categorical__gender_Male","Run an engagement campaign with loyalty benefits, personalized communication, or a customer satisfaction survey. Prioritize addressing the key churn drivers identified: categorical__Contract_Month-to-month, numerical__MonthlyCharges, categorical__gender_Female."
2956,0.5328025,Medium Risk,99.0,High Value,Medium,"categorical__Contract_Month-to-month, numerical__MonthlyCharges, categorical__InternetService_Fiber optic","numerical__tenure, numerical__TotalCharges, categorical__MultipleLines_No","Run an engagement campaign with loyalty benefits, personalized communication, or a customer satisfaction survey. Prioritize addressing the key churn drivers identified: categorical__Contract_Month-to-month, numerical__MonthlyCharges, categorical__InternetService_Fiber optic."
761,0.5260412,Medium Risk,89.25,High Value,Medium,"categorical__Contract_Month-to-month, categorical__gender_Female, categorical__InternetService_Fiber optic","numerical__tenure, categorical__gender_Male, categorical__PaperlessBilling_Yes","Run an engagement campaign with loyalty benefits, personalized communication, or a customer satisfaction survey. Prioritize addressing the key churn drivers identified: categorical__Contract_Month-to-month, categorical__gender_Female, categorical__InternetService_Fiber optic."
1045,0.52190953,Medium Risk,99.3,High Value,Medium,"categorical__Contract_Month-to-month, numerical__MonthlyCharges, categorical__InternetService_Fiber optic","numerical__tenure, categorical__PaymentMethod_Electronic check, categorical__gender_Male","Run an engagement campaign with loyalty benefits, personalized communication, or a customer satisfaction survey. Prioritize addressing the key churn drivers identified: categorical__Contract_Month-to-month, numerical__MonthlyCharges, categorical__InternetService_Fiber optic."
1354,0.52011573,Medium Risk,88.35,High Value,Medium,"categorical__Contract_Month-to-month, categorical__gender_Female, categorical__InternetService_Fiber optic","categorical__TechSupport_No, numerical__tenure, categorical__gender_Male","Run an engagement campaign with loyalty benefits, personalized communication, or a customer satisfaction survey. Prioritize addressing the key churn drivers identified: categorical__Contract_Month-to-month, categorical__gender_Female, categorical__InternetService_Fiber optic."
3801,0.5162022,Medium Risk,85.45,High Value,Medium,"categorical__Contract_Month-to-month, categorical__gender_Female, categorical__InternetService_Fiber optic","categorical__TechSupport_No, categorical__gender_Male, numerical__tenure","Run an engagement campaign with loyalty benefits, personalized communication, or a customer satisfaction survey. Prioritize addressing the key churn drivers identified: categorical__Contract_Month-to-month, categorical__gender_Female, categorical__InternetService_Fiber optic."
2669,0.51348,Medium Risk,95.15,High Value,Medium,"categorical__Contract_Month-to-month, categorical__gender_Female, categorical__InternetService_Fiber optic","categorical__OnlineSecurity_No, categorical__gender_Male, numerical__tenure","Run an engagement campaign with loyalty benefits, personalized communication, or a customer satisfaction survey. Prioritize addressing the key churn drivers identified: categorical__Contract_Month-to-month, categorical__gender_Female, categorical__InternetService_Fiber optic."
4360,0.51065034,Medium Risk,89.45,High Value,Medium,"categorical__Contract_Month-to-month, categorical__InternetService_Fiber optic, categorical__PaymentMethod_Electronic check","categorical__OnlineSecurity_No, categorical__PaperlessBilling_Yes, numerical__tenure","Run an engagement campaign with loyalty benefits, personalized communication, or a customer satisfaction survey. Prioritize addressing the key churn drivers identified: categorical__Contract_Month-to-month, categorical__InternetService_Fiber optic, categorical__PaymentMethod_Electronic check."
3609,0.5085882,Medium Risk,103.95,High Value,Medium,"numerical__MonthlyCharges, categorical__InternetService_Fiber optic, categorical__gender_Female","categorical__Contract_Month-to-month, numerical__tenure, categorical__gender_Male","Run an engagement campaign with loyalty benefits, personalized communication, or a customer satisfaction survey. Prioritize addressing the key churn drivers identified: numerical__MonthlyCharges, categorical__InternetService_Fiber optic, categorical__gender_Female."
2219,0.506392,Medium Risk,89.95,High Value,Medium,"categorical__Contract_Month-to-month, categorical__InternetService_Fiber optic, categorical__PaymentMethod_Electronic check","categorical__PaperlessBilling_Yes, numerical__tenure, categorical__MultipleLines_No","Run an engagement campaign with loyalty benefits, personalized communication, or a customer satisfaction survey. Prioritize addressing the key churn drivers identified: categorical__Contract_Month-to-month, categorical__InternetService_Fiber optic, categorical__PaymentMethod_Electronic check."
5888,0.5044961,Medium Risk,95.6,High Value,Medium,"categorical__Contract_Month-to-month, categorical__InternetService_Fiber optic, categorical__gender_Female","numerical__tenure, categorical__gender_Male, categorical__Partner_No","Run an engagement campaign with loyalty benefits, personalized communication, or a customer satisfaction survey. Prioritize addressing the key churn drivers identified: categorical__Contract_Month-to-month, categorical__InternetService_Fiber optic, categorical__gender_Female."
6804,0.5040173,Medium Risk,90.35,High Value,Medium,"numerical__tenure, categorical__Contract_Month-to-month, categorical__InternetService_Fiber optic","categorical__OnlineSecurity_No, categorical__PaymentMethod_Electronic check, categorical__MultipleLines_No","Run an engagement campaign with loyalty benefits, personalized communication, or a customer satisfaction survey. Prioritize addressing the key churn drivers identified: numerical__tenure, categorical__Contract_Month-to-month, categorical__InternetService_Fiber optic."
626,0.5013429,Medium Risk,84.25,High Value,Medium,"categorical__Contract_Month-to-month, categorical__InternetService_Fiber optic, categorical__PaymentMethod_Electronic check","categorical__PaperlessBilling_Yes, numerical__tenure, categorical__OnlineBackup_No","Run an engagement campaign with loyalty benefits, personalized communication, or a customer satisfaction survey. Prioritize addressing the key churn drivers identified: categorical__Contract_Month-to-month, categorical__InternetService_Fiber optic, categorical__PaymentMethod_Electronic check."
959,0.5004182,Medium Risk,86.1,High Value,Medium,"categorical__Contract_Month-to-month, categorical__gender_Female, categorical__InternetService_Fiber optic","numerical__tenure, categorical__gender_Male, categorical__MultipleLines_No","Run an engagement campaign with loyalty benefits, personalized communication, or a customer satisfaction survey. Prioritize addressing the key churn drivers identified: categorical__Contract_Month-to-month, categorical__gender_Female, categorical__InternetService_Fiber optic."
262,0.49190676,Medium Risk,89.85,High Value,Medium,"categorical__Contract_Month-to-month, categorical__InternetService_Fiber optic, categorical__OnlineSecurity_No","numerical__tenure, numerical__TotalCharges, categorical__DeviceProtection_Yes","Run an engagement campaign with loyalty benefits, personalized communication, or a customer satisfaction survey. Prioritize addressing the key churn drivers identified: categorical__Contract_Month-to-month, categorical__InternetService_Fiber optic, categorical__OnlineSecurity_No."
1958,0.49053296,Medium Risk,84.85,High Value,Medium,"categorical__Contract_Month-to-month, categorical__InternetService_Fiber optic, categorical__OnlineSecurity_No","numerical__tenure, categorical__PaymentMethod_Electronic check, categorical__Partner_Yes","Run an engagement campaign with loyalty benefits, personalized communication, or a customer satisfaction survey. Prioritize addressing the key churn drivers identified: categorical__Contract_Month-to-month, categorical__InternetService_Fiber optic, categorical__OnlineSecurity_No."
4876,0.4887205,Medium Risk,104.4,High Value,Medium,"categorical__Contract_Month-to-month, categorical__InternetService_Fiber optic, numerical__MonthlyCharges","categorical__OnlineSecurity_No, categorical__MultipleLines_No, categorical__Partner_Yes","Run an engagement campaign with loyalty benefits, personalized communication, or a customer satisfaction survey. Prioritize addressing the key churn drivers identified: categorical__Contract_Month-to-month, categorical__InternetService_Fiber optic, numerical__MonthlyCharges."
717,0.48631564,Medium Risk,85.65,High Value,Medium,"categorical__Contract_Month-to-month, categorical__InternetService_Fiber optic, categorical__OnlineSecurity_No","numerical__tenure, categorical__PaymentMethod_Electronic check, categorical__Partner_Yes","Run an engagement campaign with loyalty benefits, personalized communication, or a customer satisfaction survey. Prioritize addressing the key churn drivers identified: categorical__Contract_Month-to-month, categorical__InternetService_Fiber optic, categorical__OnlineSecurity_No."
1530,0.48437548,Medium Risk,90.0,High Value,Medium,"numerical__tenure, categorical__Contract_Month-to-month, categorical__InternetService_Fiber optic","categorical__PaperlessBilling_Yes, categorical__PaymentMethod_Credit card (automatic), categorical__TechSupport_No","Run an engagement campaign with loyalty benefits, personalized communication, or a customer satisfaction survey. Prioritize addressing the key churn drivers identified: numerical__tenure, categorical__Contract_Month-to-month, categorical__InternetService_Fiber optic."
4675,0.48063517,Medium Risk,100.0,High Value,Medium,"numerical__MonthlyCharges, categorical__InternetService_Fiber optic, categorical__Partner_No","categorical__Contract_Month-to-month, numerical__tenure, categorical__TechSupport_No","Run an engagement campaign with loyalty benefits, personalized communication, or a customer satisfaction survey. Prioritize addressing the key churn drivers identified: numerical__MonthlyCharges, categorical__InternetService_Fiber optic, categorical__Partner_No."
1006,0.4804846,Medium Risk,90.1,High Value,Medium,"categorical__Contract_Month-to-month, categorical__gender_Female, categorical__InternetService_Fiber optic","categorical__TechSupport_No, numerical__tenure, categorical__gender_Male","Run an engagement campaign with loyalty benefits, personalized communication, or a customer satisfaction survey. Prioritize addressing the key churn drivers identified: categorical__Contract_Month-to-month, categorical__gender_Female, categorical__InternetService_Fiber optic."
2471,0.4796502,Medium Risk,98.4,High Value,Medium,"categorical__Contract_Month-to-month, categorical__gender_Female, categorical__InternetService_Fiber optic","numerical__tenure, numerical__TotalCharges, categorical__gender_Male","Run an engagement campaign with loyalty benefits, personalized communication, or a customer satisfaction survey. Prioritize addressing the key churn drivers identified: categorical__Contract_Month-to-month, categorical__gender_Female, categorical__InternetService_Fiber optic."
1065,0.4784873,Medium Risk,90.05,High Value,Medium,"categorical__Contract_Month-to-month, categorical__gender_Female, categorical__InternetService_Fiber optic","categorical__OnlineSecurity_No, categorical__gender_Male, categorical__PaymentMethod_Electronic check","Run an engagement campaign with loyalty benefits, personalized communication, or a customer satisfaction survey. Prioritize addressing the key churn drivers identified: categorical__Contract_Month-to-month, categorical__gender_Female, categorical__InternetService_Fiber optic."
6713,0.47103143,Medium Risk,95.9,High Value,Medium,"categorical__Contract_Month-to-month, categorical__InternetService_Fiber optic, categorical__PaymentMethod_Electronic check","numerical__tenure, categorical__Partner_Yes, categorical__StreamingTV_Yes","Run an engagement campaign with loyalty benefits, personalized communication, or a customer satisfaction survey. Prioritize addressing the key churn drivers identified: categorical__Contract_Month-to-month, categorical__InternetService_Fiber optic, categorical__PaymentMethod_Electronic check."
2931,0.46681917,Medium Risk,105.35,High Value,Medium,"categorical__Contract_Month-to-month, categorical__gender_Female, categorical__InternetService_Fiber optic","numerical__tenure, categorical__PaymentMethod_Electronic check, categorical__gender_Male","Run an engagement campaign with loyalty benefits, personalized communication, or a customer satisfaction survey. Prioritize addressing the key churn drivers identified: categorical__Contract_Month-to-month, categorical__gender_Female, categorical__InternetService_Fiber optic."
5611,0.4656142,Medium Risk,100.4,High Value,Medium,"categorical__Contract_Month-to-month, categorical__gender_Female, categorical__InternetService_Fiber optic","numerical__tenure, categorical__gender_Male, categorical__TechSupport_No","Run an engagement campaign with loyalty benefits, personalized communication, or a customer satisfaction survey. Prioritize addressing the key churn drivers identified: categorical__Contract_Month-to-month, categorical__gender_Female, categorical__InternetService_Fiber optic."
4733,0.4571285,Medium Risk,84.6,High Value,Medium,"categorical__Contract_Month-to-month, categorical__InternetService_Fiber optic, categorical__Partner_Yes","categorical__OnlineSecurity_No, categorical__MultipleLines_No, categorical__StreamingTV_Yes","Run an engagement campaign with loyalty benefits, personalized communication, or a customer satisfaction survey. Prioritize addressing the key churn drivers identified: categorical__Contract_Month-to-month, categorical__InternetService_Fiber optic, categorical__Partner_Yes."
683,0.45655885,Medium Risk,103.75,High Value,Medium,"numerical__MonthlyCharges, categorical__gender_Female, categorical__InternetService_Fiber optic","categorical__Contract_Month-to-month, categorical__gender_Male, numerical__tenure","Run an engagement campaign with loyalty benefits, personalized communication, or a customer satisfaction survey. Prioritize addressing the key churn drivers identified: numerical__MonthlyCharges, categorical__gender_Female, categorical__InternetService_Fiber optic."
880,0.45045123,Medium Risk,110.1,High Value,Medium,"numerical__MonthlyCharges, categorical__Contract_Month-to-month, categorical__InternetService_Fiber optic","categorical__OnlineSecurity_No, categorical__TechSupport_No, categorical__Partner_Yes","Run an engagement campaign with loyalty benefits, personalized communication, or a customer satisfaction survey. Prioritize addressing the key churn drivers identified: numerical__MonthlyCharges, categorical__Contract_Month-to-month, categorical__InternetService_Fiber optic."
14,0.4435313,Medium Risk,105.5,High Value,Medium,"numerical__MonthlyCharges, categorical__Contract_Month-to-month, categorical__InternetService_Fiber optic","categorical__OnlineSecurity_No, categorical__TechSupport_No, numerical__tenure","Run an engagement campaign with loyalty benefits, personalized communication, or a customer satisfaction survey. Prioritize addressing the key churn drivers identified: numerical__MonthlyCharges, categorical__Contract_Month-to-month, categorical__InternetService_Fiber optic."
2019,0.43931147,Medium Risk,104.1,High Value,Medium,"categorical__InternetService_Fiber optic, numerical__MonthlyCharges, categorical__MultipleLines_No","categorical__Contract_Month-to-month, numerical__tenure, categorical__PaperlessBilling_Yes","Run an engagement campaign with loyalty benefits, personalized communication, or a customer satisfaction survey. Prioritize addressing the key churn drivers identified: categorical__InternetService_Fiber optic, numerical__MonthlyCharges, categorical__MultipleLines_No."
5732,0.43325254,Medium Risk,87.3,High Value,Medium,"categorical__Contract_Month-to-month, categorical__InternetService_Fiber optic, categorical__Partner_No","categorical__OnlineSecurity_No, categorical__MultipleLines_No, numerical__tenure","Run an engagement campaign with loyalty benefits, personalized communication, or a customer satisfaction survey. Prioritize addressing the key churn drivers identified: categorical__Contract_Month-to-month, categorical__InternetService_Fiber optic, categorical__Partner_No."
6962,0.43225098,Medium Risk,101.25,High Value,Medium,"categorical__Contract_Month-to-month, categorical__gender_Female, categorical__InternetService_Fiber optic","numerical__tenure, categorical__OnlineSecurity_No, categorical__gender_Male","Run an engagement campaign with loyalty benefits, personalized communication, or a customer satisfaction survey. Prioritize addressing the key churn drivers identified: categorical__Contract_Month-to-month, categorical__gender_Female, categorical__InternetService_Fiber optic."
3718,0.4296526,Medium Risk,99.65,High Value,Medium,"categorical__Contract_Month-to-month, numerical__MonthlyCharges, categorical__gender_Female","numerical__tenure, categorical__OnlineSecurity_No, categorical__gender_Male","Run an engagement campaign with loyalty benefits, personalized communication, or a customer satisfaction survey. Prioritize addressing the key churn drivers identified: categorical__Contract_Month-to-month, numerical__MonthlyCharges, categorical__gender_Female."
6,0.42179054,Medium Risk,89.1,High Value,Medium,"categorical__Contract_Month-to-month, categorical__InternetService_Fiber optic, categorical__OnlineSecurity_No","categorical__PaymentMethod_Electronic check, numerical__tenure, categorical__Partner_Yes","Run an engagement campaign with loyalty benefits, personalized communication, or a customer satisfaction survey. Prioritize addressing the key churn drivers identified: categorical__Contract_Month-to-month, categorical__InternetService_Fiber optic, categorical__OnlineSecurity_No."
6378,0.42110267,Medium Risk,84.05,High Value,Medium,"categorical__Contract_Month-to-month, categorical__InternetService_Fiber optic, categorical__DeviceProtection_No","categorical__OnlineSecurity_No, categorical__PaperlessBilling_Yes, categorical__MultipleLines_No","Run an engagement campaign with loyalty benefits, personalized communication, or a customer satisfaction survey. Prioritize addressing the key churn drivers identified: categorical__Contract_Month-to-month, categorical__InternetService_Fiber optic, categorical__DeviceProtection_No."
2282,0.42102,Medium Risk,99.5,High Value,Medium,"categorical__Contract_Month-to-month, numerical__MonthlyCharges, categorical__InternetService_Fiber optic","numerical__tenure, categorical__PaymentMethod_Electronic check, numerical__TotalCharges","Run an engagement campaign with loyalty benefits, personalized communication, or a customer satisfaction survey. Prioritize addressing the key churn drivers identified: categorical__Contract_Month-to-month, numerical__MonthlyCharges, categorical__InternetService_Fiber optic."
2973,0.420648,Medium Risk,100.15,High Value,Medium,"categorical__Contract_Month-to-month, categorical__gender_Female, numerical__MonthlyCharges","numerical__tenure, categorical__MultipleLines_No, numerical__TotalCharges","Run an engagement campaign with loyalty benefits, personalized communication, or a customer satisfaction survey. Prioritize addressing the key churn drivers identified: categorical__Contract_Month-to-month, categorical__gender_Female, numerical__MonthlyCharges."
2606,0.41987187,Medium Risk,104.35,High Value,Medium,"categorical__gender_Female, categorical__Contract_Month-to-month, categorical__InternetService_Fiber optic","numerical__tenure, categorical__OnlineSecurity_No, categorical__PaperlessBilling_Yes","Run an engagement campaign with loyalty benefits, personalized communication, or a customer satisfaction survey. Prioritize addressing the key churn drivers identified: categorical__gender_Female, categorical__Contract_Month-to-month, categorical__InternetService_Fiber optic."
895,0.41982135,Medium Risk,94.3,High Value,Medium,"categorical__Contract_Month-to-month, categorical__InternetService_Fiber optic, categorical__DeviceProtection_No","numerical__tenure, categorical__OnlineSecurity_No, categorical__PaymentMethod_Electronic check","Run an engagement campaign with loyalty benefits, personalized communication, or a customer satisfaction survey. Prioritize addressing the key churn drivers identified: categorical__Contract_Month-to-month, categorical__InternetService_Fiber optic, categorical__DeviceProtection_No."
4713,0.4164751,Medium Risk,105.05,High Value,Medium,"numerical__MonthlyCharges, categorical__InternetService_Fiber optic, categorical__StreamingTV_Yes","categorical__Contract_Month-to-month, numerical__tenure, categorical__PaymentMethod_Electronic check","Run an engagement campaign with loyalty benefits, personalized communication, or a customer satisfaction survey. Prioritize addressing the key churn drivers identified: numerical__MonthlyCharges, categorical__InternetService_Fiber optic, categorical__StreamingTV_Yes."
6036,0.41600192,Medium Risk,110.5,High Value,Medium,"numerical__MonthlyCharges, categorical__gender_Female, categorical__PaperlessBilling_No","categorical__Contract_Month-to-month, categorical__PaperlessBilling_Yes, categorical__gender_Male","Run an engagement campaign with loyalty benefits, personalized communication, or a customer satisfaction survey. Prioritize addressing the key churn drivers identified: numerical__MonthlyCharges, categorical__gender_Female, categorical__PaperlessBilling_No."
6181,0.4154968,Medium Risk,99.9,High Value,Medium,"numerical__MonthlyCharges, categorical__InternetService_Fiber optic, categorical__PaymentMethod_Electronic check","categorical__Contract_Month-to-month, numerical__tenure, numerical__TotalCharges","Run an engagement campaign with loyalty benefits, personalized communication, or a customer satisfaction survey. Prioritize addressing the key churn drivers identified: numerical__MonthlyCharges, categorical__InternetService_Fiber optic, categorical__PaymentMethod_Electronic check."
267,0.41517526,Medium Risk,105.0,High Value,Medium,"categorical__gender_Female, numerical__MonthlyCharges, categorical__Contract_Month-to-month","categorical__gender_Male, categorical__OnlineSecurity_No, numerical__tenure","Run an engagement campaign with loyalty benefits, personalized communication, or a customer satisfaction survey. Prioritize addressing the key churn drivers identified: categorical__gender_Female, numerical__MonthlyCharges, categorical__Contract_Month-to-month."
2907,0.41395298,Medium Risk,89.0,High Value,Medium,"categorical__Contract_Month-to-month, categorical__InternetService_Fiber optic, categorical__OnlineSecurity_No","numerical__tenure, categorical__PaymentMethod_Electronic check, categorical__MultipleLines_No","Run an engagement campaign with loyalty benefits, personalized communication, or a customer satisfaction survey. Prioritize addressing the key churn drivers identified: categorical__Contract_Month-to-month, categorical__InternetService_Fiber optic, categorical__OnlineSecurity_No."
6311,0.41387382,Medium Risk,100.15,High Value,Medium,"categorical__gender_Female, categorical__InternetService_Fiber optic, numerical__MonthlyCharges","categorical__Contract_Month-to-month, numerical__tenure, categorical__gender_Male","Run an engagement campaign with loyalty benefits, personalized communication, or a customer satisfaction survey. Prioritize addressing the key churn drivers identified: categorical__gender_Female, categorical__InternetService_Fiber optic, numerical__MonthlyCharges."
5105,0.41276392,Medium Risk,99.2,High Value,Medium,"categorical__gender_Female, numerical__MonthlyCharges, numerical__SeniorCitizen","categorical__Contract_Month-to-month, categorical__gender_Male, categorical__MultipleLines_No","Run an engagement campaign with loyalty benefits, personalized communication, or a customer satisfaction survey. Prioritize addressing the key churn drivers identified: categorical__gender_Female, numerical__MonthlyCharges, numerical__SeniorCitizen."
6712,0.4127377,Medium Risk,85.45,High Value,Medium,"categorical__Contract_Month-to-month, categorical__PaymentMethod_Electronic check, categorical__InternetService_Fiber optic","numerical__tenure, categorical__PaperlessBilling_Yes, categorical__MultipleLines_No","Run an engagement campaign with loyalty benefits, personalized communication, or a customer satisfaction survey. Prioritize addressing the key churn drivers identified: categorical__Contract_Month-to-month, categorical__PaymentMethod_Electronic check, categorical__InternetService_Fiber optic."
4389,0.41217253,Medium Risk,100.4,High Value,Medium,"categorical__Contract_Month-to-month, categorical__InternetService_Fiber optic, categorical__DeviceProtection_No","numerical__tenure, categorical__OnlineSecurity_No, categorical__PaymentMethod_Electronic check","Run an engagement campaign with loyalty benefits, personalized communication, or a customer satisfaction survey. Prioritize addressing the key churn drivers identified: categorical__Contract_Month-to-month, categorical__InternetService_Fiber optic, categorical__DeviceProtection_No."
3669,0.40833393,Medium Risk,111.5,High Value,Medium,"categorical__Contract_Month-to-month, categorical__InternetService_Fiber optic, numerical__MonthlyCharges","categorical__OnlineSecurity_No, numerical__tenure, numerical__TotalCharges","Run an engagement campaign with loyalty benefits, personalized communication, or a customer satisfaction survey. Prioritize addressing the key churn drivers identified: categorical__Contract_Month-to-month, categorical__InternetService_Fiber optic, numerical__MonthlyCharges."
325,0.40832692,Medium Risk,102.7,High Value,Medium,"categorical__Contract_Month-to-month, categorical__gender_Female, categorical__InternetService_Fiber optic","numerical__tenure, categorical__gender_Male, categorical__TechSupport_No","Run an engagement campaign with loyalty benefits, personalized communication, or a customer satisfaction survey. Prioritize addressing the key churn drivers identified: categorical__Contract_Month-to-month, categorical__gender_Female, categorical__InternetService_Fiber optic."
402,0.4024397,Medium Risk,99.45,High Value,Medium,"categorical__Contract_Month-to-month, numerical__MonthlyCharges, categorical__InternetService_Fiber optic","numerical__tenure, categorical__PaymentMethod_Electronic check, categorical__PaymentMethod_Credit card (automatic)","Run an engagement campaign with loyalty benefits, personalized communication, or a customer satisfaction survey. Prioritize addressing the key churn drivers identified: categorical__Contract_Month-to-month, numerical__MonthlyCharges, categorical__InternetService_Fiber optic."
6340,0.4021233,Medium Risk,96.9,High Value,Medium,"categorical__Contract_Month-to-month, categorical__InternetService_Fiber optic, numerical__MonthlyCharges","numerical__tenure, categorical__PaymentMethod_Electronic check, categorical__TechSupport_No","Run an engagement campaign with loyalty benefits, personalized communication, or a customer satisfaction survey. Prioritize addressing the key churn drivers identified: categorical__Contract_Month-to-month, categorical__InternetService_Fiber optic, numerical__MonthlyCharges."
6413,0.39919275,Medium Risk,91.05,High Value,Medium,"categorical__Contract_Month-to-month, categorical__gender_Female, categorical__InternetService_Fiber optic","numerical__tenure, categorical__PaymentMethod_Electronic check, categorical__gender_Male","Run an engagement campaign with loyalty benefits, personalized communication, or a customer satisfaction survey. Prioritize addressing the key churn drivers identified: categorical__Contract_Month-to-month, categorical__gender_Female, categorical__InternetService_Fiber optic."
6266,0.39860117,Medium Risk,83.85,High Value,Medium,"categorical__Contract_Month-to-month, categorical__InternetService_Fiber optic, categorical__OnlineSecurity_No","numerical__tenure, categorical__PaymentMethod_Electronic check, categorical__Partner_Yes","Run an engagement campaign with loyalty benefits, personalized communication, or a customer satisfaction survey. Prioritize addressing the key churn drivers identified: categorical__Contract_Month-to-month, categorical__InternetService_Fiber optic, categorical__OnlineSecurity_No."
384,0.39797965,Medium Risk,108.1,High Value,Medium,"numerical__MonthlyCharges, categorical__InternetService_Fiber optic, categorical__Partner_No","categorical__Contract_Month-to-month, numerical__tenure, categorical__Contract_Two year","Run an engagement campaign with loyalty benefits, personalized communication, or a customer satisfaction survey. Prioritize addressing the key churn drivers identified: numerical__MonthlyCharges, categorical__InternetService_Fiber optic, categorical__Partner_No."
6127,0.39424542,Medium Risk,109.8,High Value,Medium,"numerical__MonthlyCharges, categorical__gender_Female, categorical__InternetService_Fiber optic","categorical__Contract_Month-to-month, categorical__PaperlessBilling_Yes, categorical__gender_Male","Run an engagement campaign with loyalty benefits, personalized communication, or a customer satisfaction survey. Prioritize addressing the key churn drivers identified: numerical__MonthlyCharges, categorical__gender_Female, categorical__InternetService_Fiber optic."
6323,0.39280823,Medium Risk,105.95,High Value,Medium,"numerical__MonthlyCharges, categorical__gender_Female, categorical__InternetService_Fiber optic","categorical__Contract_Month-to-month, categorical__gender_Male, numerical__tenure","Run an engagement campaign with loyalty benefits, personalized communication, or a customer satisfaction survey. Prioritize addressing the key churn drivers identified: numerical__MonthlyCharges, categorical__gender_Female, categorical__InternetService_Fiber optic."
3302,0.3871627,Medium Risk,103.45,High Value,Medium,"categorical__InternetService_Fiber optic, categorical__Partner_No, numerical__MonthlyCharges","categorical__Contract_Month-to-month, numerical__tenure, categorical__Partner_Yes","Run an engagement campaign with loyalty benefits, personalized communication, or a customer satisfaction survey. Prioritize addressing the key churn drivers identified: categorical__InternetService_Fiber optic, categorical__Partner_No, numerical__MonthlyCharges."
3730,0.3837058,Medium Risk,104.5,High Value,Medium,"categorical__Contract_Month-to-month, categorical__gender_Female, categorical__InternetService_Fiber optic","numerical__tenure, categorical__gender_Male, categorical__PaymentMethod_Electronic check","Run an engagement campaign with loyalty benefits, personalized communication, or a customer satisfaction survey. Prioritize addressing the key churn drivers identified: categorical__Contract_Month-to-month, categorical__gender_Female, categorical__InternetService_Fiber optic."
5901,0.38132462,Medium Risk,84.5,High Value,Medium,"categorical__Contract_Month-to-month, categorical__PaymentMethod_Electronic check, categorical__InternetService_Fiber optic","numerical__tenure, categorical__PaperlessBilling_Yes, numerical__TotalCharges","Run an engagement campaign with loyalty benefits, personalized communication, or a customer satisfaction survey. Prioritize addressing the key churn drivers identified: categorical__Contract_Month-to-month, categorical__PaymentMethod_Electronic check, categorical__InternetService_Fiber optic."
4594,0.37948728,Medium Risk,102.8,High Value,Medium,"categorical__Contract_Month-to-month, categorical__gender_Female, categorical__InternetService_Fiber optic","categorical__TechSupport_No, numerical__tenure, categorical__gender_Male","Run an engagement campaign with loyalty benefits, personalized communication, or a customer satisfaction survey. Prioritize addressing the key churn drivers identified: categorical__Contract_Month-to-month, categorical__gender_Female, categorical__InternetService_Fiber optic."
5101,0.37866548,Medium Risk,106.65,High Value,Medium,"categorical__Contract_Month-to-month, categorical__InternetService_Fiber optic, numerical__MonthlyCharges","categorical__OnlineSecurity_No, categorical__TechSupport_No, categorical__Partner_Yes","Run an engagement campaign with loyalty benefits, personalized communication, or a customer satisfaction survey. Prioritize addressing the key churn drivers identified: categorical__Contract_Month-to-month, categorical__InternetService_Fiber optic, numerical__MonthlyCharges."
3445,0.37635946,Medium Risk,103.15,High Value,Medium,"numerical__MonthlyCharges, categorical__gender_Female, categorical__InternetService_Fiber optic","categorical__Contract_Month-to-month, categorical__gender_Male, numerical__tenure","Run an engagement campaign with loyalty benefits, personalized communication, or a customer satisfaction survey. Prioritize addressing the key churn drivers identified: numerical__MonthlyCharges, categorical__gender_Female, categorical__InternetService_Fiber optic."
560,0.37475613,Medium Risk,107.25,High Value,Medium,"categorical__InternetService_Fiber optic, numerical__MonthlyCharges, categorical__StreamingTV_Yes","categorical__Contract_Month-to-month, numerical__tenure, categorical__TechSupport_No","Run an engagement campaign with loyalty benefits, personalized communication, or a customer satisfaction survey. Prioritize addressing the key churn drivers identified: categorical__InternetService_Fiber optic, numerical__MonthlyCharges, categorical__StreamingTV_Yes."
1441,0.3731564,Medium Risk,97.8,High Value,Medium,"categorical__gender_Female, categorical__InternetService_Fiber optic, numerical__MonthlyCharges","categorical__Contract_Month-to-month, numerical__tenure, categorical__gender_Male","Run an engagement campaign with loyalty benefits, personalized communication, or a customer satisfaction survey. Prioritize addressing the key churn drivers identified: categorical__gender_Female, categorical__InternetService_Fiber optic, numerical__MonthlyCharges."
3854,0.36558804,Medium Risk,109.65,High Value,Medium,"numerical__MonthlyCharges, categorical__gender_Female, categorical__InternetService_Fiber optic","numerical__tenure, categorical__gender_Male, categorical__OnlineSecurity_No","Run an engagement campaign with loyalty benefits, personalized communication, or a customer satisfaction survey. Prioritize addressing the key churn drivers identified: numerical__MonthlyCharges, categorical__gender_Female, categorical__InternetService_Fiber optic."
3170,0.3585069,Medium Risk,100.2,High Value,Medium,"categorical__InternetService_Fiber optic, numerical__MonthlyCharges, categorical__Partner_No","categorical__Contract_Month-to-month, numerical__tenure, categorical__PaperlessBilling_Yes","Run an engagement campaign with loyalty benefits, personalized communication, or a customer satisfaction survey. Prioritize addressing the key churn drivers identified: categorical__InternetService_Fiber optic, numerical__MonthlyCharges, categorical__Partner_No."
6126,0.35482016,Medium Risk,95.9,High Value,Medium,"categorical__Contract_Month-to-month, categorical__InternetService_Fiber optic, categorical__Partner_No","numerical__tenure, categorical__PaymentMethod_Electronic check, categorical__MultipleLines_No","Run an engagement campaign with loyalty benefits, personalized communication, or a customer satisfaction survey. Prioritize addressing the key churn drivers identified: categorical__Contract_Month-to-month, categorical__InternetService_Fiber optic, categorical__Partner_No."
1398,0.35477087,Medium Risk,84.35,High Value,Medium,"categorical__Contract_Month-to-month, categorical__gender_Female, categorical__InternetService_Fiber optic","categorical__OnlineSecurity_No, categorical__TechSupport_No, categorical__gender_Male","Run an engagement campaign with loyalty benefits, personalized communication, or a customer satisfaction survey. Prioritize addressing the key churn drivers identified: categorical__Contract_Month-to-month, categorical__gender_Female, categorical__InternetService_Fiber optic."
5781,0.3531628,Medium Risk,89.2,High Value,Medium,"categorical__Contract_Month-to-month, categorical__gender_Female, categorical__InternetService_Fiber optic","numerical__tenure, categorical__TechSupport_No, categorical__gender_Male","Run an engagement campaign with loyalty benefits, personalized communication, or a customer satisfaction survey. Prioritize addressing the key churn drivers identified: categorical__Contract_Month-to-month, categorical__gender_Female, categorical__InternetService_Fiber optic."
110,0.3500281,Medium Risk,96.75,High Value,Medium,"categorical__Contract_Month-to-month, categorical__InternetService_Fiber optic, categorical__PaymentMethod_Electronic check","numerical__tenure, categorical__OnlineSecurity_No, numerical__TotalCharges","Run an engagement campaign with loyalty benefits, personalized communication, or a customer satisfaction survey. Prioritize addressing the key churn drivers identified: categorical__Contract_Month-to-month, categorical__InternetService_Fiber optic, categorical__PaymentMethod_Electronic check."
2812,0.34767345,Medium Risk,104.05,High Value,Medium,"categorical__InternetService_Fiber optic, numerical__MonthlyCharges, categorical__MultipleLines_No","categorical__Contract_Month-to-month, numerical__tenure, categorical__TechSupport_No","Run an engagement campaign with loyalty benefits, personalized communication, or a customer satisfaction survey. Prioritize addressing the key churn drivers identified: categorical__InternetService_Fiber optic, numerical__MonthlyCharges, categorical__MultipleLines_No."
6330,0.34619114,Medium Risk,90.15,High Value,Medium,"categorical__Contract_Month-to-month, categorical__gender_Female, categorical__InternetService_Fiber optic","numerical__tenure, categorical__PaperlessBilling_Yes, categorical__PaymentMethod_Electronic check","Run an engagement campaign with loyalty benefits, personalized communication, or a customer satisfaction survey. Prioritize addressing the key churn drivers identified: categorical__Contract_Month-to-month, categorical__gender_Female, categorical__InternetService_Fiber optic."
6974,0.34584045,Medium Risk,98.85,High Value,Medium,"categorical__InternetService_Fiber optic, categorical__gender_Female, numerical__MonthlyCharges","categorical__Contract_Month-to-month, numerical__tenure, numerical__TotalCharges","Run an engagement campaign with loyalty benefits, personalized communication, or a customer satisfaction survey. Prioritize addressing the key churn drivers identified: categorical__InternetService_Fiber optic, categorical__gender_Female, numerical__MonthlyCharges."
3901,0.3437584,Medium Risk,111.3,High Value,Medium,"numerical__TotalCharges, numerical__MonthlyCharges, categorical__InternetService_Fiber optic","categorical__Contract_Month-to-month, numerical__tenure, categorical__Contract_Two year","Run an engagement campaign with loyalty benefits, personalized communication, or a customer satisfaction survey. Prioritize addressing the key churn drivers identified: numerical__TotalCharges, numerical__MonthlyCharges, categorical__InternetService_Fiber optic."
4874,0.34367695,Medium Risk,83.9,High Value,Medium,"categorical__Contract_Month-to-month, categorical__gender_Female, categorical__InternetService_Fiber optic","categorical__OnlineSecurity_No, categorical__gender_Male, categorical__PaymentMethod_Electronic check","Run an engagement campaign with loyalty benefits, personalized communication, or a customer satisfaction survey. Prioritize addressing the key churn drivers identified: categorical__Contract_Month-to-month, categorical__gender_Female, categorical__InternetService_Fiber optic."
5114,0.34166798,Medium Risk,83.4,High Value,Medium,"categorical__Contract_Month-to-month, categorical__gender_Female, categorical__InternetService_Fiber optic","categorical__OnlineSecurity_No, numerical__tenure, categorical__gender_Male","Run an engagement campaign with loyalty benefits, personalized communication, or a customer satisfaction survey. Prioritize addressing the key churn drivers identified: categorical__Contract_Month-to-month, categorical__gender_Female, categorical__InternetService_Fiber optic."
6084,0.34081706,Medium Risk,95.0,High Value,Medium,"categorical__Contract_Month-to-month, categorical__InternetService_Fiber optic, categorical__OnlineSecurity_No","numerical__TotalCharges, numerical__tenure, categorical__PaymentMethod_Electronic check","Run an engagement campaign with loyalty benefits, personalized communication, or a customer satisfaction survey. Prioritize addressing the key churn drivers identified: categorical__Contract_Month-to-month, categorical__InternetService_Fiber optic, categorical__OnlineSecurity_No."
3453,0.3379302,Medium Risk,97.65,High Value,Medium,"categorical__InternetService_Fiber optic, categorical__gender_Female, numerical__MonthlyCharges","categorical__Contract_Month-to-month, numerical__tenure, categorical__gender_Male","Run an engagement campaign with loyalty benefits, personalized communication, or a customer satisfaction survey. Prioritize addressing the key churn drivers identified: categorical__InternetService_Fiber optic, categorical__gender_Female, numerical__MonthlyCharges."
4447,0.3339707,Medium Risk,107.7,High Value,Medium,"categorical__Contract_Month-to-month, categorical__InternetService_Fiber optic, categorical__DeviceProtection_No","numerical__tenure, categorical__OnlineSecurity_No, categorical__TechSupport_No","Run an engagement campaign with loyalty benefits, personalized communication, or a customer satisfaction survey. Prioritize addressing the key churn drivers identified: categorical__Contract_Month-to-month, categorical__InternetService_Fiber optic, categorical__DeviceProtection_No."
995,0.3328042,Medium Risk,85.3,High Value,Medium,"categorical__Contract_Month-to-month, categorical__gender_Female, categorical__InternetService_Fiber optic","numerical__tenure, categorical__PaperlessBilling_Yes, categorical__gender_Male","Run an engagement campaign with loyalty benefits, personalized communication, or a customer satisfaction survey. Prioritize addressing the key churn drivers identified: categorical__Contract_Month-to-month, categorical__gender_Female, categorical__InternetService_Fiber optic."
1469,0.3317459,Medium Risk,98.8,High Value,Medium,"categorical__Contract_Month-to-month, numerical__MonthlyCharges, categorical__InternetService_Fiber optic","numerical__tenure, numerical__TotalCharges, categorical__PaperlessBilling_Yes","Run an engagement campaign with loyalty benefits, personalized communication, or a customer satisfaction survey. Prioritize addressing the key churn drivers identified: categorical__Contract_Month-to-month, numerical__MonthlyCharges, categorical__InternetService_Fiber optic."
4306,0.3294819,Medium Risk,110.1,High Value,Medium,"numerical__MonthlyCharges, categorical__Contract_Month-to-month, categorical__InternetService_Fiber optic","categorical__OnlineSecurity_No, numerical__tenure, categorical__TechSupport_No","Run an engagement campaign with loyalty benefits, personalized communication, or a customer satisfaction survey. Prioritize addressing the key churn drivers identified: numerical__MonthlyCharges, categorical__Contract_Month-to-month, categorical__InternetService_Fiber optic."
1876,0.32866958,Medium Risk,95.2,High Value,Medium,"categorical__InternetService_Fiber optic, categorical__DeviceProtection_No, categorical__StreamingMovies_Yes","categorical__Contract_Month-to-month, numerical__tenure, categorical__PaymentMethod_Electronic check","Run an engagement campaign with loyalty benefits, personalized communication, or a customer satisfaction survey. Prioritize addressing the key churn drivers identified: categorical__InternetService_Fiber optic, categorical__DeviceProtection_No, categorical__StreamingMovies_Yes."
4547,0.32575732,Medium Risk,105.5,High Value,Medium,"categorical__Contract_Month-to-month, categorical__InternetService_Fiber optic, numerical__MonthlyCharges","numerical__tenure, categorical__OnlineSecurity_No, categorical__DeviceProtection_Yes","Run an engagement campaign with loyalty benefits, personalized communication, or a customer satisfaction survey. Prioritize addressing the key churn drivers identified: categorical__Contract_Month-to-month, categorical__InternetService_Fiber optic, numerical__MonthlyCharges."
4577,0.32390207,Medium Risk,104.85,High Value,Medium,"numerical__MonthlyCharges, categorical__InternetService_Fiber optic, categorical__gender_Female","numerical__tenure, categorical__Contract_Month-to-month, categorical__gender_Male","Run an engagement campaign with loyalty benefits, personalized communication, or a customer satisfaction survey. Prioritize addressing the key churn drivers identified: numerical__MonthlyCharges, categorical__InternetService_Fiber optic, categorical__gender_Female."
6205,0.3195176,Medium Risk,95.25,High Value,Medium,"categorical__Contract_Month-to-month, categorical__InternetService_Fiber optic, categorical__MultipleLines_No","numerical__TotalCharges, numerical__tenure, categorical__PaymentMethod_Electronic check","Run an engagement campaign with loyalty benefits, personalized communication, or a customer satisfaction survey. Prioritize addressing the key churn drivers identified: categorical__Contract_Month-to-month, categorical__InternetService_Fiber optic, categorical__MultipleLines_No."
3240,0.31944305,Medium Risk,106.55,High Value,Medium,"categorical__gender_Female, categorical__InternetService_Fiber optic, numerical__MonthlyCharges","categorical__Contract_Month-to-month, categorical__gender_Male, categorical__PaperlessBilling_Yes","Run an engagement campaign with loyalty benefits, personalized communication, or a customer satisfaction survey. Prioritize addressing the key churn drivers identified: categorical__gender_Female, categorical__InternetService_Fiber optic, numerical__MonthlyCharges."
3751,0.31791073,Medium Risk,109.45,High Value,Medium,"numerical__MonthlyCharges, categorical__Contract_Month-to-month, categorical__InternetService_Fiber optic","numerical__tenure, categorical__OnlineSecurity_No, categorical__PaymentMethod_Electronic check","Run an engagement campaign with loyalty benefits, personalized communication, or a customer satisfaction survey. Prioritize addressing the key churn drivers identified: numerical__MonthlyCharges, categorical__Contract_Month-to-month, categorical__InternetService_Fiber optic."
2264,0.31598037,Medium Risk,114.95,High Value,Medium,"numerical__TotalCharges, categorical__InternetService_Fiber optic, categorical__Partner_No","categorical__Contract_Month-to-month, categorical__Contract_Two year, categorical__OnlineSecurity_No","Run an engagement campaign with loyalty benefits, personalized communication, or a customer satisfaction survey. Prioritize addressing the key churn drivers identified: numerical__TotalCharges, categorical__InternetService_Fiber optic, categorical__Partner_No."
2024,0.31561214,Medium Risk,95.7,High Value,Medium,"categorical__InternetService_Fiber optic, categorical__Partner_No, categorical__OnlineSecurity_No","categorical__Contract_Month-to-month, categorical__PaperlessBilling_Yes, categorical__MultipleLines_No","Run an engagement campaign with loyalty benefits, personalized communication, or a customer satisfaction survey. Prioritize addressing the key churn drivers identified: categorical__InternetService_Fiber optic, categorical__Partner_No, categorical__OnlineSecurity_No."
5224,0.31560448,Medium Risk,100.15,High Value,Medium,"categorical__InternetService_Fiber optic, categorical__gender_Female, numerical__MonthlyCharges","categorical__Contract_Month-to-month, numerical__tenure, categorical__gender_Male","Run an engagement campaign with loyalty benefits, personalized communication, or a customer satisfaction survey. Prioritize addressing the key churn drivers identified: categorical__InternetService_Fiber optic, categorical__gender_Female, numerical__MonthlyCharges."
5118,0.30934122,Medium Risk,85.9,High Value,Medium,"categorical__Contract_Month-to-month, categorical__gender_Female, categorical__InternetService_Fiber optic","numerical__tenure, numerical__TotalCharges, categorical__PaymentMethod_Electronic check","Run an engagement campaign with loyalty benefits, personalized communication, or a customer satisfaction survey. Prioritize addressing the key churn drivers identified: categorical__Contract_Month-to-month, categorical__gender_Female, categorical__InternetService_Fiber optic."
4697,0.30514145,Medium Risk,94.65,High Value,Medium,"categorical__Contract_Month-to-month, categorical__PaymentMethod_Electronic check, categorical__OnlineSecurity_No","numerical__tenure, categorical__MultipleLines_No, numerical__TotalCharges","Run an engagement campaign with loyalty benefits, personalized communication, or a customer satisfaction survey. Prioritize addressing the key churn drivers identified: categorical__Contract_Month-to-month, categorical__PaymentMethod_Electronic check, categorical__OnlineSecurity_No."
4422,0.3021947,Medium Risk,97.0,High Value,Medium,"categorical__InternetService_Fiber optic, numerical__TotalCharges, categorical__DeviceProtection_No","categorical__Contract_Month-to-month, numerical__tenure, categorical__MultipleLines_No","Run an engagement campaign with loyalty benefits, personalized communication, or a customer satisfaction survey. Prioritize addressing the key churn drivers identified: categorical__InternetService_Fiber optic, numerical__TotalCharges, categorical__DeviceProtection_No."
5669,0.3019397,Medium Risk,100.55,High Value,Medium,"categorical__InternetService_Fiber optic, numerical__SeniorCitizen, categorical__OnlineSecurity_No","categorical__Contract_Month-to-month, categorical__MultipleLines_No, numerical__tenure","Run an engagement campaign with loyalty benefits, personalized communication, or a customer satisfaction survey. Prioritize addressing the key churn drivers identified: categorical__InternetService_Fiber optic, numerical__SeniorCitizen, categorical__OnlineSecurity_No."
6948,0.3008008,Medium Risk,103.7,High Value,Medium,"numerical__MonthlyCharges, categorical__gender_Female, categorical__InternetService_Fiber optic","categorical__Contract_Month-to-month, categorical__gender_Male, categorical__OnlineSecurity_No","Run an engagement campaign with loyalty benefits, personalized communication, or a customer satisfaction survey. Prioritize addressing the key churn drivers identified: numerical__MonthlyCharges, categorical__gender_Female, categorical__InternetService_Fiber optic."
1854,0.9237534,Critical Risk,43.3,Low Value,Low,"numerical__tenure, categorical__Contract_Month-to-month, numerical__SeniorCitizen","categorical__InternetService_Fiber optic, categorical__OnlineBackup_No, categorical__Partner_Yes","Launch a low-cost automated retention campaign or send a personalized retention offer. Prioritize addressing the key churn drivers identified: numerical__tenure, categorical__Contract_Month-to-month, numerical__SeniorCitizen."
3233,0.90975225,Critical Risk,29.9,Low Value,Low,"categorical__Contract_Month-to-month, numerical__tenure, categorical__PaymentMethod_Electronic check","categorical__InternetService_Fiber optic, categorical__Partner_No, categorical__StreamingMovies_Yes","Launch a low-cost automated retention campaign or send a personalized retention offer. Prioritize addressing the key churn drivers identified: categorical__Contract_Month-to-month, numerical__tenure, categorical__PaymentMethod_Electronic check."
260,0.90918183,Critical Risk,41.15,Low Value,Low,"categorical__Contract_Month-to-month, numerical__tenure, categorical__OnlineSecurity_No","categorical__InternetService_Fiber optic, categorical__Partner_Yes, categorical__StreamingTV_Yes","Launch a low-cost automated retention campaign or send a personalized retention offer. Prioritize addressing the key churn drivers identified: categorical__Contract_Month-to-month, numerical__tenure, categorical__OnlineSecurity_No."
2662,0.8793894,Critical Risk,49.25,Low Value,Low,"numerical__tenure, categorical__Contract_Month-to-month, categorical__OnlineSecurity_No","categorical__InternetService_Fiber optic, numerical__MonthlyCharges, categorical__Partner_Yes","Launch a low-cost automated retention campaign or send a personalized retention offer. Prioritize addressing the key churn drivers identified: numerical__tenure, categorical__Contract_Month-to-month, categorical__OnlineSecurity_No."
2272,0.8542714,Critical Risk,49.85,Low Value,Low,"numerical__tenure, categorical__Contract_Month-to-month, categorical__PaymentMethod_Electronic check","categorical__InternetService_Fiber optic, numerical__MonthlyCharges, categorical__Partner_Yes","Launch a low-cost automated retention campaign or send a personalized retention offer. Prioritize addressing the key churn drivers identified: numerical__tenure, categorical__Contract_Month-to-month, categorical__PaymentMethod_Electronic check."
4883,0.8419418,Critical Risk,29.4,Low Value,Low,"categorical__Contract_Month-to-month, categorical__PaymentMethod_Electronic check, categorical__OnlineSecurity_No","categorical__InternetService_Fiber optic, categorical__Partner_Yes, categorical__StreamingTV_Yes","Launch a low-cost automated retention campaign or send a personalized retention offer. Prioritize addressing the key churn drivers identified: categorical__Contract_Month-to-month, categorical__PaymentMethod_Electronic check, categorical__OnlineSecurity_No."
5652,0.78487664,High Risk,48.6,Low Value,Low,"numerical__tenure, categorical__Contract_Month-to-month, categorical__gender_Female","categorical__gender_Male, categorical__InternetService_Fiber optic, categorical__OnlineBackup_No","Launch a targeted email/SMS campaign with relevant service incentives or promotional benefits. Prioritize addressing the key churn drivers identified: numerical__tenure, categorical__Contract_Month-to-month, categorical__gender_Female."
3183,0.7832961,High Risk,36.45,Low Value,Low,"categorical__Contract_Month-to-month, numerical__tenure, numerical__SeniorCitizen","categorical__PaymentMethod_Electronic check, categorical__InternetService_Fiber optic, categorical__DeviceProtection_Yes","Launch a targeted email/SMS campaign with relevant service incentives or promotional benefits. Prioritize addressing the key churn drivers identified: categorical__Contract_Month-to-month, numerical__tenure, numerical__SeniorCitizen."
1734,0.7760352,High Risk,45.4,Low Value,Low,"categorical__Contract_Month-to-month, categorical__PaymentMethod_Electronic check, categorical__OnlineSecurity_No","categorical__InternetService_Fiber optic, categorical__Partner_Yes, categorical__DeviceProtection_Yes","Launch a targeted email/SMS campaign with relevant service incentives or promotional benefits. Prioritize addressing the key churn drivers identified: categorical__Contract_Month-to-month, categorical__PaymentMethod_Electronic check, categorical__OnlineSecurity_No."
1549,0.76544803,High Risk,45.85,Low Value,Low,"numerical__tenure, categorical__Contract_Month-to-month, categorical__Partner_No","categorical__InternetService_Fiber optic, categorical__PaymentMethod_Electronic check, categorical__Partner_Yes","Launch a targeted email/SMS campaign with relevant service incentives or promotional benefits. Prioritize addressing the key churn drivers identified: numerical__tenure, categorical__Contract_Month-to-month, categorical__Partner_No."
6761,0.76541346,High Risk,19.9,Low Value,Low,"numerical__tenure, numerical__TotalCharges, categorical__Contract_Month-to-month","categorical__OnlineSecurity_No, categorical__InternetService_Fiber optic, categorical__TechSupport_No","Launch a targeted email/SMS campaign with relevant service incentives or promotional benefits. Prioritize addressing the key churn drivers identified: numerical__tenure, numerical__TotalCharges, categorical__Contract_Month-to-month."
2296,0.76148653,High Risk,45.2,Low Value,Low,"numerical__tenure, categorical__Contract_Month-to-month, categorical__OnlineSecurity_No","categorical__PaperlessBilling_Yes, categorical__InternetService_Fiber optic, categorical__Partner_Yes","Launch a targeted email/SMS campaign with relevant service incentives or promotional benefits. Prioritize addressing the key churn drivers identified: numerical__tenure, categorical__Contract_Month-to-month, categorical__OnlineSecurity_No."
2295,0.74547315,High Risk,25.15,Low Value,Low,"numerical__tenure, categorical__Contract_Month-to-month, categorical__Partner_No","numerical__MonthlyCharges, categorical__InternetService_Fiber optic, categorical__Partner_Yes","Launch a targeted email/SMS campaign with relevant service incentives or promotional benefits. Prioritize addressing the key churn drivers identified: numerical__tenure, categorical__Contract_Month-to-month, categorical__Partner_No."
128,0.7363493,High Risk,19.75,Low Value,Low,"numerical__tenure, categorical__Contract_Month-to-month, numerical__TotalCharges","categorical__OnlineSecurity_No, categorical__PaperlessBilling_Yes, categorical__InternetService_Fiber optic","Launch a targeted email/SMS campaign with relevant service incentives or promotional benefits. Prioritize addressing the key churn drivers identified: numerical__tenure, categorical__Contract_Month-to-month, numerical__TotalCharges."
2054,0.7328049,High Risk,49.4,Low Value,Low,"numerical__tenure, categorical__Contract_Month-to-month, categorical__gender_Female","categorical__gender_Male, categorical__InternetService_Fiber optic, numerical__MonthlyCharges","Launch a targeted email/SMS campaign with relevant service incentives or promotional benefits. Prioritize addressing the key churn drivers identified: numerical__tenure, categorical__Contract_Month-to-month, categorical__gender_Female."
3943,0.73148245,High Risk,44.0,Low Value,Low,"numerical__tenure, categorical__Contract_Month-to-month, categorical__OnlineSecurity_No","categorical__PaperlessBilling_Yes, categorical__InternetService_Fiber optic, numerical__MonthlyCharges","Launch a targeted email/SMS campaign with relevant service incentives or promotional benefits. Prioritize addressing the key churn drivers identified: numerical__tenure, categorical__Contract_Month-to-month, categorical__OnlineSecurity_No."
6107,0.72721606,High Risk,19.95,Low Value,Low,"numerical__tenure, numerical__TotalCharges, categorical__Contract_Month-to-month","categorical__OnlineSecurity_No, categorical__PaperlessBilling_Yes, categorical__InternetService_Fiber optic","Launch a targeted email/SMS campaign with relevant service incentives or promotional benefits. Prioritize addressing the key churn drivers identified: numerical__tenure, numerical__TotalCharges, categorical__Contract_Month-to-month."
4242,0.7264141,High Risk,19.75,Low Value,Low,"numerical__tenure, categorical__Contract_Month-to-month, numerical__MonthlyCharges","categorical__OnlineSecurity_No, categorical__gender_Male, categorical__PaperlessBilling_Yes","Launch a targeted email/SMS campaign with relevant service incentives or promotional benefits. Prioritize addressing the key churn drivers identified: numerical__tenure, categorical__Contract_Month-to-month, numerical__MonthlyCharges."
1993,0.72444886,High Risk,45.7,Low Value,Low,"numerical__tenure, categorical__Contract_Month-to-month, categorical__gender_Female","categorical__gender_Male, categorical__InternetService_Fiber optic, categorical__Dependents_No","Launch a targeted email/SMS campaign with relevant service incentives or promotional benefits. Prioritize addressing the key churn drivers identified: numerical__tenure, categorical__Contract_Month-to-month, categorical__gender_Female."
5514,0.69938976,High Risk,48.45,Low Value,Low,"numerical__tenure, categorical__Contract_Month-to-month, categorical__gender_Female","categorical__OnlineSecurity_No, categorical__gender_Male, categorical__InternetService_Fiber optic","Launch a targeted email/SMS campaign with relevant service incentives or promotional benefits. Prioritize addressing the key churn drivers identified: numerical__tenure, categorical__Contract_Month-to-month, categorical__gender_Female."
22,0.6963615,High Risk,20.15,Low Value,Low,"numerical__tenure, numerical__TotalCharges, categorical__Contract_Month-to-month","categorical__OnlineSecurity_No, categorical__PaperlessBilling_Yes, categorical__InternetService_Fiber optic","Launch a targeted email/SMS campaign with relevant service incentives or promotional benefits. Prioritize addressing the key churn drivers identified: numerical__tenure, numerical__TotalCharges, categorical__Contract_Month-to-month."
2431,0.6901869,High Risk,24.45,Low Value,Low,"numerical__tenure, categorical__Contract_Month-to-month, numerical__SeniorCitizen","categorical__PaymentMethod_Electronic check, categorical__InternetService_Fiber optic, numerical__MonthlyCharges","Launch a targeted email/SMS campaign with relevant service incentives or promotional benefits. Prioritize addressing the key churn drivers identified: numerical__tenure, categorical__Contract_Month-to-month, numerical__SeniorCitizen."
185,0.68713033,High Risk,24.8,Low Value,Low,"numerical__tenure, categorical__Contract_Month-to-month, categorical__gender_Female","categorical__gender_Male, numerical__MonthlyCharges, categorical__InternetService_Fiber optic","Launch a targeted email/SMS campaign with relevant service incentives or promotional benefits. Prioritize addressing the key churn drivers identified: numerical__tenure, categorical__Contract_Month-to-month, categorical__gender_Female."
3041,0.6691557,High Risk,49.9,Low Value,Low,"numerical__tenure, categorical__Contract_Month-to-month, categorical__OnlineSecurity_No","categorical__InternetService_Fiber optic, categorical__OnlineBackup_No, numerical__MonthlyCharges","Launch a targeted email/SMS campaign with relevant service incentives or promotional benefits. Prioritize addressing the key churn drivers identified: numerical__tenure, categorical__Contract_Month-to-month, categorical__OnlineSecurity_No."
6673,0.6690292,High Risk,43.95,Low Value,Low,"numerical__tenure, categorical__Contract_Month-to-month, categorical__gender_Female","categorical__gender_Male, categorical__PaperlessBilling_Yes, categorical__InternetService_Fiber optic","Launch a targeted email/SMS campaign with relevant service incentives or promotional benefits. Prioritize addressing the key churn drivers identified: numerical__tenure, categorical__Contract_Month-to-month, categorical__gender_Female."
1800,0.66502553,High Risk,43.85,Low Value,Low,"numerical__tenure, categorical__Contract_Month-to-month, categorical__Partner_No","categorical__InternetService_Fiber optic, categorical__PaymentMethod_Electronic check, numerical__MonthlyCharges","Launch a targeted email/SMS campaign with relevant service incentives or promotional benefits. Prioritize addressing the key churn drivers identified: numerical__tenure, categorical__Contract_Month-to-month, categorical__Partner_No."
1633,0.66434497,High Risk,43.8,Low Value,Low,"numerical__tenure, categorical__Contract_Month-to-month, categorical__gender_Female","categorical__gender_Male, categorical__PaperlessBilling_Yes, categorical__InternetService_Fiber optic","Launch a targeted email/SMS campaign with relevant service incentives or promotional benefits. Prioritize addressing the key churn drivers identified: numerical__tenure, categorical__Contract_Month-to-month, categorical__gender_Female."
3468,0.6576567,High Risk,19.7,Low Value,Low,"numerical__tenure, categorical__Contract_Month-to-month, numerical__TotalCharges","categorical__OnlineSecurity_No, categorical__PaperlessBilling_Yes, categorical__InternetService_Fiber optic","Launch a targeted email/SMS campaign with relevant service incentives or promotional benefits. Prioritize addressing the key churn drivers identified: numerical__tenure, categorical__Contract_Month-to-month, numerical__TotalCharges."
3509,0.65600854,High Risk,44.9,Low Value,Low,"numerical__tenure, categorical__Contract_Month-to-month, categorical__Partner_No","categorical__InternetService_Fiber optic, categorical__PaymentMethod_Electronic check, numerical__MonthlyCharges","Launch a targeted email/SMS campaign with relevant service incentives or promotional benefits. Prioritize addressing the key churn drivers identified: numerical__tenure, categorical__Contract_Month-to-month, categorical__Partner_No."
1071,0.654726,High Risk,49.05,Low Value,Low,"numerical__tenure, categorical__Contract_Month-to-month, categorical__gender_Female","categorical__gender_Male, categorical__InternetService_Fiber optic, categorical__PaymentMethod_Electronic check","Launch a targeted email/SMS campaign with relevant service incentives or promotional benefits. Prioritize addressing the key churn drivers identified: numerical__tenure, categorical__Contract_Month-to-month, categorical__gender_Female."
1891,0.65117395,High Risk,45.1,Low Value,Low,"numerical__tenure, categorical__Contract_Month-to-month, categorical__gender_Female","categorical__gender_Male, categorical__InternetService_Fiber optic, categorical__PaperlessBilling_Yes","Launch a targeted email/SMS campaign with relevant service incentives or promotional benefits. Prioritize addressing the key churn drivers identified: numerical__tenure, categorical__Contract_Month-to-month, categorical__gender_Female."
1037,0.63295907,High Risk,49.15,Low Value,Low,"categorical__Contract_Month-to-month, categorical__gender_Female, categorical__PaymentMethod_Electronic check","categorical__InternetService_Fiber optic, categorical__gender_Male, categorical__PaperlessBilling_Yes","Launch a targeted email/SMS campaign with relevant service incentives or promotional benefits. Prioritize addressing the key churn drivers identified: categorical__Contract_Month-to-month, categorical__gender_Female, categorical__PaymentMethod_Electronic check."
2918,0.63133323,High Risk,43.35,Low Value,Low,"categorical__Contract_Month-to-month, numerical__SeniorCitizen, categorical__MultipleLines_No","categorical__InternetService_Fiber optic, categorical__PaymentMethod_Electronic check, numerical__TotalCharges","Launch a targeted email/SMS campaign with relevant service incentives or promotional benefits. Prioritize addressing the key churn drivers identified: categorical__Contract_Month-to-month, numerical__SeniorCitizen, categorical__MultipleLines_No."
893,0.6295813,High Risk,24.6,Low Value,Low,"numerical__tenure, categorical__Contract_Month-to-month, categorical__gender_Female","categorical__gender_Male, categorical__PaperlessBilling_Yes, numerical__MonthlyCharges","Launch a targeted email/SMS campaign with relevant service incentives or promotional benefits. Prioritize addressing the key churn drivers identified: numerical__tenure, categorical__Contract_Month-to-month, categorical__gender_Female."
6607,0.6240127,High Risk,25.3,Low Value,Low,"numerical__tenure, categorical__Contract_Month-to-month, categorical__PaymentMethod_Electronic check","numerical__MonthlyCharges, categorical__InternetService_Fiber optic, categorical__Dependents_No","Launch a targeted email/SMS campaign with relevant service incentives or promotional benefits. Prioritize addressing the key churn drivers identified: numerical__tenure, categorical__Contract_Month-to-month, categorical__PaymentMethod_Electronic check."
6789,0.6166801,High Risk,20.2,Low Value,Low,"numerical__tenure, categorical__Contract_Month-to-month, categorical__gender_Female","categorical__OnlineSecurity_No, categorical__gender_Male, categorical__InternetService_Fiber optic","Launch a targeted email/SMS campaign with relevant service incentives or promotional benefits. Prioritize addressing the key churn drivers identified: numerical__tenure, categorical__Contract_Month-to-month, categorical__gender_Female."
3092,0.61228985,High Risk,25.1,Low Value,Low,"numerical__tenure, categorical__Contract_Month-to-month, categorical__gender_Female","categorical__gender_Male, numerical__MonthlyCharges, categorical__InternetService_Fiber optic","Launch a targeted email/SMS campaign with relevant service incentives or promotional benefits. Prioritize addressing the key churn drivers identified: numerical__tenure, categorical__Contract_Month-to-month, categorical__gender_Female."
1173,0.60908765,High Risk,19.85,Low Value,Low,"numerical__tenure, categorical__Contract_Month-to-month, numerical__TotalCharges","categorical__OnlineSecurity_No, categorical__TechSupport_No, categorical__InternetService_Fiber optic","Launch a targeted email/SMS campaign with relevant service incentives or promotional benefits. Prioritize addressing the key churn drivers identified: numerical__tenure, categorical__Contract_Month-to-month, numerical__TotalCharges."
685,0.60699123,High Risk,49.9,Low Value,Low,"numerical__tenure, categorical__Contract_Month-to-month, categorical__gender_Female","categorical__TechSupport_No, categorical__gender_Male, categorical__InternetService_Fiber optic","Launch a targeted email/SMS campaign with relevant service incentives or promotional benefits. Prioritize addressing the key churn drivers identified: numerical__tenure, categorical__Contract_Month-to-month, categorical__gender_Female."
4930,0.6045173,High Risk,44.55,Low Value,Low,"numerical__tenure, categorical__Contract_Month-to-month, categorical__gender_Female","categorical__gender_Male, categorical__InternetService_Fiber optic, categorical__PaymentMethod_Electronic check","Launch a targeted email/SMS campaign with relevant service incentives or promotional benefits. Prioritize addressing the key churn drivers identified: numerical__tenure, categorical__Contract_Month-to-month, categorical__gender_Female."
2361,0.6021914,High Risk,45.95,Low Value,Low,"numerical__tenure, categorical__Contract_Month-to-month, categorical__gender_Female","categorical__gender_Male, categorical__InternetService_Fiber optic, categorical__PaperlessBilling_Yes","Launch a targeted email/SMS campaign with relevant service incentives or promotional benefits. Prioritize addressing the key churn drivers identified: numerical__tenure, categorical__Contract_Month-to-month, categorical__gender_Female."
2526,0.6001586,High Risk,19.4,Low Value,Low,"numerical__tenure, categorical__Contract_Month-to-month, numerical__TotalCharges","categorical__OnlineSecurity_No, categorical__PaperlessBilling_Yes, categorical__InternetService_Fiber optic","Launch a targeted email/SMS campaign with relevant service incentives or promotional benefits. Prioritize addressing the key churn drivers identified: numerical__tenure, categorical__Contract_Month-to-month, numerical__TotalCharges."
3518,0.5999731,Medium Risk,19.45,Low Value,Low,"numerical__tenure, categorical__Contract_Month-to-month, numerical__TotalCharges","categorical__OnlineSecurity_No, categorical__PaperlessBilling_Yes, categorical__InternetService_Fiber optic","Run an engagement campaign with loyalty benefits, personalized communication, or a customer satisfaction survey. Prioritize addressing the key churn drivers identified: numerical__tenure, categorical__Contract_Month-to-month, numerical__TotalCharges."
3481,0.598619,Medium Risk,50.7,Medium Value,Low,"categorical__Contract_Month-to-month, numerical__tenure, categorical__gender_Female","categorical__gender_Male, categorical__PaperlessBilling_Yes, categorical__InternetService_Fiber optic","Run an engagement campaign with loyalty benefits, personalized communication, or a customer satisfaction survey. Prioritize addressing the key churn drivers identified: categorical__Contract_Month-to-month, numerical__tenure, categorical__gender_Female."
5446,0.59522784,Medium Risk,19.65,Low Value,Low,"numerical__tenure, categorical__Contract_Month-to-month, numerical__TotalCharges","categorical__OnlineSecurity_No, categorical__PaperlessBilling_Yes, categorical__InternetService_Fiber optic","Run an engagement campaign with loyalty benefits, personalized communication, or a customer satisfaction survey. Prioritize addressing the key churn drivers identified: numerical__tenure, categorical__Contract_Month-to-month, numerical__TotalCharges."
4151,0.5949667,Medium Risk,55.0,Medium Value,Low,"categorical__Contract_Month-to-month, categorical__gender_Female, categorical__Partner_No","numerical__tenure, categorical__gender_Male, categorical__InternetService_Fiber optic","Run an engagement campaign with loyalty benefits, personalized communication, or a customer satisfaction survey. Prioritize addressing the key churn drivers identified: categorical__Contract_Month-to-month, categorical__gender_Female, categorical__Partner_No."
5600,0.5904977,Medium Risk,69.95,Medium Value,Low,"categorical__Contract_Month-to-month, numerical__tenure, categorical__InternetService_Fiber optic","categorical__PaymentMethod_Electronic check, categorical__MultipleLines_No, numerical__MonthlyCharges","Run an engagement campaign with loyalty benefits, personalized communication, or a customer satisfaction survey. Prioritize addressing the key churn drivers identified: categorical__Contract_Month-to-month, numerical__tenure, categorical__InternetService_Fiber optic."
4372,0.5904806,Medium Risk,20.15,Low Value,Low,"numerical__tenure, categorical__Contract_Month-to-month, numerical__TotalCharges","categorical__OnlineSecurity_No, categorical__InternetService_Fiber optic, numerical__MonthlyCharges","Run an engagement campaign with loyalty benefits, personalized communication, or a customer satisfaction survey. Prioritize addressing the key churn drivers identified: numerical__tenure, categorical__Contract_Month-to-month, numerical__TotalCharges."
4839,0.5891943,Medium Risk,73.75,Medium Value,Low,"categorical__Contract_Month-to-month, numerical__tenure, categorical__InternetService_Fiber optic","categorical__PaperlessBilling_Yes, categorical__PaymentMethod_Electronic check, categorical__Partner_Yes","Run an engagement campaign with loyalty benefits, personalized communication, or a customer satisfaction survey. Prioritize addressing the key churn drivers identified: categorical__Contract_Month-to-month, numerical__tenure, categorical__InternetService_Fiber optic."
2343,0.5874498,Medium Risk,46.1,Low Value,Low,"numerical__tenure, categorical__Contract_Month-to-month, categorical__gender_Female","categorical__gender_Male, categorical__PaymentMethod_Electronic check, categorical__InternetService_Fiber optic","Run an engagement campaign with loyalty benefits, personalized communication, or a customer satisfaction survey. Prioritize addressing the key churn drivers identified: numerical__tenure, categorical__Contract_Month-to-month, categorical__gender_Female."
3123,0.58431983,Medium Risk,69.95,Medium Value,Low,"categorical__Contract_Month-to-month, categorical__InternetService_Fiber optic, categorical__OnlineSecurity_No","categorical__PaymentMethod_Electronic check, categorical__MultipleLines_No, categorical__Partner_Yes","Run an engagement campaign with loyalty benefits, personalized communication, or a customer satisfaction survey. Prioritize addressing the key churn drivers identified: categorical__Contract_Month-to-month, categorical__InternetService_Fiber optic, categorical__OnlineSecurity_No."
3221,0.58398545,Medium Risk,29.75,Low Value,Low,"categorical__Contract_Month-to-month, numerical__tenure, categorical__OnlineSecurity_No","categorical__TechSupport_No, categorical__InternetService_Fiber optic, categorical__Partner_Yes","Run an engagement campaign with loyalty benefits, personalized communication, or a customer satisfaction survey. Prioritize addressing the key churn drivers identified: categorical__Contract_Month-to-month, numerical__tenure, categorical__OnlineSecurity_No."
4369,0.5821139,Medium Risk,24.75,Low Value,Low,"categorical__Contract_Month-to-month, numerical__tenure, numerical__TotalCharges","categorical__PaperlessBilling_Yes, numerical__MonthlyCharges, categorical__InternetService_Fiber optic","Run an engagement campaign with loyalty benefits, personalized communication, or a customer satisfaction survey. Prioritize addressing the key churn drivers identified: categorical__Contract_Month-to-month, numerical__tenure, numerical__TotalCharges."
4435,0.58181643,Medium Risk,80.5,Medium Value,Low,"categorical__Contract_Month-to-month, categorical__InternetService_Fiber optic, categorical__OnlineSecurity_No","categorical__PaymentMethod_Electronic check, categorical__DeviceProtection_Yes, numerical__tenure","Run an engagement campaign with loyalty benefits, personalized communication, or a customer satisfaction survey. Prioritize addressing the key churn drivers identified: categorical__Contract_Month-to-month, categorical__InternetService_Fiber optic, categorical__OnlineSecurity_No."
4172,0.5796785,Medium Risk,19.5,Low Value,Low,"numerical__tenure, categorical__Contract_Month-to-month, categorical__gender_Female","categorical__OnlineSecurity_No, categorical__PaperlessBilling_Yes, categorical__gender_Male","Run an engagement campaign with loyalty benefits, personalized communication, or a customer satisfaction survey. Prioritize addressing the key churn drivers identified: numerical__tenure, categorical__Contract_Month-to-month, categorical__gender_Female."
1736,0.5796785,Medium Risk,19.5,Low Value,Low,"numerical__tenure, categorical__Contract_Month-to-month, categorical__gender_Female","categorical__OnlineSecurity_No, categorical__PaperlessBilling_Yes, categorical__gender_Male","Run an engagement campaign with loyalty benefits, personalized communication, or a customer satisfaction survey. Prioritize addressing the key churn drivers identified: numerical__tenure, categorical__Contract_Month-to-month, categorical__gender_Female."
2378,0.57640237,Medium Risk,70.3,Medium Value,Low,"categorical__Contract_Month-to-month, categorical__gender_Female, numerical__TotalCharges","numerical__tenure, categorical__gender_Male, categorical__MultipleLines_No","Run an engagement campaign with loyalty benefits, personalized communication, or a customer satisfaction survey. Prioritize addressing the key churn drivers identified: categorical__Contract_Month-to-month, categorical__gender_Female, numerical__TotalCharges."
95,0.5714948,Medium Risk,78.95,Medium Value,Low,"categorical__Contract_Month-to-month, categorical__gender_Female, categorical__InternetService_Fiber optic","categorical__OnlineSecurity_No, categorical__gender_Male, categorical__Partner_Yes","Run an engagement campaign with loyalty benefits, personalized communication, or a customer satisfaction survey. Prioritize addressing the key churn drivers identified: categorical__Contract_Month-to-month, categorical__gender_Female, categorical__InternetService_Fiber optic."
2652,0.5713607,Medium Risk,55.55,Medium Value,Low,"numerical__tenure, categorical__Contract_Month-to-month, numerical__TotalCharges","categorical__PaperlessBilling_Yes, categorical__InternetService_Fiber optic, categorical__PaymentMethod_Electronic check","Run an engagement campaign with loyalty benefits, personalized communication, or a customer satisfaction survey. Prioritize addressing the key churn drivers identified: numerical__tenure, categorical__Contract_Month-to-month, numerical__TotalCharges."
6479,0.5705333,Medium Risk,55.0,Medium Value,Low,"numerical__tenure, categorical__Contract_Month-to-month, categorical__gender_Female","categorical__PaymentMethod_Credit card (automatic), categorical__InternetService_Fiber optic, categorical__gender_Male","Run an engagement campaign with loyalty benefits, personalized communication, or a customer satisfaction survey. Prioritize addressing the key churn drivers identified: numerical__tenure, categorical__Contract_Month-to-month, categorical__gender_Female."
2690,0.5704365,Medium Risk,80.45,Medium Value,Low,"categorical__Contract_Month-to-month, categorical__InternetService_Fiber optic, categorical__OnlineSecurity_No","categorical__PaymentMethod_Electronic check, categorical__MultipleLines_No, categorical__PaymentMethod_Credit card (automatic)","Run an engagement campaign with loyalty benefits, personalized communication, or a customer satisfaction survey. Prioritize addressing the key churn drivers identified: categorical__Contract_Month-to-month, categorical__InternetService_Fiber optic, categorical__OnlineSecurity_No."
2482,0.56968737,Medium Risk,45.0,Low Value,Low,"categorical__Contract_Month-to-month, numerical__tenure, categorical__gender_Female","categorical__gender_Male, numerical__MonthlyCharges, categorical__InternetService_Fiber optic","Run an engagement campaign with loyalty benefits, personalized communication, or a customer satisfaction survey. Prioritize addressing the key churn drivers identified: categorical__Contract_Month-to-month, numerical__tenure, categorical__gender_Female."
1519,0.5691477,Medium Risk,42.6,Low Value,Low,"categorical__Contract_Month-to-month, numerical__tenure, categorical__gender_Female","categorical__OnlineSecurity_No, categorical__gender_Male, categorical__InternetService_Fiber optic","Run an engagement campaign with loyalty benefits, personalized communication, or a customer satisfaction survey. Prioritize addressing the key churn drivers identified: categorical__Contract_Month-to-month, numerical__tenure, categorical__gender_Female."
428,0.56890035,Medium Risk,75.6,Medium Value,Low,"categorical__Contract_Month-to-month, categorical__InternetService_Fiber optic, categorical__OnlineSecurity_No","categorical__PaymentMethod_Electronic check, numerical__tenure, categorical__Partner_Yes","Run an engagement campaign with loyalty benefits, personalized communication, or a customer satisfaction survey. Prioritize addressing the key churn drivers identified: categorical__Contract_Month-to-month, categorical__InternetService_Fiber optic, categorical__OnlineSecurity_No."
1175,0.5680966,Medium Risk,80.0,Medium Value,Low,"categorical__Contract_Month-to-month, categorical__gender_Female, categorical__InternetService_Fiber optic","categorical__OnlineSecurity_No, categorical__gender_Male, categorical__PaymentMethod_Electronic check","Run an engagement campaign with loyalty benefits, personalized communication, or a customer satisfaction survey. Prioritize addressing the key churn drivers identified: categorical__Contract_Month-to-month, categorical__gender_Female, categorical__InternetService_Fiber optic."
558,0.5655845,Medium Risk,70.2,Medium Value,Low,"categorical__Contract_Month-to-month, categorical__InternetService_Fiber optic, categorical__OnlineSecurity_No","categorical__PaperlessBilling_Yes, categorical__MultipleLines_No, categorical__Partner_Yes","Run an engagement campaign with loyalty benefits, personalized communication, or a customer satisfaction survey. Prioritize addressing the key churn drivers identified: categorical__Contract_Month-to-month, categorical__InternetService_Fiber optic, categorical__OnlineSecurity_No."
6777,0.5625382,Medium Risk,29.9,Low Value,Low,"categorical__Contract_Month-to-month, numerical__tenure, categorical__OnlineSecurity_No","categorical__TechSupport_No, categorical__InternetService_Fiber optic, categorical__DeviceProtection_Yes","Run an engagement campaign with loyalty benefits, personalized communication, or a customer satisfaction survey. Prioritize addressing the key churn drivers identified: categorical__Contract_Month-to-month, numerical__tenure, categorical__OnlineSecurity_No."
1335,0.56069195,Medium Risk,45.0,Low Value,Low,"numerical__tenure, categorical__Contract_Month-to-month, categorical__Partner_No","categorical__PaymentMethod_Electronic check, categorical__InternetService_Fiber optic, numerical__MonthlyCharges","Run an engagement campaign with loyalty benefits, personalized communication, or a customer satisfaction survey. Prioritize addressing the key churn drivers identified: numerical__tenure, categorical__Contract_Month-to-month, categorical__Partner_No."
674,0.5597396,Medium Risk,49.15,Low Value,Low,"categorical__Contract_Month-to-month, categorical__Partner_No, categorical__MultipleLines_No","numerical__tenure, categorical__InternetService_Fiber optic, categorical__Partner_Yes","Run an engagement campaign with loyalty benefits, personalized communication, or a customer satisfaction survey. Prioritize addressing the key churn drivers identified: categorical__Contract_Month-to-month, categorical__Partner_No, categorical__MultipleLines_No."
3882,0.5573107,Medium Risk,44.8,Low Value,Low,"numerical__tenure, categorical__Contract_Month-to-month, categorical__OnlineSecurity_No","categorical__PaymentMethod_Electronic check, categorical__InternetService_Fiber optic, numerical__MonthlyCharges","Run an engagement campaign with loyalty benefits, personalized communication, or a customer satisfaction survey. Prioritize addressing the key churn drivers identified: numerical__tenure, categorical__Contract_Month-to-month, categorical__OnlineSecurity_No."
7016,0.5521522,Medium Risk,49.95,Low Value,Low,"numerical__tenure, categorical__Contract_Month-to-month, categorical__gender_Female","categorical__gender_Male, categorical__InternetService_Fiber optic, categorical__PaperlessBilling_Yes","Run an engagement campaign with loyalty benefits, personalized communication, or a customer satisfaction survey. Prioritize addressing the key churn drivers identified: numerical__tenure, categorical__Contract_Month-to-month, categorical__gender_Female."
203,0.55040765,Medium Risk,78.3,Medium Value,Low,"categorical__Contract_Month-to-month, categorical__InternetService_Fiber optic, categorical__OnlineSecurity_No","categorical__PaymentMethod_Electronic check, categorical__PaymentMethod_Credit card (automatic), categorical__MultipleLines_No","Run an engagement campaign with loyalty benefits, personalized communication, or a customer satisfaction survey. Prioritize addressing the key churn drivers identified: categorical__Contract_Month-to-month, categorical__InternetService_Fiber optic, categorical__OnlineSecurity_No."
6133,0.5491401,Medium Risk,24.9,Low Value,Low,"numerical__tenure, categorical__Contract_Month-to-month, categorical__Partner_No","numerical__MonthlyCharges, categorical__PaymentMethod_Electronic check, categorical__InternetService_Fiber optic","Run an engagement campaign with loyalty benefits, personalized communication, or a customer satisfaction survey. Prioritize addressing the key churn drivers identified: numerical__tenure, categorical__Contract_Month-to-month, categorical__Partner_No."
701,0.54869276,Medium Risk,83.15,Medium Value,Low,"categorical__Contract_Month-to-month, categorical__InternetService_Fiber optic, categorical__PaymentMethod_Electronic check","numerical__tenure, categorical__PaperlessBilling_Yes, categorical__Partner_Yes","Run an engagement campaign with loyalty benefits, personalized communication, or a customer satisfaction survey. Prioritize addressing the key churn drivers identified: categorical__Contract_Month-to-month, categorical__InternetService_Fiber optic, categorical__PaymentMethod_Electronic check."
3713,0.54421043,Medium Risk,80.4,Medium Value,Low,"categorical__Contract_Month-to-month, categorical__PaymentMethod_Electronic check, numerical__SeniorCitizen","numerical__tenure, numerical__TotalCharges, categorical__MultipleLines_No","Run an engagement campaign with loyalty benefits, personalized communication, or a customer satisfaction survey. Prioritize addressing the key churn drivers identified: categorical__Contract_Month-to-month, categorical__PaymentMethod_Electronic check, numerical__SeniorCitizen."
1910,0.53896564,Medium Risk,30.5,Low Value,Low,"categorical__Contract_Month-to-month, numerical__tenure, categorical__gender_Female","categorical__gender_Male, categorical__InternetService_Fiber optic, categorical__DeviceProtection_Yes","Run an engagement campaign with loyalty benefits, personalized communication, or a customer satisfaction survey. Prioritize addressing the key churn drivers identified: categorical__Contract_Month-to-month, numerical__tenure, categorical__gender_Female."
610,0.5377195,Medium Risk,29.95,Low Value,Low,"categorical__Contract_Month-to-month, categorical__OnlineSecurity_No, numerical__TotalCharges","categorical__InternetService_Fiber optic, categorical__Dependents_No, categorical__OnlineBackup_No","Run an engagement campaign with loyalty benefits, personalized communication, or a customer satisfaction survey. Prioritize addressing the key churn drivers identified: categorical__Contract_Month-to-month, categorical__OnlineSecurity_No, numerical__TotalCharges."
5377,0.5354665,Medium Risk,61.3,Medium Value,Low,"numerical__tenure, categorical__Contract_Month-to-month, categorical__OnlineSecurity_No","categorical__TechSupport_No, categorical__InternetService_Fiber optic, numerical__MonthlyCharges","Run an engagement campaign with loyalty benefits, personalized communication, or a customer satisfaction survey. Prioritize addressing the key churn drivers identified: numerical__tenure, categorical__Contract_Month-to-month, categorical__OnlineSecurity_No."
1260,0.53280103,Medium Risk,50.3,Medium Value,Low,"numerical__tenure, categorical__Contract_Month-to-month, categorical__Partner_No","categorical__InternetService_Fiber optic, categorical__PaymentMethod_Electronic check, numerical__MonthlyCharges","Run an engagement campaign with loyalty benefits, personalized communication, or a customer satisfaction survey. Prioritize addressing the key churn drivers identified: numerical__tenure, categorical__Contract_Month-to-month, categorical__Partner_No."
747,0.5308266,Medium Risk,75.05,Medium Value,Low,"categorical__Contract_Month-to-month, categorical__gender_Female, numerical__tenure","categorical__PaperlessBilling_Yes, categorical__gender_Male, categorical__PaymentMethod_Electronic check","Run an engagement campaign with loyalty benefits, personalized communication, or a customer satisfaction survey. Prioritize addressing the key churn drivers identified: categorical__Contract_Month-to-month, categorical__gender_Female, numerical__tenure."
4010,0.5287996,Medium Risk,20.4,Low Value,Low,"numerical__tenure, categorical__Contract_Month-to-month, categorical__gender_Female","categorical__OnlineSecurity_No, categorical__gender_Male, categorical__PaperlessBilling_Yes","Run an engagement campaign with loyalty benefits, personalized communication, or a customer satisfaction survey. Prioritize addressing the key churn drivers identified: numerical__tenure, categorical__Contract_Month-to-month, categorical__gender_Female."
2756,0.5287996,Medium Risk,20.95,Low Value,Low,"numerical__tenure, categorical__Contract_Month-to-month, categorical__gender_Female","categorical__OnlineSecurity_No, categorical__gender_Male, categorical__PaperlessBilling_Yes","Run an engagement campaign with loyalty benefits, personalized communication, or a customer satisfaction survey. Prioritize addressing the key churn drivers identified: numerical__tenure, categorical__Contract_Month-to-month, categorical__gender_Female."
3677,0.5280125,Medium Risk,30.55,Low Value,Low,"numerical__tenure, categorical__Contract_Month-to-month, categorical__gender_Female","categorical__InternetService_Fiber optic, categorical__gender_Male, categorical__PaperlessBilling_Yes","Run an engagement campaign with loyalty benefits, personalized communication, or a customer satisfaction survey. Prioritize addressing the key churn drivers identified: numerical__tenure, categorical__Contract_Month-to-month, categorical__gender_Female."
2145,0.5248835,Medium Risk,72.9,Medium Value,Low,"categorical__Contract_Month-to-month, categorical__InternetService_Fiber optic, categorical__OnlineSecurity_No","categorical__PaperlessBilling_Yes, categorical__Partner_Yes, categorical__MultipleLines_No","Run an engagement campaign with loyalty benefits, personalized communication, or a customer satisfaction survey. Prioritize addressing the key churn drivers identified: categorical__Contract_Month-to-month, categorical__InternetService_Fiber optic, categorical__OnlineSecurity_No."
5676,0.52383006,Medium Risk,19.75,Low Value,Low,"numerical__tenure, categorical__Contract_Month-to-month, numerical__TotalCharges","categorical__OnlineSecurity_No, categorical__PaperlessBilling_Yes, categorical__InternetService_Fiber optic","Run an engagement campaign with loyalty benefits, personalized communication, or a customer satisfaction survey. Prioritize addressing the key churn drivers identified: numerical__tenure, categorical__Contract_Month-to-month, numerical__TotalCharges."
180,0.52158624,Medium Risk,29.95,Low Value,Low,"numerical__tenure, categorical__Contract_Month-to-month, categorical__gender_Female","categorical__gender_Male, categorical__InternetService_Fiber optic, categorical__PaperlessBilling_Yes","Run an engagement campaign with loyalty benefits, personalized communication, or a customer satisfaction survey. Prioritize addressing the key churn drivers identified: numerical__tenure, categorical__Contract_Month-to-month, categorical__gender_Female."
6896,0.521448,Medium Risk,43.95,Low Value,Low,"numerical__tenure, categorical__Contract_Month-to-month, categorical__gender_Female","categorical__gender_Male, categorical__PaperlessBilling_Yes, categorical__InternetService_Fiber optic","Run an engagement campaign with loyalty benefits, personalized communication, or a customer satisfaction survey. Prioritize addressing the key churn drivers identified: numerical__tenure, categorical__Contract_Month-to-month, categorical__gender_Female."
453,0.51690304,Medium Risk,81.05,Medium Value,Low,"categorical__Contract_Month-to-month, categorical__gender_Female, categorical__InternetService_Fiber optic","numerical__tenure, categorical__gender_Male, categorical__MultipleLines_No","Run an engagement campaign with loyalty benefits, personalized communication, or a customer satisfaction survey. Prioritize addressing the key churn drivers identified: categorical__Contract_Month-to-month, categorical__gender_Female, categorical__InternetService_Fiber optic."
3778,0.5148093,Medium Risk,50.4,Medium Value,Low,"categorical__Contract_Month-to-month, numerical__tenure, numerical__TotalCharges","categorical__PaperlessBilling_Yes, categorical__InternetService_Fiber optic, categorical__PaymentMethod_Electronic check","Run an engagement campaign with loyalty benefits, personalized communication, or a customer satisfaction survey. Prioritize addressing the key churn drivers identified: categorical__Contract_Month-to-month, numerical__tenure, numerical__TotalCharges."
2759,0.51198024,Medium Risk,19.65,Low Value,Low,"numerical__tenure, categorical__Contract_Month-to-month, categorical__Partner_No","categorical__OnlineSecurity_No, categorical__PaperlessBilling_Yes, categorical__InternetService_Fiber optic","Run an engagement campaign with loyalty benefits, personalized communication, or a customer satisfaction survey. Prioritize addressing the key churn drivers identified: numerical__tenure, categorical__Contract_Month-to-month, categorical__Partner_No."
5559,0.50869006,Medium Risk,31.65,Low Value,Low,"categorical__Contract_Month-to-month, categorical__gender_Female, categorical__OnlineSecurity_No","categorical__InternetService_Fiber optic, categorical__gender_Male, categorical__Partner_Yes","Run an engagement campaign with loyalty benefits, personalized communication, or a customer satisfaction survey. Prioritize addressing the key churn drivers identified: categorical__Contract_Month-to-month, categorical__gender_Female, categorical__OnlineSecurity_No."
5908,0.5058746,Medium Risk,20.2,Low Value,Low,"numerical__tenure, categorical__Contract_Month-to-month, categorical__Partner_No","categorical__OnlineSecurity_No, categorical__PaperlessBilling_Yes, categorical__InternetService_Fiber optic","Run an engagement campaign with loyalty benefits, personalized communication, or a customer satisfaction survey. Prioritize addressing the key churn drivers identified: numerical__tenure, categorical__Contract_Month-to-month, categorical__Partner_No."
4275,0.5043464,Medium Risk,25.75,Low Value,Low,"numerical__tenure, categorical__Contract_Month-to-month, categorical__gender_Female","categorical__OnlineSecurity_No, categorical__gender_Male, categorical__InternetService_Fiber optic","Run an engagement campaign with loyalty benefits, personalized communication, or a customer satisfaction survey. Prioritize addressing the key churn drivers identified: numerical__tenure, categorical__Contract_Month-to-month, categorical__gender_Female."
5700,0.49855852,Medium Risk,79.3,Medium Value,Low,"categorical__Contract_Month-to-month, categorical__InternetService_Fiber optic, categorical__OnlineSecurity_No","numerical__tenure, categorical__TechSupport_No, categorical__StreamingTV_Yes","Run an engagement campaign with loyalty benefits, personalized communication, or a customer satisfaction survey. Prioritize addressing the key churn drivers identified: categorical__Contract_Month-to-month, categorical__InternetService_Fiber optic, categorical__OnlineSecurity_No."
1790,0.4979008,Medium Risk,78.1,Medium Value,Low,"categorical__Contract_Month-to-month, categorical__gender_Female, categorical__InternetService_Fiber optic","categorical__gender_Male, categorical__PaperlessBilling_Yes, categorical__PaymentMethod_Electronic check","Run an engagement campaign with loyalty benefits, personalized communication, or a customer satisfaction survey. Prioritize addressing the key churn drivers identified: categorical__Contract_Month-to-month, categorical__gender_Female, categorical__InternetService_Fiber optic."
2144,0.49675158,Medium Risk,50.5,Medium Value,Low,"numerical__tenure, categorical__Contract_Month-to-month, numerical__TotalCharges","categorical__InternetService_Fiber optic, categorical__TechSupport_No, categorical__PaymentMethod_Electronic check","Run an engagement campaign with loyalty benefits, personalized communication, or a customer satisfaction survey. Prioritize addressing the key churn drivers identified: numerical__tenure, categorical__Contract_Month-to-month, numerical__TotalCharges."
101,0.49575272,Medium Risk,19.45,Low Value,Low,"numerical__tenure, categorical__Contract_Month-to-month, categorical__gender_Female","categorical__OnlineSecurity_No, categorical__PaperlessBilling_Yes, categorical__InternetService_Fiber optic","Run an engagement campaign with loyalty benefits, personalized communication, or a customer satisfaction survey. Prioritize addressing the key churn drivers identified: numerical__tenure, categorical__Contract_Month-to-month, categorical__gender_Female."
760,0.49274787,Medium Risk,20.8,Low Value,Low,"numerical__tenure, categorical__Contract_Month-to-month, categorical__Partner_No","categorical__OnlineSecurity_No, categorical__PaperlessBilling_Yes, categorical__InternetService_Fiber optic","Run an engagement campaign with loyalty benefits, personalized communication, or a customer satisfaction survey. Prioritize addressing the key churn drivers identified: numerical__tenure, categorical__Contract_Month-to-month, categorical__Partner_No."
3265,0.48306093,Medium Risk,70.75,Medium Value,Low,"categorical__Contract_Month-to-month, categorical__PaymentMethod_Electronic check, categorical__InternetService_Fiber optic","numerical__tenure, categorical__MultipleLines_No, categorical__DeviceProtection_Yes","Run an engagement campaign with loyalty benefits, personalized communication, or a customer satisfaction survey. Prioritize addressing the key churn drivers identified: categorical__Contract_Month-to-month, categorical__PaymentMethod_Electronic check, categorical__InternetService_Fiber optic."
2183,0.48097682,Medium Risk,50.2,Medium Value,Low,"numerical__tenure, categorical__Contract_Month-to-month, categorical__Partner_No","categorical__InternetService_Fiber optic, categorical__TechSupport_No, categorical__PaymentMethod_Electronic check","Run an engagement campaign with loyalty benefits, personalized communication, or a customer satisfaction survey. Prioritize addressing the key churn drivers identified: numerical__tenure, categorical__Contract_Month-to-month, categorical__Partner_No."
5683,0.47965333,Medium Risk,50.75,Medium Value,Low,"categorical__Contract_Month-to-month, categorical__gender_Female, categorical__PaymentMethod_Electronic check","numerical__tenure, categorical__gender_Male, categorical__InternetService_Fiber optic","Run an engagement campaign with loyalty benefits, personalized communication, or a customer satisfaction survey. Prioritize addressing the key churn drivers identified: categorical__Contract_Month-to-month, categorical__gender_Female, categorical__PaymentMethod_Electronic check."
4005,0.47943527,Medium Risk,24.05,Low Value,Low,"numerical__tenure, categorical__Contract_Month-to-month, categorical__Partner_No","categorical__OnlineSecurity_No, categorical__InternetService_Fiber optic, categorical__TechSupport_No","Run an engagement campaign with loyalty benefits, personalized communication, or a customer satisfaction survey. Prioritize addressing the key churn drivers identified: numerical__tenure, categorical__Contract_Month-to-month, categorical__Partner_No."
4424,0.47905323,Medium Risk,24.75,Low Value,Low,"numerical__tenure, categorical__Contract_Month-to-month, categorical__PaymentMethod_Electronic check","numerical__MonthlyCharges, categorical__PaperlessBilling_Yes, categorical__InternetService_Fiber optic","Run an engagement campaign with loyalty benefits, personalized communication, or a customer satisfaction survey. Prioritize addressing the key churn drivers identified: numerical__tenure, categorical__Contract_Month-to-month, categorical__PaymentMethod_Electronic check."
6454,0.47524416,Medium Risk,81.3,Medium Value,Low,"categorical__Contract_Month-to-month, categorical__gender_Female, categorical__InternetService_Fiber optic","categorical__OnlineSecurity_No, numerical__tenure, categorical__gender_Male","Run an engagement campaign with loyalty benefits, personalized communication, or a customer satisfaction survey. Prioritize addressing the key churn drivers identified: categorical__Contract_Month-to-month, categorical__gender_Female, categorical__InternetService_Fiber optic."
950,0.47226527,Medium Risk,44.95,Low Value,Low,"numerical__tenure, categorical__Contract_Month-to-month, categorical__Partner_No","categorical__PaperlessBilling_Yes, categorical__PaymentMethod_Electronic check, categorical__InternetService_Fiber optic","Run an engagement campaign with loyalty benefits, personalized communication, or a customer satisfaction survey. Prioritize addressing the key churn drivers identified: numerical__tenure, categorical__Contract_Month-to-month, categorical__Partner_No."
3773,0.47143486,Medium Risk,25.2,Low Value,Low,"numerical__tenure, categorical__Contract_Month-to-month, categorical__gender_Female","categorical__gender_Male, categorical__PaperlessBilling_Yes, categorical__InternetService_Fiber optic","Run an engagement campaign with loyalty benefits, personalized communication, or a customer satisfaction survey. Prioritize addressing the key churn drivers identified: numerical__tenure, categorical__Contract_Month-to-month, categorical__gender_Female."
1443,0.46854424,Medium Risk,55.8,Medium Value,Low,"numerical__tenure, categorical__Contract_Month-to-month, categorical__OnlineSecurity_No","categorical__TechSupport_No, categorical__InternetService_Fiber optic, categorical__PaymentMethod_Electronic check","Run an engagement campaign with loyalty benefits, personalized communication, or a customer satisfaction survey. Prioritize addressing the key churn drivers identified: numerical__tenure, categorical__Contract_Month-to-month, categorical__OnlineSecurity_No."
1166,0.4677727,Medium Risk,53.8,Medium Value,Low,"categorical__Contract_Month-to-month, categorical__gender_Female, numerical__tenure","categorical__OnlineSecurity_No, categorical__gender_Male, categorical__InternetService_Fiber optic","Run an engagement campaign with loyalty benefits, personalized communication, or a customer satisfaction survey. Prioritize addressing the key churn drivers identified: categorical__Contract_Month-to-month, categorical__gender_Female, numerical__tenure."
2383,0.46680638,Medium Risk,26.05,Low Value,Low,"categorical__Contract_Month-to-month, categorical__PaymentMethod_Electronic check, categorical__OnlineSecurity_No","categorical__InternetService_Fiber optic, numerical__tenure, categorical__DeviceProtection_Yes","Run an engagement campaign with loyalty benefits, personalized communication, or a customer satisfaction survey. Prioritize addressing the key churn drivers identified: categorical__Contract_Month-to-month, categorical__PaymentMethod_Electronic check, categorical__OnlineSecurity_No."
1639,0.4648191,Medium Risk,45.05,Low Value,Low,"categorical__Contract_Month-to-month, categorical__PaymentMethod_Electronic check, categorical__Partner_No","categorical__InternetService_Fiber optic, categorical__MultipleLines_No, categorical__Partner_Yes","Run an engagement campaign with loyalty benefits, personalized communication, or a customer satisfaction survey. Prioritize addressing the key churn drivers identified: categorical__Contract_Month-to-month, categorical__PaymentMethod_Electronic check, categorical__Partner_No."
768,0.46258596,Medium Risk,74.25,Medium Value,Low,"categorical__Contract_Month-to-month, categorical__InternetService_Fiber optic, categorical__Partner_No","categorical__TechSupport_No, numerical__tenure, categorical__Partner_Yes","Run an engagement campaign with loyalty benefits, personalized communication, or a customer satisfaction survey. Prioritize addressing the key churn drivers identified: categorical__Contract_Month-to-month, categorical__InternetService_Fiber optic, categorical__Partner_No."
3561,0.4607733,Medium Risk,80.5,Medium Value,Low,"categorical__Contract_Month-to-month, categorical__InternetService_Fiber optic, categorical__Partner_No","numerical__tenure, categorical__TechSupport_No, categorical__Partner_Yes","Run an engagement campaign with loyalty benefits, personalized communication, or a customer satisfaction survey. Prioritize addressing the key churn drivers identified: categorical__Contract_Month-to-month, categorical__InternetService_Fiber optic, categorical__Partner_No."
5540,0.46009174,Medium Risk,20.55,Low Value,Low,"numerical__tenure, categorical__Contract_Month-to-month, categorical__gender_Female","categorical__OnlineSecurity_No, categorical__PaperlessBilling_Yes, categorical__gender_Male","Run an engagement campaign with loyalty benefits, personalized communication, or a customer satisfaction survey. Prioritize addressing the key churn drivers identified: numerical__tenure, categorical__Contract_Month-to-month, categorical__gender_Female."
4725,0.45489165,Medium Risk,62.05,Medium Value,Low,"numerical__tenure, categorical__Contract_Month-to-month, numerical__TotalCharges","categorical__InternetService_Fiber optic, categorical__PaperlessBilling_Yes, categorical__TechSupport_No","Run an engagement campaign with loyalty benefits, personalized communication, or a customer satisfaction survey. Prioritize addressing the key churn drivers identified: numerical__tenure, categorical__Contract_Month-to-month, numerical__TotalCharges."
5286,0.45253018,Medium Risk,74.5,Medium Value,Low,"categorical__Contract_Month-to-month, categorical__InternetService_Fiber optic, categorical__PaymentMethod_Electronic check","categorical__OnlineSecurity_No, categorical__MultipleLines_No, categorical__DeviceProtection_Yes","Run an engagement campaign with loyalty benefits, personalized communication, or a customer satisfaction survey. Prioritize addressing the key churn drivers identified: categorical__Contract_Month-to-month, categorical__InternetService_Fiber optic, categorical__PaymentMethod_Electronic check."
5035,0.44704637,Medium Risk,78.8,Medium Value,Low,"categorical__Contract_Month-to-month, categorical__InternetService_Fiber optic, categorical__PaymentMethod_Electronic check","numerical__tenure, categorical__PaperlessBilling_Yes, categorical__MultipleLines_No","Run an engagement campaign with loyalty benefits, personalized communication, or a customer satisfaction survey. Prioritize addressing the key churn drivers identified: categorical__Contract_Month-to-month, categorical__InternetService_Fiber optic, categorical__PaymentMethod_Electronic check."
3758,0.4470244,Medium Risk,49.55,Low Value,Low,"numerical__tenure, categorical__Contract_Month-to-month, categorical__gender_Female","categorical__OnlineSecurity_No, categorical__PaperlessBilling_Yes, categorical__gender_Male","Run an engagement campaign with loyalty benefits, personalized communication, or a customer satisfaction survey. Prioritize addressing the key churn drivers identified: numerical__tenure, categorical__Contract_Month-to-month, categorical__gender_Female."
4024,0.4420448,Medium Risk,25.05,Low Value,Low,"categorical__Contract_Month-to-month, categorical__gender_Female, numerical__tenure","categorical__InternetService_Fiber optic, categorical__gender_Male, categorical__PaymentMethod_Electronic check","Run an engagement campaign with loyalty benefits, personalized communication, or a customer satisfaction survey. Prioritize addressing the key churn drivers identified: categorical__Contract_Month-to-month, categorical__gender_Female, numerical__tenure."
4823,0.44064972,Medium Risk,53.95,Medium Value,Low,"numerical__tenure, categorical__Contract_Month-to-month, categorical__Partner_No","categorical__OnlineSecurity_No, categorical__TechSupport_No, categorical__InternetService_Fiber optic","Run an engagement campaign with loyalty benefits, personalized communication, or a customer satisfaction survey. Prioritize addressing the key churn drivers identified: numerical__tenure, categorical__Contract_Month-to-month, categorical__Partner_No."
4334,0.4382408,Medium Risk,76.4,Medium Value,Low,"categorical__Contract_Month-to-month, categorical__gender_Female, categorical__InternetService_Fiber optic","categorical__OnlineSecurity_No, categorical__gender_Male, categorical__PaperlessBilling_Yes","Run an engagement campaign with loyalty benefits, personalized communication, or a customer satisfaction survey. Prioritize addressing the key churn drivers identified: categorical__Contract_Month-to-month, categorical__gender_Female, categorical__InternetService_Fiber optic."
1816,0.43523023,Medium Risk,19.2,Low Value,Low,"numerical__tenure, categorical__Contract_Month-to-month, numerical__TotalCharges","numerical__MonthlyCharges, categorical__OnlineSecurity_No, categorical__PaperlessBilling_Yes","Run an engagement campaign with loyalty benefits, personalized communication, or a customer satisfaction survey. Prioritize addressing the key churn drivers identified: numerical__tenure, categorical__Contract_Month-to-month, numerical__TotalCharges."
376,0.43075234,Medium Risk,25.35,Low Value,Low,"numerical__tenure, categorical__Contract_Month-to-month, categorical__Partner_No","categorical__PaperlessBilling_Yes, categorical__InternetService_Fiber optic, numerical__MonthlyCharges","Run an engagement campaign with loyalty benefits, personalized communication, or a customer satisfaction survey. Prioritize addressing the key churn drivers identified: numerical__tenure, categorical__Contract_Month-to-month, categorical__Partner_No."
5833,0.43059832,Medium Risk,34.3,Low Value,Low,"categorical__Contract_Month-to-month, numerical__SeniorCitizen, numerical__MonthlyCharges","categorical__InternetService_Fiber optic, categorical__PaymentMethod_Electronic check, numerical__tenure","Run an engagement campaign with loyalty benefits, personalized communication, or a customer satisfaction survey. Prioritize addressing the key churn drivers identified: categorical__Contract_Month-to-month, numerical__SeniorCitizen, numerical__MonthlyCharges."
4893,0.42719546,Medium Risk,44.65,Low Value,Low,"numerical__tenure, categorical__Contract_Month-to-month, numerical__TotalCharges","categorical__PaperlessBilling_Yes, categorical__PaymentMethod_Electronic check, categorical__InternetService_Fiber optic","Run an engagement campaign with loyalty benefits, personalized communication, or a customer satisfaction survey. Prioritize addressing the key churn drivers identified: numerical__tenure, categorical__Contract_Month-to-month, numerical__TotalCharges."
5207,0.42675814,Medium Risk,40.65,Low Value,Low,"categorical__Contract_Month-to-month, categorical__gender_Female, categorical__MultipleLines_No","categorical__PaymentMethod_Electronic check, categorical__InternetService_Fiber optic, categorical__gender_Male","Run an engagement campaign with loyalty benefits, personalized communication, or a customer satisfaction survey. Prioritize addressing the key churn drivers identified: categorical__Contract_Month-to-month, categorical__gender_Female, categorical__MultipleLines_No."
900,0.4260679,Medium Risk,19.5,Low Value,Low,"numerical__tenure, categorical__Contract_Month-to-month, categorical__gender_Female","categorical__OnlineSecurity_No, categorical__PaperlessBilling_Yes, categorical__gender_Male","Run an engagement campaign with loyalty benefits, personalized communication, or a customer satisfaction survey. Prioritize addressing the key churn drivers identified: numerical__tenure, categorical__Contract_Month-to-month, categorical__gender_Female."
5398,0.42452642,Medium Risk,19.75,Low Value,Low,"numerical__tenure, categorical__Contract_Month-to-month, numerical__MonthlyCharges","categorical__OnlineSecurity_No, categorical__PaperlessBilling_Yes, categorical__InternetService_Fiber optic","Run an engagement campaign with loyalty benefits, personalized communication, or a customer satisfaction survey. Prioritize addressing the key churn drivers identified: numerical__tenure, categorical__Contract_Month-to-month, numerical__MonthlyCharges."
1934,0.422091,Medium Risk,79.1,Medium Value,Low,"categorical__Contract_Month-to-month, categorical__gender_Female, categorical__Partner_No","categorical__OnlineSecurity_No, categorical__gender_Male, categorical__Partner_Yes","Run an engagement campaign with loyalty benefits, personalized communication, or a customer satisfaction survey. Prioritize addressing the key churn drivers identified: categorical__Contract_Month-to-month, categorical__gender_Female, categorical__Partner_No."
3079,0.42131814,Medium Risk,68.65,Medium Value,Low,"categorical__Contract_Month-to-month, numerical__tenure, categorical__gender_Female","categorical__InternetService_Fiber optic, categorical__gender_Male, numerical__MonthlyCharges","Run an engagement campaign with loyalty benefits, personalized communication, or a customer satisfaction survey. Prioritize addressing the key churn drivers identified: categorical__Contract_Month-to-month, numerical__tenure, categorical__gender_Female."
3902,0.41855136,Medium Risk,29.9,Low Value,Low,"numerical__tenure, categorical__Contract_Month-to-month, categorical__gender_Female","categorical__PaperlessBilling_Yes, categorical__OnlineSecurity_No, categorical__gender_Male","Run an engagement campaign with loyalty benefits, personalized communication, or a customer satisfaction survey. Prioritize addressing the key churn drivers identified: numerical__tenure, categorical__Contract_Month-to-month, categorical__gender_Female."
3824,0.41711938,Medium Risk,55.3,Medium Value,Low,"categorical__Contract_Month-to-month, numerical__tenure, categorical__OnlineSecurity_No","categorical__PaymentMethod_Electronic check, categorical__InternetService_Fiber optic, categorical__MultipleLines_No","Run an engagement campaign with loyalty benefits, personalized communication, or a customer satisfaction survey. Prioritize addressing the key churn drivers identified: categorical__Contract_Month-to-month, numerical__tenure, categorical__OnlineSecurity_No."
492,0.41412136,Medium Risk,74.4,Medium Value,Low,"categorical__Contract_Month-to-month, categorical__gender_Female, categorical__InternetService_Fiber optic","categorical__OnlineSecurity_No, categorical__gender_Male, categorical__Partner_No","Run an engagement campaign with loyalty benefits, personalized communication, or a customer satisfaction survey. Prioritize addressing the key churn drivers identified: categorical__Contract_Month-to-month, categorical__gender_Female, categorical__InternetService_Fiber optic."
3215,0.4098967,Medium Risk,80.25,Medium Value,Low,"categorical__Contract_Month-to-month, categorical__PaymentMethod_Electronic check, categorical__InternetService_Fiber optic","numerical__TotalCharges, numerical__tenure, categorical__DeviceProtection_Yes","Run an engagement campaign with loyalty benefits, personalized communication, or a customer satisfaction survey. Prioritize addressing the key churn drivers identified: categorical__Contract_Month-to-month, categorical__PaymentMethod_Electronic check, categorical__InternetService_Fiber optic."
4470,0.40671194,Medium Risk,44.65,Low Value,Low,"categorical__Contract_Month-to-month, numerical__tenure, categorical__OnlineSecurity_No","categorical__InternetService_Fiber optic, categorical__PaymentMethod_Electronic check, numerical__MonthlyCharges","Run an engagement campaign with loyalty benefits, personalized communication, or a customer satisfaction survey. Prioritize addressing the key churn drivers identified: categorical__Contract_Month-to-month, numerical__tenure, categorical__OnlineSecurity_No."
479,0.4065281,Medium Risk,69.0,Medium Value,Low,"categorical__Contract_Month-to-month, categorical__gender_Female, categorical__InternetService_Fiber optic","categorical__gender_Male, categorical__PaperlessBilling_Yes, categorical__PaymentMethod_Electronic check","Run an engagement campaign with loyalty benefits, personalized communication, or a customer satisfaction survey. Prioritize addressing the key churn drivers identified: categorical__Contract_Month-to-month, categorical__gender_Female, categorical__InternetService_Fiber optic."
1894,0.40578678,Medium Risk,43.95,Low Value,Low,"categorical__Contract_Month-to-month, categorical__gender_Female, categorical__PaymentMethod_Electronic check","numerical__tenure, categorical__gender_Male, categorical__InternetService_Fiber optic","Run an engagement campaign with loyalty benefits, personalized communication, or a customer satisfaction survey. Prioritize addressing the key churn drivers identified: categorical__Contract_Month-to-month, categorical__gender_Female, categorical__PaymentMethod_Electronic check."
6080,0.40416142,Medium Risk,29.7,Low Value,Low,"numerical__tenure, categorical__Contract_Month-to-month, categorical__Partner_No","categorical__PaperlessBilling_Yes, categorical__OnlineSecurity_No, categorical__InternetService_Fiber optic","Run an engagement campaign with loyalty benefits, personalized communication, or a customer satisfaction survey. Prioritize addressing the key churn drivers identified: numerical__tenure, categorical__Contract_Month-to-month, categorical__Partner_No."
554,0.40102535,Medium Risk,80.35,Medium Value,Low,"categorical__Contract_Month-to-month, categorical__InternetService_Fiber optic, categorical__OnlineSecurity_No","numerical__tenure, categorical__PaymentMethod_Electronic check, categorical__Partner_Yes","Run an engagement campaign with loyalty benefits, personalized communication, or a customer satisfaction survey. Prioritize addressing the key churn drivers identified: categorical__Contract_Month-to-month, categorical__InternetService_Fiber optic, categorical__OnlineSecurity_No."
177,0.39922217,Medium Risk,76.45,Medium Value,Low,"categorical__Contract_Month-to-month, categorical__gender_Female, categorical__InternetService_Fiber optic","categorical__OnlineSecurity_No, categorical__gender_Male, categorical__PaperlessBilling_Yes","Run an engagement campaign with loyalty benefits, personalized communication, or a customer satisfaction survey. Prioritize addressing the key churn drivers identified: categorical__Contract_Month-to-month, categorical__gender_Female, categorical__InternetService_Fiber optic."
7033,0.3981147,Medium Risk,69.5,Medium Value,Low,"categorical__Contract_Month-to-month, categorical__InternetService_Fiber optic, categorical__Partner_No","numerical__tenure, categorical__PaymentMethod_Electronic check, categorical__MultipleLines_No","Run an engagement campaign with loyalty benefits, personalized communication, or a customer satisfaction survey. Prioritize addressing the key churn drivers identified: categorical__Contract_Month-to-month, categorical__InternetService_Fiber optic, categorical__Partner_No."
6176,0.3977519,Medium Risk,77.85,Medium Value,Low,"categorical__Contract_Month-to-month, categorical__InternetService_Fiber optic, categorical__PaymentMethod_Electronic check","numerical__TotalCharges, numerical__tenure, categorical__Partner_Yes","Run an engagement campaign with loyalty benefits, personalized communication, or a customer satisfaction survey. Prioritize addressing the key churn drivers identified: categorical__Contract_Month-to-month, categorical__InternetService_Fiber optic, categorical__PaymentMethod_Electronic check."
3246,0.39747506,Medium Risk,55.15,Medium Value,Low,"categorical__Contract_Month-to-month, numerical__tenure, categorical__OnlineSecurity_No","categorical__PaperlessBilling_Yes, categorical__InternetService_Fiber optic, categorical__PaymentMethod_Electronic check","Run an engagement campaign with loyalty benefits, personalized communication, or a customer satisfaction survey. Prioritize addressing the key churn drivers identified: categorical__Contract_Month-to-month, numerical__tenure, categorical__OnlineSecurity_No."
2747,0.3974316,Medium Risk,19.4,Low Value,Low,"categorical__Contract_Month-to-month, numerical__MonthlyCharges, numerical__tenure","categorical__OnlineSecurity_No, categorical__InternetService_Fiber optic, categorical__TechSupport_No","Run an engagement campaign with loyalty benefits, personalized communication, or a customer satisfaction survey. Prioritize addressing the key churn drivers identified: categorical__Contract_Month-to-month, numerical__MonthlyCharges, numerical__tenure."
154,0.39297664,Medium Risk,19.7,Low Value,Low,"numerical__MonthlyCharges, categorical__Contract_Month-to-month, categorical__gender_Female","categorical__OnlineSecurity_No, categorical__PaperlessBilling_Yes, categorical__InternetService_Fiber optic","Run an engagement campaign with loyalty benefits, personalized communication, or a customer satisfaction survey. Prioritize addressing the key churn drivers identified: numerical__MonthlyCharges, categorical__Contract_Month-to-month, categorical__gender_Female."
5489,0.39212617,Medium Risk,25.2,Low Value,Low,"categorical__Contract_Month-to-month, categorical__gender_Female, categorical__PaymentMethod_Electronic check","categorical__InternetService_Fiber optic, categorical__PaperlessBilling_Yes, categorical__gender_Male","Run an engagement campaign with loyalty benefits, personalized communication, or a customer satisfaction survey. Prioritize addressing the key churn drivers identified: categorical__Contract_Month-to-month, categorical__gender_Female, categorical__PaymentMethod_Electronic check."
4090,0.38978404,Medium Risk,49.9,Low Value,Low,"numerical__tenure, categorical__Contract_Month-to-month, categorical__gender_Female","categorical__OnlineSecurity_No, categorical__PaperlessBilling_Yes, categorical__InternetService_Fiber optic","Run an engagement campaign with loyalty benefits, personalized communication, or a customer satisfaction survey. Prioritize addressing the key churn drivers identified: numerical__tenure, categorical__Contract_Month-to-month, categorical__gender_Female."
4387,0.38857922,Medium Risk,20.25,Low Value,Low,"numerical__tenure, categorical__Contract_Month-to-month, categorical__Partner_No","categorical__OnlineSecurity_No, numerical__MonthlyCharges, categorical__InternetService_Fiber optic","Run an engagement campaign with loyalty benefits, personalized communication, or a customer satisfaction survey. Prioritize addressing the key churn drivers identified: numerical__tenure, categorical__Contract_Month-to-month, categorical__Partner_No."
5935,0.38642693,Medium Risk,59.9,Medium Value,Low,"categorical__Contract_Month-to-month, categorical__OnlineSecurity_No, categorical__Partner_No","categorical__InternetService_Fiber optic, categorical__MultipleLines_No, categorical__OnlineBackup_No","Run an engagement campaign with loyalty benefits, personalized communication, or a customer satisfaction survey. Prioritize addressing the key churn drivers identified: categorical__Contract_Month-to-month, categorical__OnlineSecurity_No, categorical__Partner_No."
3369,0.38577268,Medium Risk,55.6,Medium Value,Low,"categorical__Contract_Month-to-month, categorical__gender_Female, categorical__Partner_No","categorical__OnlineSecurity_No, categorical__InternetService_Fiber optic, categorical__gender_Male","Run an engagement campaign with loyalty benefits, personalized communication, or a customer satisfaction survey. Prioritize addressing the key churn drivers identified: categorical__Contract_Month-to-month, categorical__gender_Female, categorical__Partner_No."
4939,0.38526404,Medium Risk,18.9,Low Value,Low,"numerical__tenure, categorical__Contract_Month-to-month, numerical__TotalCharges","numerical__MonthlyCharges, categorical__PaperlessBilling_Yes, categorical__OnlineSecurity_No","Run an engagement campaign with loyalty benefits, personalized communication, or a customer satisfaction survey. Prioritize addressing the key churn drivers identified: numerical__tenure, categorical__Contract_Month-to-month, numerical__TotalCharges."
3584,0.38470683,Medium Risk,75.0,Medium Value,Low,"categorical__Contract_Month-to-month, categorical__InternetService_Fiber optic, numerical__tenure","categorical__OnlineSecurity_No, categorical__PaymentMethod_Electronic check, categorical__MultipleLines_No","Run an engagement campaign with loyalty benefits, personalized communication, or a customer satisfaction survey. Prioritize addressing the key churn drivers identified: categorical__Contract_Month-to-month, categorical__InternetService_Fiber optic, numerical__tenure."
2426,0.38274857,Medium Risk,35.65,Low Value,Low,"categorical__Contract_Month-to-month, categorical__gender_Female, categorical__StreamingTV_No","categorical__InternetService_Fiber optic, categorical__gender_Male, categorical__PaymentMethod_Electronic check","Run an engagement campaign with loyalty benefits, personalized communication, or a customer satisfaction survey. Prioritize addressing the key churn drivers identified: categorical__Contract_Month-to-month, categorical__gender_Female, categorical__StreamingTV_No."
3003,0.38091937,Medium Risk,79.5,Medium Value,Low,"categorical__Contract_Month-to-month, categorical__InternetService_Fiber optic, categorical__OnlineSecurity_No","numerical__tenure, categorical__TechSupport_No, categorical__Partner_Yes","Run an engagement campaign with loyalty benefits, personalized communication, or a customer satisfaction survey. Prioritize addressing the key churn drivers identified: categorical__Contract_Month-to-month, categorical__InternetService_Fiber optic, categorical__OnlineSecurity_No."
5854,0.37531108,Medium Risk,48.8,Low Value,Low,"categorical__Contract_Month-to-month, categorical__gender_Female, categorical__Partner_No","categorical__InternetService_Fiber optic, categorical__gender_Male, categorical__PaymentMethod_Electronic check","Run an engagement campaign with loyalty benefits, personalized communication, or a customer satisfaction survey. Prioritize addressing the key churn drivers identified: categorical__Contract_Month-to-month, categorical__gender_Female, categorical__Partner_No."
1553,0.3747613,Medium Risk,81.5,Medium Value,Low,"categorical__Contract_Month-to-month, categorical__gender_Female, categorical__InternetService_Fiber optic","numerical__tenure, categorical__gender_Male, categorical__PaymentMethod_Electronic check","Run an engagement campaign with loyalty benefits, personalized communication, or a customer satisfaction survey. Prioritize addressing the key churn drivers identified: categorical__Contract_Month-to-month, categorical__gender_Female, categorical__InternetService_Fiber optic."
5634,0.37116444,Medium Risk,19.9,Low Value,Low,"numerical__tenure, categorical__Contract_Month-to-month, numerical__TotalCharges","categorical__OnlineSecurity_No, categorical__gender_Male, categorical__TechSupport_No","Run an engagement campaign with loyalty benefits, personalized communication, or a customer satisfaction survey. Prioritize addressing the key churn drivers identified: numerical__tenure, categorical__Contract_Month-to-month, numerical__TotalCharges."
2096,0.368385,Medium Risk,19.3,Low Value,Low,"numerical__tenure, categorical__Contract_Month-to-month, categorical__gender_Female","categorical__OnlineSecurity_No, categorical__gender_Male, categorical__PaperlessBilling_Yes","Run an engagement campaign with loyalty benefits, personalized communication, or a customer satisfaction survey. Prioritize addressing the key churn drivers identified: numerical__tenure, categorical__Contract_Month-to-month, categorical__gender_Female."
2102,0.36812115,Medium Risk,80.55,Medium Value,Low,"categorical__Contract_Month-to-month, categorical__InternetService_Fiber optic, categorical__OnlineSecurity_No","categorical__PaymentMethod_Electronic check, numerical__tenure, categorical__PaymentMethod_Credit card (automatic)","Run an engagement campaign with loyalty benefits, personalized communication, or a customer satisfaction survey. Prioritize addressing the key churn drivers identified: categorical__Contract_Month-to-month, categorical__InternetService_Fiber optic, categorical__OnlineSecurity_No."
2639,0.36781725,Medium Risk,54.45,Medium Value,Low,"categorical__Contract_Month-to-month, categorical__PaymentMethod_Electronic check, categorical__Partner_No","categorical__OnlineSecurity_No, categorical__InternetService_Fiber optic, numerical__tenure","Run an engagement campaign with loyalty benefits, personalized communication, or a customer satisfaction survey. Prioritize addressing the key churn drivers identified: categorical__Contract_Month-to-month, categorical__PaymentMethod_Electronic check, categorical__Partner_No."
6392,0.36445796,Medium Risk,49.75,Low Value,Low,"categorical__Contract_Month-to-month, categorical__gender_Female, categorical__PaymentMethod_Electronic check","numerical__tenure, categorical__gender_Male, categorical__InternetService_Fiber optic","Run an engagement campaign with loyalty benefits, personalized communication, or a customer satisfaction survey. Prioritize addressing the key churn drivers identified: categorical__Contract_Month-to-month, categorical__gender_Female, categorical__PaymentMethod_Electronic check."
4542,0.36231837,Medium Risk,79.3,Medium Value,Low,"categorical__Contract_Month-to-month, categorical__gender_Female, categorical__InternetService_Fiber optic","numerical__tenure, categorical__PaymentMethod_Electronic check, categorical__PaperlessBilling_Yes","Run an engagement campaign with loyalty benefits, personalized communication, or a customer satisfaction survey. Prioritize addressing the key churn drivers identified: categorical__Contract_Month-to-month, categorical__gender_Female, categorical__InternetService_Fiber optic."
3423,0.35904378,Medium Risk,50.6,Medium Value,Low,"numerical__tenure, categorical__Contract_Month-to-month, categorical__Partner_No","categorical__PaperlessBilling_Yes, categorical__OnlineSecurity_No, categorical__InternetService_Fiber optic","Run an engagement campaign with loyalty benefits, personalized communication, or a customer satisfaction survey. Prioritize addressing the key churn drivers identified: numerical__tenure, categorical__Contract_Month-to-month, categorical__Partner_No."
3532,0.35450968,Medium Risk,59.45,Medium Value,Low,"categorical__Contract_Month-to-month, categorical__gender_Female, categorical__PaymentMethod_Electronic check","categorical__InternetService_Fiber optic, categorical__gender_Male, categorical__MultipleLines_No","Run an engagement campaign with loyalty benefits, personalized communication, or a customer satisfaction survey. Prioritize addressing the key churn drivers identified: categorical__Contract_Month-to-month, categorical__gender_Female, categorical__PaymentMethod_Electronic check."
2616,0.35138264,Medium Risk,44.6,Low Value,Low,"categorical__Contract_Month-to-month, numerical__tenure, categorical__OnlineSecurity_No","categorical__PaymentMethod_Electronic check, categorical__InternetService_Fiber optic, numerical__MonthlyCharges","Run an engagement campaign with loyalty benefits, personalized communication, or a customer satisfaction survey. Prioritize addressing the key churn drivers identified: categorical__Contract_Month-to-month, numerical__tenure, categorical__OnlineSecurity_No."
3189,0.3495462,Medium Risk,19.8,Low Value,Low,"numerical__MonthlyCharges, categorical__gender_Female, categorical__Contract_Month-to-month","categorical__OnlineSecurity_No, categorical__PaperlessBilling_Yes, categorical__InternetService_Fiber optic","Run an engagement campaign with loyalty benefits, personalized communication, or a customer satisfaction survey. Prioritize addressing the key churn drivers identified: numerical__MonthlyCharges, categorical__gender_Female, categorical__Contract_Month-to-month."
6191,0.34927467,Medium Risk,55.65,Medium Value,Low,"categorical__Contract_Month-to-month, categorical__gender_Female, categorical__PaymentMethod_Electronic check","categorical__InternetService_Fiber optic, categorical__gender_Male, categorical__PaperlessBilling_Yes","Run an engagement campaign with loyalty benefits, personalized communication, or a customer satisfaction survey. Prioritize addressing the key churn drivers identified: categorical__Contract_Month-to-month, categorical__gender_Female, categorical__PaymentMethod_Electronic check."
3989,0.3491659,Medium Risk,38.5,Low Value,Low,"categorical__Contract_Month-to-month, categorical__gender_Female, categorical__PaymentMethod_Electronic check","categorical__OnlineSecurity_No, categorical__gender_Male, categorical__InternetService_Fiber optic","Run an engagement campaign with loyalty benefits, personalized communication, or a customer satisfaction survey. Prioritize addressing the key churn drivers identified: categorical__Contract_Month-to-month, categorical__gender_Female, categorical__PaymentMethod_Electronic check."
5317,0.3467959,Medium Risk,49.65,Low Value,Low,"categorical__Contract_Month-to-month, categorical__gender_Female, numerical__tenure","categorical__gender_Male, categorical__InternetService_Fiber optic, numerical__MonthlyCharges","Run an engagement campaign with loyalty benefits, personalized communication, or a customer satisfaction survey. Prioritize addressing the key churn drivers identified: categorical__Contract_Month-to-month, categorical__gender_Female, numerical__tenure."
3743,0.345129,Medium Risk,49.35,Low Value,Low,"categorical__Contract_Month-to-month, numerical__tenure, categorical__PaymentMethod_Electronic check","categorical__OnlineSecurity_No, categorical__PaperlessBilling_Yes, categorical__InternetService_Fiber optic","Run an engagement campaign with loyalty benefits, personalized communication, or a customer satisfaction survey. Prioritize addressing the key churn drivers identified: categorical__Contract_Month-to-month, numerical__tenure, categorical__PaymentMethod_Electronic check."
2962,0.342931,Medium Risk,31.0,Low Value,Low,"categorical__Contract_Month-to-month, numerical__tenure, categorical__gender_Female","categorical__gender_Male, categorical__TechSupport_No, categorical__InternetService_Fiber optic","Run an engagement campaign with loyalty benefits, personalized communication, or a customer satisfaction survey. Prioritize addressing the key churn drivers identified: categorical__Contract_Month-to-month, numerical__tenure, categorical__gender_Female."
3846,0.33796462,Medium Risk,45.45,Low Value,Low,"categorical__Contract_Month-to-month, categorical__gender_Female, categorical__PaymentMethod_Electronic check","categorical__InternetService_Fiber optic, categorical__gender_Male, categorical__Dependents_No","Run an engagement campaign with loyalty benefits, personalized communication, or a customer satisfaction survey. Prioritize addressing the key churn drivers identified: categorical__Contract_Month-to-month, categorical__gender_Female, categorical__PaymentMethod_Electronic check."
2682,0.3368882,Medium Risk,50.4,Medium Value,Low,"categorical__Contract_Month-to-month, numerical__tenure, categorical__OnlineSecurity_No","categorical__PaperlessBilling_Yes, categorical__InternetService_Fiber optic, categorical__PaymentMethod_Electronic check","Run an engagement campaign with loyalty benefits, personalized communication, or a customer satisfaction survey. Prioritize addressing the key churn drivers identified: categorical__Contract_Month-to-month, numerical__tenure, categorical__OnlineSecurity_No."
74,0.3364734,Medium Risk,64.5,Medium Value,Low,"categorical__Contract_Month-to-month, numerical__tenure, categorical__gender_Female","categorical__OnlineSecurity_No, categorical__gender_Male, categorical__InternetService_Fiber optic","Run an engagement campaign with loyalty benefits, personalized communication, or a customer satisfaction survey. Prioritize addressing the key churn drivers identified: categorical__Contract_Month-to-month, numerical__tenure, categorical__gender_Female."
3049,0.33559012,Medium Risk,19.75,Low Value,Low,"numerical__MonthlyCharges, categorical__Contract_Month-to-month, categorical__gender_Female","categorical__OnlineSecurity_No, categorical__PaperlessBilling_Yes, categorical__gender_Male","Run an engagement campaign with loyalty benefits, personalized communication, or a customer satisfaction survey. Prioritize addressing the key churn drivers identified: numerical__MonthlyCharges, categorical__Contract_Month-to-month, categorical__gender_Female."
2462,0.3321045,Medium Risk,70.45,Medium Value,Low,"numerical__tenure, categorical__Contract_Month-to-month, categorical__Partner_No","categorical__OnlineSecurity_No, categorical__InternetService_Fiber optic, categorical__TechSupport_No","Run an engagement campaign with loyalty benefits, personalized communication, or a customer satisfaction survey. Prioritize addressing the key churn drivers identified: numerical__tenure, categorical__Contract_Month-to-month, categorical__Partner_No."
3098,0.33174965,Medium Risk,79.65,Medium Value,Low,"categorical__Contract_Month-to-month, categorical__InternetService_Fiber optic, categorical__OnlineSecurity_No","numerical__tenure, categorical__PaymentMethod_Electronic check, categorical__MultipleLines_No","Run an engagement campaign with loyalty benefits, personalized communication, or a customer satisfaction survey. Prioritize addressing the key churn drivers identified: categorical__Contract_Month-to-month, categorical__InternetService_Fiber optic, categorical__OnlineSecurity_No."
541,0.33034775,Medium Risk,58.95,Medium Value,Low,"categorical__Contract_Month-to-month, categorical__gender_Female, categorical__MultipleLines_No","categorical__InternetService_Fiber optic, categorical__gender_Male, categorical__PaymentMethod_Electronic check","Run an engagement campaign with loyalty benefits, personalized communication, or a customer satisfaction survey. Prioritize addressing the key churn drivers identified: categorical__Contract_Month-to-month, categorical__gender_Female, categorical__MultipleLines_No."
3680,0.32949638,Medium Risk,40.65,Low Value,Low,"categorical__Contract_Month-to-month, numerical__tenure, categorical__StreamingTV_Yes","categorical__InternetService_Fiber optic, categorical__PaperlessBilling_Yes, categorical__PaymentMethod_Electronic check","Run an engagement campaign with loyalty benefits, personalized communication, or a customer satisfaction survey. Prioritize addressing the key churn drivers identified: categorical__Contract_Month-to-month, numerical__tenure, categorical__StreamingTV_Yes."
5259,0.32243446,Medium Risk,77.9,Medium Value,Low,"categorical__Contract_Month-to-month, categorical__InternetService_Fiber optic, numerical__SeniorCitizen","numerical__tenure, categorical__PaperlessBilling_Yes, categorical__PaymentMethod_Electronic check","Run an engagement campaign with loyalty benefits, personalized communication, or a customer satisfaction survey. Prioritize addressing the key churn drivers identified: categorical__Contract_Month-to-month, categorical__InternetService_Fiber optic, numerical__SeniorCitizen."
1242,0.31862777,Medium Risk,28.5,Low Value,Low,"categorical__Contract_Month-to-month, categorical__gender_Female, categorical__PaymentMethod_Electronic check","categorical__gender_Male, categorical__PaperlessBilling_Yes, categorical__InternetService_Fiber optic","Run an engagement campaign with loyalty benefits, personalized communication, or a customer satisfaction survey. Prioritize addressing the key churn drivers identified: categorical__Contract_Month-to-month, categorical__gender_Female, categorical__PaymentMethod_Electronic check."
6319,0.31692058,Medium Risk,24.95,Low Value,Low,"categorical__Contract_Month-to-month, numerical__SeniorCitizen, categorical__Partner_Yes","categorical__PaymentMethod_Electronic check, numerical__tenure, categorical__InternetService_Fiber optic","Run an engagement campaign with loyalty benefits, personalized communication, or a customer satisfaction survey. Prioritize addressing the key churn drivers identified: categorical__Contract_Month-to-month, numerical__SeniorCitizen, categorical__Partner_Yes."
6854,0.31625077,Medium Risk,20.0,Low Value,Low,"numerical__tenure, categorical__Contract_Month-to-month, numerical__TotalCharges","categorical__OnlineSecurity_No, categorical__PaperlessBilling_Yes, categorical__InternetService_Fiber optic","Run an engagement campaign with loyalty benefits, personalized communication, or a customer satisfaction survey. Prioritize addressing the key churn drivers identified: numerical__tenure, categorical__Contract_Month-to-month, numerical__TotalCharges."
5543,0.31343067,Medium Risk,78.85,Medium Value,Low,"categorical__Contract_Month-to-month, categorical__gender_Female, categorical__InternetService_Fiber optic","categorical__OnlineSecurity_No, categorical__gender_Male, categorical__PaperlessBilling_Yes","Run an engagement campaign with loyalty benefits, personalized communication, or a customer satisfaction survey. Prioritize addressing the key churn drivers identified: categorical__Contract_Month-to-month, categorical__gender_Female, categorical__InternetService_Fiber optic."
2975,0.31074795,Medium Risk,60.65,Medium Value,Low,"categorical__Contract_Month-to-month, numerical__tenure, numerical__TotalCharges","categorical__PaperlessBilling_Yes, categorical__InternetService_Fiber optic, numerical__MonthlyCharges","Run an engagement campaign with loyalty benefits, personalized communication, or a customer satisfaction survey. Prioritize addressing the key churn drivers identified: categorical__Contract_Month-to-month, numerical__tenure, numerical__TotalCharges."
4702,0.30968264,Medium Risk,55.45,Medium Value,Low,"categorical__MultipleLines_No, categorical__Partner_No, categorical__Contract_One year","categorical__Contract_Month-to-month, categorical__InternetService_Fiber optic, categorical__Partner_Yes","Run an engagement campaign with loyalty benefits, personalized communication, or a customer satisfaction survey. Prioritize addressing the key churn drivers identified: categorical__MultipleLines_No, categorical__Partner_No, categorical__Contract_One year."
6641,0.30894017,Medium Risk,50.15,Medium Value,Low,"categorical__Contract_Month-to-month, categorical__gender_Female, categorical__PaymentMethod_Electronic check","categorical__OnlineSecurity_No, categorical__InternetService_Fiber optic, categorical__gender_Male","Run an engagement campaign with loyalty benefits, personalized communication, or a customer satisfaction survey. Prioritize addressing the key churn drivers identified: categorical__Contract_Month-to-month, categorical__gender_Female, categorical__PaymentMethod_Electronic check."
3379,0.30688244,Medium Risk,19.3,Low Value,Low,"categorical__Contract_Month-to-month, numerical__tenure, categorical__gender_Female","categorical__OnlineSecurity_No, categorical__gender_Male, categorical__PaperlessBilling_Yes","Run an engagement campaign with loyalty benefits, personalized communication, or a customer satisfaction survey. Prioritize addressing the key churn drivers identified: categorical__Contract_Month-to-month, numerical__tenure, categorical__gender_Female."
6979,0.30632547,Medium Risk,24.2,Low Value,Low,"numerical__tenure, categorical__Contract_Month-to-month, categorical__OnlineSecurity_No","numerical__MonthlyCharges, categorical__PaperlessBilling_Yes, categorical__InternetService_Fiber optic","Run an engagement campaign with loyalty benefits, personalized communication, or a customer satisfaction survey. Prioritize addressing the key churn drivers identified: numerical__tenure, categorical__Contract_Month-to-month, categorical__OnlineSecurity_No."
1569,0.30545104,Medium Risk,46.3,Low Value,Low,"categorical__Contract_Month-to-month, categorical__gender_Female, categorical__PaymentMethod_Electronic check","categorical__InternetService_Fiber optic, categorical__gender_Male, categorical__PaperlessBilling_Yes","Run an engagement campaign with loyalty benefits, personalized communication, or a customer satisfaction survey. Prioritize addressing the key churn drivers identified: categorical__Contract_Month-to-month, categorical__gender_Female, categorical__PaymentMethod_Electronic check."
2335,0.30412263,Medium Risk,55.8,Medium Value,Low,"categorical__Contract_Month-to-month, numerical__tenure, categorical__Partner_No","categorical__OnlineSecurity_No, categorical__InternetService_Fiber optic, categorical__PaymentMethod_Electronic check","Run an engagement campaign with loyalty benefits, personalized communication, or a customer satisfaction survey. Prioritize addressing the key churn drivers identified: categorical__Contract_Month-to-month, numerical__tenure, categorical__Partner_No."
4873,0.30261236,Medium Risk,19.3,Low Value,Low,"categorical__Contract_Month-to-month, categorical__gender_Female, numerical__TotalCharges","categorical__OnlineSecurity_No, categorical__gender_Male, categorical__PaperlessBilling_Yes","Run an engagement campaign with loyalty benefits, personalized communication, or a customer satisfaction survey. Prioritize addressing the key churn drivers identified: categorical__Contract_Month-to-month, categorical__gender_Female, numerical__TotalCharges."
1825,0.30248103,Medium Risk,54.2,Medium Value,Low,"categorical__Contract_Month-to-month, categorical__gender_Female, categorical__Partner_No","numerical__tenure, categorical__InternetService_Fiber optic, categorical__gender_Male","Run an engagement campaign with loyalty benefits, personalized communication, or a customer satisfaction survey. Prioritize addressing the key churn drivers identified: categorical__Contract_Month-to-month, categorical__gender_Female, categorical__Partner_No."
223,0.30145788,Medium Risk,50.05,Medium Value,Low,"numerical__tenure, categorical__Contract_Month-to-month, categorical__OnlineSecurity_No","categorical__PaperlessBilling_Yes, categorical__InternetService_Fiber optic, categorical__PaymentMethod_Electronic check","Run an engagement campaign with loyalty benefits, personalized communication, or a customer satisfaction survey. Prioritize addressing the key churn drivers identified: numerical__tenure, categorical__Contract_Month-to-month, categorical__OnlineSecurity_No."
1043,0.2997946,Low Risk,69.75,Medium Value,Low,"categorical__Contract_Month-to-month, categorical__InternetService_Fiber optic, categorical__OnlineSecurity_No","numerical__tenure, categorical__PaymentMethod_Electronic check, categorical__MultipleLines_No","Continue normal customer engagement and loyalty communication to maintain customer satisfaction. Prioritize addressing the key churn drivers identified: categorical__Contract_Month-to-month, categorical__InternetService_Fiber optic, categorical__OnlineSecurity_No."
2081,0.29819676,Low Risk,75.3,Medium Value,Low,"categorical__Contract_Month-to-month, categorical__gender_Female, categorical__InternetService_Fiber optic","categorical__PaymentMethod_Electronic check, categorical__gender_Male, numerical__tenure","Continue normal customer engagement and loyalty communication to maintain customer satisfaction. Prioritize addressing the key churn drivers identified: categorical__Contract_Month-to-month, categorical__gender_Female, categorical__InternetService_Fiber optic."
3868,0.29627144,Low Risk,74.05,Medium Value,Low,"categorical__Contract_Month-to-month, categorical__gender_Female, categorical__InternetService_Fiber optic","numerical__tenure, categorical__gender_Male, categorical__PaymentMethod_Electronic check","Continue normal customer engagement and loyalty communication to maintain customer satisfaction. Prioritize addressing the key churn drivers identified: categorical__Contract_Month-to-month, categorical__gender_Female, categorical__InternetService_Fiber optic."
6238,0.29460412,Low Risk,74.0,Medium Value,Low,"categorical__Contract_Month-to-month, categorical__InternetService_Fiber optic, numerical__SeniorCitizen","numerical__tenure, numerical__TotalCharges, categorical__PaymentMethod_Electronic check","Continue normal customer engagement and loyalty communication to maintain customer satisfaction. Prioritize addressing the key churn drivers identified: categorical__Contract_Month-to-month, categorical__InternetService_Fiber optic, numerical__SeniorCitizen."
6898,0.29456234,Low Risk,100.05,High Value,Low,"categorical__InternetService_Fiber optic, numerical__MonthlyCharges, categorical__OnlineSecurity_No","categorical__Contract_Month-to-month, categorical__MultipleLines_No, numerical__tenure","Continue normal customer engagement and loyalty communication to maintain customer satisfaction. Prioritize addressing the key churn drivers identified: categorical__InternetService_Fiber optic, numerical__MonthlyCharges, categorical__OnlineSecurity_No."
150,0.29344073,Low Risk,68.55,Medium Value,Low,"categorical__Contract_Month-to-month, categorical__gender_Female, categorical__OnlineSecurity_No","categorical__InternetService_Fiber optic, categorical__gender_Male, categorical__TechSupport_No","Continue normal customer engagement and loyalty communication to maintain customer satisfaction. Prioritize addressing the key churn drivers identified: categorical__Contract_Month-to-month, categorical__gender_Female, categorical__OnlineSecurity_No."
1775,0.292811,Low Risk,109.05,High Value,Low,"numerical__MonthlyCharges, categorical__OnlineBackup_No, categorical__InternetService_Fiber optic","categorical__Contract_Month-to-month, numerical__tenure, categorical__OnlineSecurity_No","Continue normal customer engagement and loyalty communication to maintain customer satisfaction. Prioritize addressing the key churn drivers identified: numerical__MonthlyCharges, categorical__OnlineBackup_No, categorical__InternetService_Fiber optic."
1184,0.29150516,Low Risk,87.9,High Value,Low,"categorical__Contract_Month-to-month, categorical__InternetService_Fiber optic, categorical__Partner_Yes","categorical__OnlineSecurity_No, numerical__tenure, categorical__PaymentMethod_Electronic check","Continue normal customer engagement and loyalty communication to maintain customer satisfaction. Prioritize addressing the key churn drivers identified: categorical__Contract_Month-to-month, categorical__InternetService_Fiber optic, categorical__Partner_Yes."
5085,0.2914713,Low Risk,40.6,Low Value,Low,"categorical__Contract_Month-to-month, categorical__Partner_No, categorical__PaymentMethod_Electronic check","numerical__tenure, categorical__TechSupport_No, categorical__InternetService_Fiber optic","Continue normal customer engagement and loyalty communication to maintain customer satisfaction. Prioritize addressing the key churn drivers identified: categorical__Contract_Month-to-month, categorical__Partner_No, categorical__PaymentMethod_Electronic check."
5155,0.29136848,Low Risk,94.4,High Value,Low,"categorical__gender_Female, categorical__InternetService_Fiber optic, categorical__StreamingTV_Yes","categorical__Contract_Month-to-month, numerical__tenure, categorical__gender_Male","Continue normal customer engagement and loyalty communication to maintain customer satisfaction. Prioritize addressing the key churn drivers identified: categorical__gender_Female, categorical__InternetService_Fiber optic, categorical__StreamingTV_Yes."
1097,0.2907595,Low Risk,90.4,High Value,Low,"categorical__InternetService_Fiber optic, categorical__OnlineSecurity_No, categorical__DeviceProtection_No","categorical__Contract_Month-to-month, numerical__tenure, categorical__MultipleLines_No","Continue normal customer engagement and loyalty communication to maintain customer satisfaction. Prioritize addressing the key churn drivers identified: categorical__InternetService_Fiber optic, categorical__OnlineSecurity_No, categorical__DeviceProtection_No."
4118,0.2905519,Low Risk,74.8,Medium Value,Low,"categorical__Contract_Month-to-month, categorical__gender_Female, categorical__InternetService_Fiber optic","categorical__PaperlessBilling_Yes, numerical__tenure, categorical__PaymentMethod_Electronic check","Continue normal customer engagement and loyalty communication to maintain customer satisfaction. Prioritize addressing the key churn drivers identified: categorical__Contract_Month-to-month, categorical__gender_Female, categorical__InternetService_Fiber optic."
3930,0.29004368,Low Risk,109.4,High Value,Low,"numerical__MonthlyCharges, categorical__gender_Female, categorical__InternetService_Fiber optic","categorical__Contract_Month-to-month, numerical__tenure, categorical__gender_Male","Continue normal customer engagement and loyalty communication to maintain customer satisfaction. Prioritize addressing the key churn drivers identified: numerical__MonthlyCharges, categorical__gender_Female, categorical__InternetService_Fiber optic."
3070,0.28908622,Low Risk,50.95,Medium Value,Low,"categorical__gender_Female, categorical__Contract_Month-to-month, categorical__Partner_No","categorical__OnlineSecurity_No, categorical__InternetService_Fiber optic, categorical__PaperlessBilling_Yes","Continue normal customer engagement and loyalty communication to maintain customer satisfaction. Prioritize addressing the key churn drivers identified: categorical__gender_Female, categorical__Contract_Month-to-month, categorical__Partner_No."
6201,0.2885468,Low Risk,80.7,Medium Value,Low,"categorical__Contract_Month-to-month, categorical__gender_Female, categorical__InternetService_Fiber optic","categorical__OnlineSecurity_No, categorical__gender_Male, categorical__PaperlessBilling_Yes","Continue normal customer engagement and loyalty communication to maintain customer satisfaction. Prioritize addressing the key churn drivers identified: categorical__Contract_Month-to-month, categorical__gender_Female, categorical__InternetService_Fiber optic."
3460,0.28555158,Low Risk,100.05,High Value,Low,"categorical__Contract_Month-to-month, numerical__MonthlyCharges, categorical__gender_Female","numerical__tenure, categorical__gender_Male, categorical__MultipleLines_No","Continue normal customer engagement and loyalty communication to maintain customer satisfaction. Prioritize addressing the key churn drivers identified: categorical__Contract_Month-to-month, numerical__MonthlyCharges, categorical__gender_Female."
6677,0.28525415,Low Risk,29.15,Low Value,Low,"categorical__Contract_Month-to-month, categorical__gender_Female, categorical__Partner_No","categorical__InternetService_Fiber optic, categorical__PaperlessBilling_Yes, categorical__gender_Male","Continue normal customer engagement and loyalty communication to maintain customer satisfaction. Prioritize addressing the key churn drivers identified: categorical__Contract_Month-to-month, categorical__gender_Female, categorical__Partner_No."
5661,0.28494722,Low Risk,19.85,Low Value,Low,"categorical__Contract_Month-to-month, numerical__tenure, categorical__Partner_No","categorical__OnlineSecurity_No, categorical__TechSupport_No, categorical__InternetService_Fiber optic","Continue normal customer engagement and loyalty communication to maintain customer satisfaction. Prioritize addressing the key churn drivers identified: categorical__Contract_Month-to-month, numerical__tenure, categorical__Partner_No."
4521,0.28439358,Low Risk,45.55,Low Value,Low,"categorical__Contract_Month-to-month, categorical__gender_Female, categorical__PaymentMethod_Electronic check","categorical__InternetService_Fiber optic, categorical__gender_Male, categorical__PaperlessBilling_Yes","Continue normal customer engagement and loyalty communication to maintain customer satisfaction. Prioritize addressing the key churn drivers identified: categorical__Contract_Month-to-month, categorical__gender_Female, categorical__PaymentMethod_Electronic check."
1673,0.2842025,Low Risk,113.6,High Value,Low,"categorical__gender_Female, categorical__Contract_Month-to-month, categorical__InternetService_Fiber optic","categorical__OnlineSecurity_No, categorical__gender_Male, numerical__MonthlyCharges","Continue normal customer engagement and loyalty communication to maintain customer satisfaction. Prioritize addressing the key churn drivers identified: categorical__gender_Female, categorical__Contract_Month-to-month, categorical__InternetService_Fiber optic."
1559,0.28396183,Low Risk,20.35,Low Value,Low,"numerical__tenure, categorical__Contract_Month-to-month, categorical__gender_Female","categorical__OnlineSecurity_No, categorical__gender_Male, categorical__PaperlessBilling_Yes","Continue normal customer engagement and loyalty communication to maintain customer satisfaction. Prioritize addressing the key churn drivers identified: numerical__tenure, categorical__Contract_Month-to-month, categorical__gender_Female."
3893,0.2837534,Low Risk,51.3,Medium Value,Low,"categorical__Contract_Month-to-month, categorical__gender_Female, numerical__tenure","categorical__InternetService_Fiber optic, categorical__gender_Male, categorical__PaymentMethod_Electronic check","Continue normal customer engagement and loyalty communication to maintain customer satisfaction. Prioritize addressing the key churn drivers identified: categorical__Contract_Month-to-month, categorical__gender_Female, numerical__tenure."
2969,0.28280473,Low Risk,109.3,High Value,Low,"numerical__MonthlyCharges, categorical__gender_Female, categorical__OnlineBackup_No","categorical__Contract_Month-to-month, numerical__tenure, categorical__PaperlessBilling_Yes","Continue normal customer engagement and loyalty communication to maintain customer satisfaction. Prioritize addressing the key churn drivers identified: numerical__MonthlyCharges, categorical__gender_Female, categorical__OnlineBackup_No."
5720,0.2826865,Low Risk,104.05,High Value,Low,"categorical__gender_Female, numerical__MonthlyCharges, categorical__InternetService_Fiber optic","categorical__Contract_Month-to-month, categorical__gender_Male, numerical__tenure","Continue normal customer engagement and loyalty communication to maintain customer satisfaction. Prioritize addressing the key churn drivers identified: categorical__gender_Female, numerical__MonthlyCharges, categorical__InternetService_Fiber optic."
4680,0.2826327,Low Risk,58.4,Medium Value,Low,"categorical__Contract_Month-to-month, categorical__Partner_No, numerical__SeniorCitizen","categorical__InternetService_Fiber optic, categorical__OnlineSecurity_No, categorical__PaymentMethod_Electronic check","Continue normal customer engagement and loyalty communication to maintain customer satisfaction. Prioritize addressing the key churn drivers identified: categorical__Contract_Month-to-month, categorical__Partner_No, numerical__SeniorCitizen."
3688,0.28260612,Low Risk,98.05,High Value,Low,"categorical__Contract_Month-to-month, categorical__gender_Female, categorical__InternetService_Fiber optic","numerical__tenure, numerical__TotalCharges, categorical__PaymentMethod_Electronic check","Continue normal customer engagement and loyalty communication to maintain customer satisfaction. Prioritize addressing the key churn drivers identified: categorical__Contract_Month-to-month, categorical__gender_Female, categorical__InternetService_Fiber optic."
1179,0.2825015,Low Risk,94.3,High Value,Low,"categorical__Contract_Month-to-month, categorical__InternetService_Fiber optic, numerical__SeniorCitizen","numerical__TotalCharges, categorical__TechSupport_No, numerical__tenure","Continue normal customer engagement and loyalty communication to maintain customer satisfaction. Prioritize addressing the key churn drivers identified: categorical__Contract_Month-to-month, categorical__InternetService_Fiber optic, numerical__SeniorCitizen."
4105,0.28175697,Low Risk,106.7,High Value,Low,"numerical__MonthlyCharges, categorical__OnlineBackup_No, categorical__gender_Female","categorical__Contract_Month-to-month, numerical__tenure, categorical__gender_Male","Continue normal customer engagement and loyalty communication to maintain customer satisfaction. Prioritize addressing the key churn drivers identified: numerical__MonthlyCharges, categorical__OnlineBackup_No, categorical__gender_Female."
1296,0.28144154,Low Risk,80.7,Medium Value,Low,"categorical__Contract_Month-to-month, categorical__gender_Female, categorical__InternetService_Fiber optic","numerical__tenure, categorical__gender_Male, categorical__PaymentMethod_Electronic check","Continue normal customer engagement and loyalty communication to maintain customer satisfaction. Prioritize addressing the key churn drivers identified: categorical__Contract_Month-to-month, categorical__gender_Female, categorical__InternetService_Fiber optic."
715,0.28124684,Low Risk,89.15,High Value,Low,"categorical__Contract_Month-to-month, categorical__InternetService_Fiber optic, categorical__DeviceProtection_No","categorical__OnlineSecurity_No, numerical__tenure, categorical__PaymentMethod_Electronic check","Continue normal customer engagement and loyalty communication to maintain customer satisfaction. Prioritize addressing the key churn drivers identified: categorical__Contract_Month-to-month, categorical__InternetService_Fiber optic, categorical__DeviceProtection_No."
469,0.2798431,Low Risk,55.95,Medium Value,Low,"categorical__Contract_Month-to-month, categorical__gender_Female, categorical__PaymentMethod_Electronic check","categorical__InternetService_Fiber optic, categorical__gender_Male, categorical__PaperlessBilling_Yes","Continue normal customer engagement and loyalty communication to maintain customer satisfaction. Prioritize addressing the key churn drivers identified: categorical__Contract_Month-to-month, categorical__gender_Female, categorical__PaymentMethod_Electronic check."
5647,0.2798144,Low Risk,69.1,Medium Value,Low,"categorical__Contract_Month-to-month, categorical__gender_Female, numerical__TotalCharges","categorical__InternetService_Fiber optic, categorical__gender_Male, categorical__PaymentMethod_Electronic check","Continue normal customer engagement and loyalty communication to maintain customer satisfaction. Prioritize addressing the key churn drivers identified: categorical__Contract_Month-to-month, categorical__gender_Female, numerical__TotalCharges."
3102,0.27907062,Low Risk,54.2,Medium Value,Low,"categorical__Contract_Month-to-month, categorical__gender_Female, numerical__tenure","categorical__OnlineSecurity_No, categorical__gender_Male, categorical__PaperlessBilling_Yes","Continue normal customer engagement and loyalty communication to maintain customer satisfaction. Prioritize addressing the key churn drivers identified: categorical__Contract_Month-to-month, categorical__gender_Female, numerical__tenure."
311,0.27906606,Low Risk,89.05,High Value,Low,"categorical__gender_Female, categorical__Contract_Month-to-month, categorical__InternetService_Fiber optic","categorical__OnlineSecurity_No, categorical__TechSupport_No, categorical__gender_Male","Continue normal customer engagement and loyalty communication to maintain customer satisfaction. Prioritize addressing the key churn drivers identified: categorical__gender_Female, categorical__Contract_Month-to-month, categorical__InternetService_Fiber optic."
2712,0.27795467,Low Risk,29.35,Low Value,Low,"categorical__Contract_Month-to-month, categorical__Partner_No, numerical__tenure","categorical__OnlineSecurity_No, categorical__InternetService_Fiber optic, categorical__PaperlessBilling_Yes","Continue normal customer engagement and loyalty communication to maintain customer satisfaction. Prioritize addressing the key churn drivers identified: categorical__Contract_Month-to-month, categorical__Partner_No, numerical__tenure."
3964,0.27734038,Low Risk,111.75,High Value,Low,"numerical__MonthlyCharges, categorical__PaperlessBilling_No, categorical__OnlineBackup_No","categorical__Contract_Month-to-month, categorical__gender_Male, numerical__tenure","Continue normal customer engagement and loyalty communication to maintain customer satisfaction. Prioritize addressing the key churn drivers identified: numerical__MonthlyCharges, categorical__PaperlessBilling_No, categorical__OnlineBackup_No."
3366,0.2759463,Low Risk,93.8,High Value,Low,"categorical__InternetService_Fiber optic, categorical__OnlineSecurity_No, categorical__PaymentMethod_Electronic check","categorical__Contract_Month-to-month, numerical__tenure, categorical__MultipleLines_No","Continue normal customer engagement and loyalty communication to maintain customer satisfaction. Prioritize addressing the key churn drivers identified: categorical__InternetService_Fiber optic, categorical__OnlineSecurity_No, categorical__PaymentMethod_Electronic check."
481,0.27427807,Low Risk,45.3,Low Value,Low,"categorical__Contract_Month-to-month, categorical__gender_Female, categorical__Partner_Yes","numerical__tenure, categorical__gender_Male, categorical__OnlineSecurity_No","Continue normal customer engagement and loyalty communication to maintain customer satisfaction. Prioritize addressing the key churn drivers identified: categorical__Contract_Month-to-month, categorical__gender_Female, categorical__Partner_Yes."
4791,0.27047813,Low Risk,20.0,Low Value,Low,"categorical__Contract_Month-to-month, numerical__tenure, categorical__PaperlessBilling_No","categorical__OnlineSecurity_No, categorical__PaperlessBilling_Yes, categorical__InternetService_Fiber optic","Continue normal customer engagement and loyalty communication to maintain customer satisfaction. Prioritize addressing the key churn drivers identified: categorical__Contract_Month-to-month, numerical__tenure, categorical__PaperlessBilling_No."
7,0.26920715,Low Risk,29.75,Low Value,Low,"categorical__Contract_Month-to-month, categorical__gender_Female, categorical__Partner_No","categorical__InternetService_Fiber optic, categorical__OnlineSecurity_No, categorical__gender_Male","Continue normal customer engagement and loyalty communication to maintain customer satisfaction. Prioritize addressing the key churn drivers identified: categorical__Contract_Month-to-month, categorical__gender_Female, categorical__Partner_No."
4464,0.26741472,Low Risk,81.7,Medium Value,Low,"categorical__Contract_Month-to-month, categorical__InternetService_Fiber optic, categorical__Partner_No","categorical__OnlineSecurity_No, categorical__PaperlessBilling_Yes, categorical__PaymentMethod_Electronic check","Continue normal customer engagement and loyalty communication to maintain customer satisfaction. Prioritize addressing the key churn drivers identified: categorical__Contract_Month-to-month, categorical__InternetService_Fiber optic, categorical__Partner_No."
3178,0.26668715,Low Risk,84.1,High Value,Low,"categorical__Contract_Month-to-month, categorical__InternetService_Fiber optic, categorical__PaymentMethod_Electronic check","numerical__tenure, categorical__OnlineSecurity_No, categorical__PaperlessBilling_Yes","Continue normal customer engagement and loyalty communication to maintain customer satisfaction. Prioritize addressing the key churn drivers identified: categorical__Contract_Month-to-month, categorical__InternetService_Fiber optic, categorical__PaymentMethod_Electronic check."
1316,0.26618087,Low Risk,19.95,Low Value,Low,"categorical__Contract_Month-to-month, numerical__TotalCharges, categorical__Partner_No","categorical__OnlineSecurity_No, categorical__InternetService_Fiber optic, categorical__TechSupport_No","Continue normal customer engagement and loyalty communication to maintain customer satisfaction. Prioritize addressing the key churn drivers identified: categorical__Contract_Month-to-month, numerical__TotalCharges, categorical__Partner_No."
3311,0.2658629,Low Risk,44.8,Low Value,Low,"categorical__Contract_Month-to-month, categorical__gender_Female, categorical__Partner_No","categorical__OnlineSecurity_No, categorical__InternetService_Fiber optic, categorical__gender_Male","Continue normal customer engagement and loyalty communication to maintain customer satisfaction. Prioritize addressing the key churn drivers identified: categorical__Contract_Month-to-month, categorical__gender_Female, categorical__Partner_No."
3666,0.2651582,Low Risk,84.4,High Value,Low,"categorical__Contract_Month-to-month, categorical__gender_Female, categorical__InternetService_Fiber optic","numerical__tenure, categorical__PaymentMethod_Electronic check, categorical__gender_Male","Continue normal customer engagement and loyalty communication to maintain customer satisfaction. Prioritize addressing the key churn drivers identified: categorical__Contract_Month-to-month, categorical__gender_Female, categorical__InternetService_Fiber optic."
3327,0.2646271,Low Risk,95.3,High Value,Low,"categorical__InternetService_Fiber optic, categorical__PaymentMethod_Electronic check, categorical__MultipleLines_No","categorical__Contract_Month-to-month, numerical__tenure, categorical__PaperlessBilling_Yes","Continue normal customer engagement and loyalty communication to maintain customer satisfaction. Prioritize addressing the key churn drivers identified: categorical__InternetService_Fiber optic, categorical__PaymentMethod_Electronic check, categorical__MultipleLines_No."
5797,0.26404303,Low Risk,88.8,High Value,Low,"categorical__Contract_Month-to-month, categorical__InternetService_Fiber optic, categorical__DeviceProtection_No","categorical__OnlineSecurity_No, categorical__TechSupport_No, numerical__tenure","Continue normal customer engagement and loyalty communication to maintain customer satisfaction. Prioritize addressing the key churn drivers identified: categorical__Contract_Month-to-month, categorical__InternetService_Fiber optic, categorical__DeviceProtection_No."
2321,0.26246187,Low Risk,95.45,High Value,Low,"categorical__Contract_Month-to-month, categorical__gender_Female, categorical__InternetService_Fiber optic","numerical__tenure, categorical__gender_Male, categorical__PaymentMethod_Electronic check","Continue normal customer engagement and loyalty communication to maintain customer satisfaction. Prioritize addressing the key churn drivers identified: categorical__Contract_Month-to-month, categorical__gender_Female, categorical__InternetService_Fiber optic."
3940,0.2623409,Low Risk,25.15,Low Value,Low,"categorical__Contract_Month-to-month, categorical__Partner_No, categorical__OnlineSecurity_No","categorical__PaymentMethod_Electronic check, categorical__InternetService_Fiber optic, numerical__tenure","Continue normal customer engagement and loyalty communication to maintain customer satisfaction. Prioritize addressing the key churn drivers identified: categorical__Contract_Month-to-month, categorical__Partner_No, categorical__OnlineSecurity_No."
1548,0.26230857,Low Risk,85.9,High Value,Low,"categorical__Contract_Month-to-month, categorical__InternetService_Fiber optic, categorical__PaymentMethod_Electronic check","numerical__tenure, categorical__TechSupport_No, categorical__PaperlessBilling_Yes","Continue normal customer engagement and loyalty communication to maintain customer satisfaction. Prioritize addressing the key churn drivers identified: categorical__Contract_Month-to-month, categorical__InternetService_Fiber optic, categorical__PaymentMethod_Electronic check."
522,0.2614399,Low Risk,85.5,High Value,Low,"categorical__Contract_Month-to-month, categorical__InternetService_Fiber optic, categorical__PaymentMethod_Bank transfer (automatic)","numerical__tenure, categorical__PaymentMethod_Electronic check, categorical__PaperlessBilling_Yes","Continue normal customer engagement and loyalty communication to maintain customer satisfaction. Prioritize addressing the key churn drivers identified: categorical__Contract_Month-to-month, categorical__InternetService_Fiber optic, categorical__PaymentMethod_Bank transfer (automatic)."
3514,0.2608488,Low Risk,110.6,High Value,Low,"numerical__MonthlyCharges, categorical__OnlineBackup_No, categorical__InternetService_Fiber optic","categorical__Contract_Month-to-month, numerical__tenure, categorical__OnlineSecurity_No","Continue normal customer engagement and loyalty communication to maintain customer satisfaction. Prioritize addressing the key churn drivers identified: numerical__MonthlyCharges, categorical__OnlineBackup_No, categorical__InternetService_Fiber optic."
617,0.25997856,Low Risk,102.85,High Value,Low,"numerical__MonthlyCharges, categorical__gender_Female, categorical__InternetService_Fiber optic","numerical__tenure, categorical__Contract_Month-to-month, categorical__gender_Male","Continue normal customer engagement and loyalty communication to maintain customer satisfaction. Prioritize addressing the key churn drivers identified: numerical__MonthlyCharges, categorical__gender_Female, categorical__InternetService_Fiber optic."
1524,0.25933585,Low Risk,109.85,High Value,Low,"numerical__MonthlyCharges, categorical__gender_Female, categorical__Contract_Month-to-month","numerical__tenure, categorical__gender_Male, categorical__PaymentMethod_Electronic check","Continue normal customer engagement and loyalty communication to maintain customer satisfaction. Prioritize addressing the key churn drivers identified: numerical__MonthlyCharges, categorical__gender_Female, categorical__Contract_Month-to-month."
458,0.2588525,Low Risk,20.0,Low Value,Low,"numerical__tenure, categorical__Contract_Month-to-month, categorical__PaperlessBilling_No","categorical__OnlineSecurity_No, categorical__PaperlessBilling_Yes, categorical__InternetService_Fiber optic","Continue normal customer engagement and loyalty communication to maintain customer satisfaction. Prioritize addressing the key churn drivers identified: numerical__tenure, categorical__Contract_Month-to-month, categorical__PaperlessBilling_No."
2769,0.25777563,Low Risk,19.75,Low Value,Low,"numerical__MonthlyCharges, categorical__Contract_Month-to-month, categorical__gender_Female","categorical__OnlineSecurity_No, categorical__InternetService_Fiber optic, categorical__PaperlessBilling_Yes","Continue normal customer engagement and loyalty communication to maintain customer satisfaction. Prioritize addressing the key churn drivers identified: numerical__MonthlyCharges, categorical__Contract_Month-to-month, categorical__gender_Female."
6167,0.2572636,Low Risk,90.05,High Value,Low,"categorical__Contract_Month-to-month, categorical__InternetService_Fiber optic, categorical__PaymentMethod_Electronic check","categorical__OnlineSecurity_No, categorical__PaperlessBilling_Yes, numerical__tenure","Continue normal customer engagement and loyalty communication to maintain customer satisfaction. Prioritize addressing the key churn drivers identified: categorical__Contract_Month-to-month, categorical__InternetService_Fiber optic, categorical__PaymentMethod_Electronic check."
1077,0.255804,Low Risk,114.5,High Value,Low,"categorical__gender_Female, categorical__Contract_Month-to-month, categorical__InternetService_Fiber optic","categorical__OnlineSecurity_No, categorical__gender_Male, numerical__tenure","Continue normal customer engagement and loyalty communication to maintain customer satisfaction. Prioritize addressing the key churn drivers identified: categorical__gender_Female, categorical__Contract_Month-to-month, categorical__InternetService_Fiber optic."
3690,0.2552041,Low Risk,54.15,Medium Value,Low,"categorical__Contract_Month-to-month, categorical__gender_Female, categorical__Partner_No","categorical__InternetService_Fiber optic, categorical__gender_Male, categorical__PaymentMethod_Electronic check","Continue normal customer engagement and loyalty communication to maintain customer satisfaction. Prioritize addressing the key churn drivers identified: categorical__Contract_Month-to-month, categorical__gender_Female, categorical__Partner_No."
2592,0.25462744,Low Risk,19.45,Low Value,Low,"numerical__MonthlyCharges, categorical__Contract_Month-to-month, categorical__gender_Female","categorical__OnlineSecurity_No, categorical__PaperlessBilling_Yes, categorical__InternetService_Fiber optic","Continue normal customer engagement and loyalty communication to maintain customer satisfaction. Prioritize addressing the key churn drivers identified: numerical__MonthlyCharges, categorical__Contract_Month-to-month, categorical__gender_Female."
4559,0.2543222,Low Risk,20.15,Low Value,Low,"categorical__Contract_Month-to-month, numerical__TotalCharges, numerical__tenure","categorical__OnlineSecurity_No, categorical__PaperlessBilling_Yes, categorical__InternetService_Fiber optic","Continue normal customer engagement and loyalty communication to maintain customer satisfaction. Prioritize addressing the key churn drivers identified: categorical__Contract_Month-to-month, numerical__TotalCharges, numerical__tenure."
3289,0.25412416,Low Risk,88.5,High Value,Low,"categorical__Contract_Month-to-month, categorical__gender_Female, categorical__InternetService_Fiber optic","numerical__tenure, numerical__TotalCharges, categorical__PaymentMethod_Electronic check","Continue normal customer engagement and loyalty communication to maintain customer satisfaction. Prioritize addressing the key churn drivers identified: categorical__Contract_Month-to-month, categorical__gender_Female, categorical__InternetService_Fiber optic."
1036,0.25307143,Low Risk,114.7,High Value,Low,"numerical__TotalCharges, categorical__InternetService_Fiber optic, categorical__PaymentMethod_Bank transfer (automatic)","categorical__Contract_Month-to-month, categorical__Contract_Two year, categorical__OnlineSecurity_No","Continue normal customer engagement and loyalty communication to maintain customer satisfaction. Prioritize addressing the key churn drivers identified: numerical__TotalCharges, categorical__InternetService_Fiber optic, categorical__PaymentMethod_Bank transfer (automatic)."
3706,0.25220588,Low Risk,84.3,High Value,Low,"categorical__Contract_Month-to-month, categorical__InternetService_Fiber optic, categorical__Partner_No","numerical__tenure, categorical__PaymentMethod_Electronic check, categorical__TechSupport_No","Continue normal customer engagement and loyalty communication to maintain customer satisfaction. Prioritize addressing the key churn drivers identified: categorical__Contract_Month-to-month, categorical__InternetService_Fiber optic, categorical__Partner_No."
2385,0.2514437,Low Risk,29.65,Low Value,Low,"categorical__Contract_Month-to-month, numerical__tenure, categorical__gender_Female","categorical__PaperlessBilling_Yes, categorical__gender_Male, categorical__InternetService_Fiber optic","Continue normal customer engagement and loyalty communication to maintain customer satisfaction. Prioritize addressing the key churn drivers identified: categorical__Contract_Month-to-month, numerical__tenure, categorical__gender_Female."
4481,0.25139192,Low Risk,40.15,Low Value,Low,"categorical__Contract_Month-to-month, categorical__StreamingTV_Yes, categorical__DeviceProtection_No","numerical__tenure, categorical__OnlineSecurity_No, categorical__InternetService_Fiber optic","Continue normal customer engagement and loyalty communication to maintain customer satisfaction. Prioritize addressing the key churn drivers identified: categorical__Contract_Month-to-month, categorical__StreamingTV_Yes, categorical__DeviceProtection_No."
6039,0.2499568,Low Risk,36.5,Low Value,Low,"categorical__Contract_Month-to-month, categorical__MultipleLines_No, numerical__SeniorCitizen","numerical__tenure, categorical__PaperlessBilling_Yes, categorical__PaymentMethod_Electronic check","Continue normal customer engagement and loyalty communication to maintain customer satisfaction. Prioritize addressing the key churn drivers identified: categorical__Contract_Month-to-month, categorical__MultipleLines_No, numerical__SeniorCitizen."
5469,0.24986969,Low Risk,79.0,Medium Value,Low,"categorical__Contract_Month-to-month, categorical__InternetService_Fiber optic, categorical__Partner_No","numerical__tenure, categorical__PaymentMethod_Electronic check, categorical__MultipleLines_No","Continue normal customer engagement and loyalty communication to maintain customer satisfaction. Prioritize addressing the key churn drivers identified: categorical__Contract_Month-to-month, categorical__InternetService_Fiber optic, categorical__Partner_No."
1345,0.24963914,Low Risk,100.75,High Value,Low,"categorical__gender_Female, categorical__InternetService_Fiber optic, categorical__StreamingMovies_Yes","categorical__Contract_Month-to-month, numerical__tenure, categorical__gender_Male","Continue normal customer engagement and loyalty communication to maintain customer satisfaction. Prioritize addressing the key churn drivers identified: categorical__gender_Female, categorical__InternetService_Fiber optic, categorical__StreamingMovies_Yes."
6206,0.24955772,Low Risk,95.65,High Value,Low,"categorical__Contract_Month-to-month, categorical__InternetService_Fiber optic, categorical__DeviceProtection_No","numerical__tenure, categorical__TechSupport_No, categorical__PaymentMethod_Electronic check","Continue normal customer engagement and loyalty communication to maintain customer satisfaction. Prioritize addressing the key churn drivers identified: categorical__Contract_Month-to-month, categorical__InternetService_Fiber optic, categorical__DeviceProtection_No."
3374,0.24942328,Low Risk,54.85,Medium Value,Low,"categorical__Contract_Month-to-month, numerical__tenure, categorical__gender_Female","categorical__OnlineSecurity_No, categorical__PaperlessBilling_Yes, categorical__gender_Male","Continue normal customer engagement and loyalty communication to maintain customer satisfaction. Prioritize addressing the key churn drivers identified: categorical__Contract_Month-to-month, numerical__tenure, categorical__gender_Female."
852,0.24942264,Low Risk,24.85,Low Value,Low,"numerical__tenure, categorical__Contract_Month-to-month, categorical__Partner_No","categorical__OnlineSecurity_No, categorical__PaperlessBilling_Yes, categorical__InternetService_Fiber optic","Continue normal customer engagement and loyalty communication to maintain customer satisfaction. Prioritize addressing the key churn drivers identified: numerical__tenure, categorical__Contract_Month-to-month, categorical__Partner_No."
3520,0.24856761,Low Risk,19.6,Low Value,Low,"categorical__gender_Female, categorical__Contract_Month-to-month, numerical__MonthlyCharges","categorical__OnlineSecurity_No, categorical__PaperlessBilling_Yes, categorical__InternetService_Fiber optic","Continue normal customer engagement and loyalty communication to maintain customer satisfaction. Prioritize addressing the key churn drivers identified: categorical__gender_Female, categorical__Contract_Month-to-month, numerical__MonthlyCharges."
1477,0.24847673,Low Risk,106.0,High Value,Low,"numerical__MonthlyCharges, categorical__InternetService_Fiber optic, categorical__PaymentMethod_Electronic check","categorical__Contract_Month-to-month, numerical__tenure, categorical__OnlineSecurity_No","Continue normal customer engagement and loyalty communication to maintain customer satisfaction. Prioritize addressing the key churn drivers identified: numerical__MonthlyCharges, categorical__InternetService_Fiber optic, categorical__PaymentMethod_Electronic check."
4497,0.24804582,Low Risk,97.95,High Value,Low,"categorical__InternetService_Fiber optic, numerical__MonthlyCharges, categorical__PaymentMethod_Electronic check","categorical__Contract_Month-to-month, numerical__tenure, numerical__TotalCharges","Continue normal customer engagement and loyalty communication to maintain customer satisfaction. Prioritize addressing the key churn drivers identified: categorical__InternetService_Fiber optic, numerical__MonthlyCharges, categorical__PaymentMethod_Electronic check."
654,0.24751742,Low Risk,19.65,Low Value,Low,"categorical__Contract_Month-to-month, categorical__gender_Female, numerical__MonthlyCharges","categorical__OnlineSecurity_No, categorical__InternetService_Fiber optic, categorical__PaperlessBilling_Yes","Continue normal customer engagement and loyalty communication to maintain customer satisfaction. Prioritize addressing the key churn drivers identified: categorical__Contract_Month-to-month, categorical__gender_Female, numerical__MonthlyCharges."
675,0.24701688,Low Risk,110.35,High Value,Low,"numerical__MonthlyCharges, categorical__OnlineBackup_No, categorical__InternetService_Fiber optic","categorical__Contract_Month-to-month, numerical__tenure, categorical__OnlineSecurity_No","Continue normal customer engagement and loyalty communication to maintain customer satisfaction. Prioritize addressing the key churn drivers identified: numerical__MonthlyCharges, categorical__OnlineBackup_No, categorical__InternetService_Fiber optic."
195,0.2463136,Low Risk,96.55,High Value,Low,"categorical__Contract_Month-to-month, categorical__gender_Female, categorical__InternetService_Fiber optic","categorical__OnlineSecurity_No, categorical__TechSupport_No, categorical__gender_Male","Continue normal customer engagement and loyalty communication to maintain customer satisfaction. Prioritize addressing the key churn drivers identified: categorical__Contract_Month-to-month, categorical__gender_Female, categorical__InternetService_Fiber optic."
6466,0.24557063,Low Risk,74.15,Medium Value,Low,"categorical__Contract_Month-to-month, categorical__InternetService_Fiber optic, categorical__Partner_No","numerical__tenure, categorical__PaperlessBilling_Yes, categorical__PaymentMethod_Electronic check","Continue normal customer engagement and loyalty communication to maintain customer satisfaction. Prioritize addressing the key churn drivers identified: categorical__Contract_Month-to-month, categorical__InternetService_Fiber optic, categorical__Partner_No."
4287,0.24541314,Low Risk,105.95,High Value,Low,"numerical__MonthlyCharges, categorical__gender_Female, categorical__InternetService_Fiber optic","numerical__tenure, categorical__Contract_Month-to-month, categorical__gender_Male","Continue normal customer engagement and loyalty communication to maintain customer satisfaction. Prioritize addressing the key churn drivers identified: numerical__MonthlyCharges, categorical__gender_Female, categorical__InternetService_Fiber optic."
6137,0.24465457,Low Risk,53.85,Medium Value,Low,"categorical__Contract_Month-to-month, categorical__gender_Female, categorical__Partner_No","categorical__OnlineSecurity_No, categorical__InternetService_Fiber optic, categorical__PaperlessBilling_Yes","Continue normal customer engagement and loyalty communication to maintain customer satisfaction. Prioritize addressing the key churn drivers identified: categorical__Contract_Month-to-month, categorical__gender_Female, categorical__Partner_No."
6954,0.24315865,Low Risk,19.8,Low Value,Low,"numerical__MonthlyCharges, categorical__Contract_Month-to-month, categorical__Partner_No","categorical__OnlineSecurity_No, categorical__InternetService_Fiber optic, categorical__TechSupport_No","Continue normal customer engagement and loyalty communication to maintain customer satisfaction. Prioritize addressing the key churn drivers identified: numerical__MonthlyCharges, categorical__Contract_Month-to-month, categorical__Partner_No."
4762,0.24282092,Low Risk,69.15,Medium Value,Low,"categorical__Contract_Month-to-month, categorical__InternetService_Fiber optic, categorical__DeviceProtection_No","numerical__tenure, categorical__PaperlessBilling_Yes, categorical__PaymentMethod_Electronic check","Continue normal customer engagement and loyalty communication to maintain customer satisfaction. Prioritize addressing the key churn drivers identified: categorical__Contract_Month-to-month, categorical__InternetService_Fiber optic, categorical__DeviceProtection_No."
4352,0.24109548,Low Risk,91.8,High Value,Low,"categorical__Contract_Month-to-month, categorical__PaymentMethod_Electronic check, categorical__Partner_Yes","numerical__tenure, categorical__OnlineSecurity_No, numerical__TotalCharges","Continue normal customer engagement and loyalty communication to maintain customer satisfaction. Prioritize addressing the key churn drivers identified: categorical__Contract_Month-to-month, categorical__PaymentMethod_Electronic check, categorical__Partner_Yes."
6443,0.24077901,Low Risk,19.5,Low Value,Low,"categorical__Contract_Month-to-month, categorical__gender_Female, numerical__TotalCharges","categorical__OnlineSecurity_No, categorical__InternetService_Fiber optic, categorical__PaperlessBilling_Yes","Continue normal customer engagement and loyalty communication to maintain customer satisfaction. Prioritize addressing the key churn drivers identified: categorical__Contract_Month-to-month, categorical__gender_Female, numerical__TotalCharges."
1207,0.24037287,Low Risk,69.4,Medium Value,Low,"categorical__Contract_Month-to-month, categorical__gender_Female, categorical__DeviceProtection_No","categorical__InternetService_Fiber optic, categorical__gender_Male, categorical__PaymentMethod_Electronic check","Continue normal customer engagement and loyalty communication to maintain customer satisfaction. Prioritize addressing the key churn drivers identified: categorical__Contract_Month-to-month, categorical__gender_Female, categorical__DeviceProtection_No."
6513,0.24014749,Low Risk,59.65,Medium Value,Low,"categorical__Contract_Month-to-month, categorical__OnlineSecurity_No, categorical__Partner_Yes","categorical__InternetService_Fiber optic, categorical__PaymentMethod_Electronic check, categorical__TechSupport_No","Continue normal customer engagement and loyalty communication to maintain customer satisfaction. Prioritize addressing the key churn drivers identified: categorical__Contract_Month-to-month, categorical__OnlineSecurity_No, categorical__Partner_Yes."
315,0.24009384,Low Risk,110.05,High Value,Low,"numerical__MonthlyCharges, categorical__InternetService_Fiber optic, categorical__PaperlessBilling_No","categorical__Contract_Month-to-month, categorical__PaperlessBilling_Yes, numerical__tenure","Continue normal customer engagement and loyalty communication to maintain customer satisfaction. Prioritize addressing the key churn drivers identified: numerical__MonthlyCharges, categorical__InternetService_Fiber optic, categorical__PaperlessBilling_No."
3117,0.23882756,Low Risk,107.9,High Value,Low,"categorical__InternetService_Fiber optic, categorical__gender_Female, categorical__StreamingTV_Yes","categorical__Contract_Month-to-month, numerical__tenure, categorical__gender_Male","Continue normal customer engagement and loyalty communication to maintain customer satisfaction. Prioritize addressing the key churn drivers identified: categorical__InternetService_Fiber optic, categorical__gender_Female, categorical__StreamingTV_Yes."
6140,0.23707922,Low Risk,19.95,Low Value,Low,"categorical__Contract_Month-to-month, categorical__gender_Female, numerical__tenure","categorical__OnlineSecurity_No, categorical__PaperlessBilling_Yes, categorical__gender_Male","Continue normal customer engagement and loyalty communication to maintain customer satisfaction. Prioritize addressing the key churn drivers identified: categorical__Contract_Month-to-month, categorical__gender_Female, numerical__tenure."
6600,0.23689722,Low Risk,29.7,Low Value,Low,"categorical__Contract_Month-to-month, categorical__gender_Female, numerical__tenure","categorical__OnlineSecurity_No, categorical__PaperlessBilling_Yes, categorical__InternetService_Fiber optic","Continue normal customer engagement and loyalty communication to maintain customer satisfaction. Prioritize addressing the key churn drivers identified: categorical__Contract_Month-to-month, categorical__gender_Female, numerical__tenure."
6373,0.23689517,Low Risk,92.95,High Value,Low,"categorical__Contract_Month-to-month, categorical__InternetService_Fiber optic, categorical__OnlineSecurity_No","numerical__tenure, categorical__PaymentMethod_Electronic check, numerical__TotalCharges","Continue normal customer engagement and loyalty communication to maintain customer satisfaction. Prioritize addressing the key churn drivers identified: categorical__Contract_Month-to-month, categorical__InternetService_Fiber optic, categorical__OnlineSecurity_No."
4333,0.2362545,Low Risk,90.55,High Value,Low,"categorical__Contract_Month-to-month, categorical__InternetService_Fiber optic, categorical__DeviceProtection_No","numerical__tenure, categorical__OnlineSecurity_No, categorical__TechSupport_No","Continue normal customer engagement and loyalty communication to maintain customer satisfaction. Prioritize addressing the key churn drivers identified: categorical__Contract_Month-to-month, categorical__InternetService_Fiber optic, categorical__DeviceProtection_No."
5210,0.23586987,Low Risk,60.45,Medium Value,Low,"categorical__Contract_One year, categorical__MultipleLines_No, categorical__Partner_Yes","categorical__Contract_Month-to-month, categorical__InternetService_Fiber optic, categorical__TechSupport_No","Continue normal customer engagement and loyalty communication to maintain customer satisfaction. Prioritize addressing the key churn drivers identified: categorical__Contract_One year, categorical__MultipleLines_No, categorical__Partner_Yes."
6113,0.23578405,Low Risk,75.3,Medium Value,Low,"categorical__Contract_Month-to-month, categorical__InternetService_Fiber optic, categorical__Partner_No","categorical__PaperlessBilling_Yes, numerical__tenure, categorical__PaymentMethod_Electronic check","Continue normal customer engagement and loyalty communication to maintain customer satisfaction. Prioritize addressing the key churn drivers identified: categorical__Contract_Month-to-month, categorical__InternetService_Fiber optic, categorical__Partner_No."
4992,0.23433445,Low Risk,30.05,Low Value,Low,"categorical__Contract_Month-to-month, categorical__DeviceProtection_No, categorical__OnlineSecurity_No","numerical__tenure, categorical__PaymentMethod_Electronic check, categorical__InternetService_Fiber optic","Continue normal customer engagement and loyalty communication to maintain customer satisfaction. Prioritize addressing the key churn drivers identified: categorical__Contract_Month-to-month, categorical__DeviceProtection_No, categorical__OnlineSecurity_No."
2284,0.23429884,Low Risk,55.9,Medium Value,Low,"categorical__Contract_Month-to-month, numerical__tenure, numerical__TotalCharges","categorical__OnlineSecurity_No, categorical__PaperlessBilling_Yes, categorical__InternetService_Fiber optic","Continue normal customer engagement and loyalty communication to maintain customer satisfaction. Prioritize addressing the key churn drivers identified: categorical__Contract_Month-to-month, numerical__tenure, numerical__TotalCharges."
1784,0.23361894,Low Risk,20.35,Low Value,Low,"categorical__Contract_Month-to-month, numerical__tenure, categorical__gender_Female","categorical__OnlineSecurity_No, categorical__PaperlessBilling_Yes, categorical__gender_Male","Continue normal customer engagement and loyalty communication to maintain customer satisfaction. Prioritize addressing the key churn drivers identified: categorical__Contract_Month-to-month, numerical__tenure, categorical__gender_Female."
3114,0.23240417,Low Risk,75.15,Medium Value,Low,"numerical__tenure, categorical__Contract_Month-to-month, categorical__Partner_No","categorical__InternetService_Fiber optic, categorical__PaperlessBilling_Yes, categorical__PaymentMethod_Electronic check","Continue normal customer engagement and loyalty communication to maintain customer satisfaction. Prioritize addressing the key churn drivers identified: numerical__tenure, categorical__Contract_Month-to-month, categorical__Partner_No."
3541,0.23151337,Low Risk,40.65,Low Value,Low,"categorical__Contract_Month-to-month, categorical__gender_Female, categorical__StreamingTV_Yes","categorical__gender_Male, numerical__tenure, categorical__InternetService_Fiber optic","Continue normal customer engagement and loyalty communication to maintain customer satisfaction. Prioritize addressing the key churn drivers identified: categorical__Contract_Month-to-month, categorical__gender_Female, categorical__StreamingTV_Yes."
3768,0.23105249,Low Risk,77.75,Medium Value,Low,"categorical__Contract_Month-to-month, categorical__gender_Female, categorical__InternetService_Fiber optic","numerical__tenure, categorical__PaymentMethod_Electronic check, categorical__gender_Male","Continue normal customer engagement and loyalty communication to maintain customer satisfaction. Prioritize addressing the key churn drivers identified: categorical__Contract_Month-to-month, categorical__gender_Female, categorical__InternetService_Fiber optic."
6964,0.23052709,Low Risk,56.3,Medium Value,Low,"categorical__gender_Female, categorical__DeviceProtection_No, categorical__OnlineSecurity_No","categorical__Contract_Month-to-month, categorical__gender_Male, categorical__InternetService_Fiber optic","Continue normal customer engagement and loyalty communication to maintain customer satisfaction. Prioritize addressing the key churn drivers identified: categorical__gender_Female, categorical__DeviceProtection_No, categorical__OnlineSecurity_No."
6183,0.23040405,Low Risk,54.3,Medium Value,Low,"numerical__TotalCharges, categorical__Contract_One year, categorical__PaymentMethod_Electronic check","categorical__Contract_Month-to-month, categorical__InternetService_Fiber optic, numerical__tenure","Continue normal customer engagement and loyalty communication to maintain customer satisfaction. Prioritize addressing the key churn drivers identified: numerical__TotalCharges, categorical__Contract_One year, categorical__PaymentMethod_Electronic check."
667,0.22958925,Low Risk,30.2,Low Value,Low,"categorical__Contract_Month-to-month, categorical__Partner_No, categorical__OnlineSecurity_No","numerical__tenure, categorical__PaymentMethod_Electronic check, categorical__InternetService_Fiber optic","Continue normal customer engagement and loyalty communication to maintain customer satisfaction. Prioritize addressing the key churn drivers identified: categorical__Contract_Month-to-month, categorical__Partner_No, categorical__OnlineSecurity_No."
6184,0.22954431,Low Risk,55.7,Medium Value,Low,"categorical__Contract_Month-to-month, categorical__Partner_No, categorical__OnlineSecurity_No","numerical__tenure, categorical__PaymentMethod_Electronic check, categorical__InternetService_Fiber optic","Continue normal customer engagement and loyalty communication to maintain customer satisfaction. Prioritize addressing the key churn drivers identified: categorical__Contract_Month-to-month, categorical__Partner_No, categorical__OnlineSecurity_No."
1461,0.22933951,Low Risk,95.9,High Value,Low,"categorical__Contract_Month-to-month, categorical__InternetService_Fiber optic, categorical__DeviceProtection_No","categorical__PaperlessBilling_Yes, categorical__TechSupport_No, categorical__OnlineSecurity_No","Continue normal customer engagement and loyalty communication to maintain customer satisfaction. Prioritize addressing the key churn drivers identified: categorical__Contract_Month-to-month, categorical__InternetService_Fiber optic, categorical__DeviceProtection_No."
284,0.22926494,Low Risk,95.15,High Value,Low,"categorical__Contract_Month-to-month, categorical__InternetService_Fiber optic, categorical__StreamingTV_Yes","numerical__tenure, categorical__PaperlessBilling_Yes, categorical__PaymentMethod_Electronic check","Continue normal customer engagement and loyalty communication to maintain customer satisfaction. Prioritize addressing the key churn drivers identified: categorical__Contract_Month-to-month, categorical__InternetService_Fiber optic, categorical__StreamingTV_Yes."
6603,0.22855835,Low Risk,66.6,Medium Value,Low,"categorical__Contract_Month-to-month, categorical__DeviceProtection_No, categorical__OnlineSecurity_No","categorical__InternetService_Fiber optic, categorical__PaymentMethod_Electronic check, categorical__TechSupport_No","Continue normal customer engagement and loyalty communication to maintain customer satisfaction. Prioritize addressing the key churn drivers identified: categorical__Contract_Month-to-month, categorical__DeviceProtection_No, categorical__OnlineSecurity_No."
2393,0.22843225,Low Risk,103.7,High Value,Low,"categorical__gender_Female, categorical__InternetService_Fiber optic, numerical__MonthlyCharges","categorical__Contract_Month-to-month, numerical__tenure, categorical__gender_Male","Continue normal customer engagement and loyalty communication to maintain customer satisfaction. Prioritize addressing the key churn drivers identified: categorical__gender_Female, categorical__InternetService_Fiber optic, numerical__MonthlyCharges."
3249,0.22833595,Low Risk,55.55,Medium Value,Low,"categorical__Contract_Month-to-month, categorical__gender_Female, categorical__OnlineSecurity_No","categorical__InternetService_Fiber optic, categorical__gender_Male, categorical__PaymentMethod_Electronic check","Continue normal customer engagement and loyalty communication to maintain customer satisfaction. Prioritize addressing the key churn drivers identified: categorical__Contract_Month-to-month, categorical__gender_Female, categorical__OnlineSecurity_No."
5405,0.22777334,Low Risk,103.8,High Value,Low,"categorical__InternetService_Fiber optic, numerical__MonthlyCharges, categorical__Partner_No","categorical__Contract_Month-to-month, numerical__tenure, categorical__OnlineSecurity_No","Continue normal customer engagement and loyalty communication to maintain customer satisfaction. Prioritize addressing the key churn drivers identified: categorical__InternetService_Fiber optic, numerical__MonthlyCharges, categorical__Partner_No."
3180,0.22646934,Low Risk,20.0,Low Value,Low,"categorical__Contract_Month-to-month, categorical__gender_Female, numerical__tenure","categorical__OnlineSecurity_No, categorical__PaperlessBilling_Yes, categorical__gender_Male","Continue normal customer engagement and loyalty communication to maintain customer satisfaction. Prioritize addressing the key churn drivers identified: categorical__Contract_Month-to-month, categorical__gender_Female, numerical__tenure."
3808,0.22628482,Low Risk,19.3,Low Value,Low,"categorical__Contract_Month-to-month, categorical__gender_Female, numerical__tenure","categorical__OnlineSecurity_No, categorical__PaperlessBilling_Yes, categorical__gender_Male","Continue normal customer engagement and loyalty communication to maintain customer satisfaction. Prioritize addressing the key churn drivers identified: categorical__Contract_Month-to-month, categorical__gender_Female, numerical__tenure."
2341,0.22527106,Low Risk,114.9,High Value,Low,"numerical__TotalCharges, categorical__InternetService_Fiber optic, categorical__PaperlessBilling_No","categorical__Contract_Month-to-month, categorical__Contract_Two year, categorical__gender_Male","Continue normal customer engagement and loyalty communication to maintain customer satisfaction. Prioritize addressing the key churn drivers identified: numerical__TotalCharges, categorical__InternetService_Fiber optic, categorical__PaperlessBilling_No."
5701,0.22265169,Low Risk,76.5,Medium Value,Low,"categorical__Contract_Month-to-month, categorical__gender_Female, categorical__StreamingTV_Yes","categorical__InternetService_Fiber optic, categorical__PaperlessBilling_Yes, categorical__gender_Male","Continue normal customer engagement and loyalty communication to maintain customer satisfaction. Prioritize addressing the key churn drivers identified: categorical__Contract_Month-to-month, categorical__gender_Female, categorical__StreamingTV_Yes."
2182,0.22261654,Low Risk,103.2,High Value,Low,"numerical__MonthlyCharges, categorical__InternetService_Fiber optic, categorical__PaymentMethod_Electronic check","categorical__Contract_Month-to-month, numerical__tenure, categorical__Contract_Two year","Continue normal customer engagement and loyalty communication to maintain customer satisfaction. Prioritize addressing the key churn drivers identified: numerical__MonthlyCharges, categorical__InternetService_Fiber optic, categorical__PaymentMethod_Electronic check."
2185,0.22240548,Low Risk,54.75,Medium Value,Low,"categorical__Contract_Month-to-month, categorical__PaymentMethod_Electronic check, categorical__DeviceProtection_No","categorical__InternetService_Fiber optic, categorical__PaperlessBilling_Yes, categorical__OnlineSecurity_No","Continue normal customer engagement and loyalty communication to maintain customer satisfaction. Prioritize addressing the key churn drivers identified: categorical__Contract_Month-to-month, categorical__PaymentMethod_Electronic check, categorical__DeviceProtection_No."
3033,0.2213926,Low Risk,110.8,High Value,Low,"numerical__MonthlyCharges, categorical__InternetService_Fiber optic, numerical__TotalCharges","categorical__Contract_Month-to-month, numerical__tenure, categorical__gender_Male","Continue normal customer engagement and loyalty communication to maintain customer satisfaction. Prioritize addressing the key churn drivers identified: numerical__MonthlyCharges, categorical__InternetService_Fiber optic, numerical__TotalCharges."
5623,0.22095068,Low Risk,51.1,Medium Value,Low,"categorical__Contract_Month-to-month, categorical__Partner_No, categorical__PaymentMethod_Electronic check","numerical__tenure, categorical__TechSupport_No, categorical__InternetService_Fiber optic","Continue normal customer engagement and loyalty communication to maintain customer satisfaction. Prioritize addressing the key churn drivers identified: categorical__Contract_Month-to-month, categorical__Partner_No, categorical__PaymentMethod_Electronic check."
3298,0.22088705,Low Risk,20.05,Low Value,Low,"categorical__Contract_Month-to-month, numerical__tenure, categorical__gender_Female","categorical__OnlineSecurity_No, categorical__gender_Male, categorical__PaperlessBilling_Yes","Continue normal customer engagement and loyalty communication to maintain customer satisfaction. Prioritize addressing the key churn drivers identified: categorical__Contract_Month-to-month, numerical__tenure, categorical__gender_Female."
1689,0.22035041,Low Risk,58.85,Medium Value,Low,"categorical__Contract_Month-to-month, categorical__Partner_Yes, categorical__MultipleLines_No","categorical__InternetService_Fiber optic, categorical__PaperlessBilling_Yes, categorical__OnlineSecurity_No","Continue normal customer engagement and loyalty communication to maintain customer satisfaction. Prioritize addressing the key churn drivers identified: categorical__Contract_Month-to-month, categorical__Partner_Yes, categorical__MultipleLines_No."
6759,0.22010311,Low Risk,93.65,High Value,Low,"categorical__InternetService_Fiber optic, categorical__Partner_Yes, categorical__MultipleLines_No","categorical__Contract_Month-to-month, numerical__tenure, categorical__OnlineSecurity_No","Continue normal customer engagement and loyalty communication to maintain customer satisfaction. Prioritize addressing the key churn drivers identified: categorical__InternetService_Fiber optic, categorical__Partner_Yes, categorical__MultipleLines_No."
4157,0.21954764,Low Risk,45.2,Low Value,Low,"categorical__Contract_Month-to-month, categorical__Partner_No, categorical__DeviceProtection_No","categorical__InternetService_Fiber optic, categorical__PaperlessBilling_Yes, categorical__PaymentMethod_Electronic check","Continue normal customer engagement and loyalty communication to maintain customer satisfaction. Prioritize addressing the key churn drivers identified: categorical__Contract_Month-to-month, categorical__Partner_No, categorical__DeviceProtection_No."
5778,0.21942884,Low Risk,20.3,Low Value,Low,"numerical__tenure, categorical__Contract_Month-to-month, categorical__gender_Female","categorical__PaymentMethod_Credit card (automatic), categorical__OnlineSecurity_No, numerical__MonthlyCharges","Continue normal customer engagement and loyalty communication to maintain customer satisfaction. Prioritize addressing the key churn drivers identified: numerical__tenure, categorical__Contract_Month-to-month, categorical__gender_Female."
3558,0.21880114,Low Risk,92.2,High Value,Low,"categorical__InternetService_Fiber optic, categorical__DeviceProtection_No, categorical__StreamingMovies_Yes","categorical__Contract_Month-to-month, numerical__tenure, categorical__PaperlessBilling_Yes","Continue normal customer engagement and loyalty communication to maintain customer satisfaction. Prioritize addressing the key churn drivers identified: categorical__InternetService_Fiber optic, categorical__DeviceProtection_No, categorical__StreamingMovies_Yes."
4457,0.21760544,Low Risk,75.0,Medium Value,Low,"categorical__Contract_Month-to-month, categorical__InternetService_Fiber optic, categorical__DeviceProtection_No","categorical__PaperlessBilling_Yes, categorical__OnlineSecurity_No, categorical__PaymentMethod_Electronic check","Continue normal customer engagement and loyalty communication to maintain customer satisfaction. Prioritize addressing the key churn drivers identified: categorical__Contract_Month-to-month, categorical__InternetService_Fiber optic, categorical__DeviceProtection_No."
3861,0.21609506,Low Risk,105.45,High Value,Low,"numerical__MonthlyCharges, categorical__gender_Female, categorical__InternetService_Fiber optic","categorical__Contract_Month-to-month, categorical__Contract_Two year, numerical__tenure","Continue normal customer engagement and loyalty communication to maintain customer satisfaction. Prioritize addressing the key churn drivers identified: numerical__MonthlyCharges, categorical__gender_Female, categorical__InternetService_Fiber optic."
2796,0.21579611,Low Risk,89.8,High Value,Low,"categorical__Contract_Month-to-month, categorical__gender_Female, categorical__InternetService_Fiber optic","numerical__tenure, categorical__OnlineSecurity_No, numerical__TotalCharges","Continue normal customer engagement and loyalty communication to maintain customer satisfaction. Prioritize addressing the key churn drivers identified: categorical__Contract_Month-to-month, categorical__gender_Female, categorical__InternetService_Fiber optic."
1545,0.2154103,Low Risk,104.75,High Value,Low,"numerical__MonthlyCharges, categorical__InternetService_Fiber optic, categorical__Partner_No","numerical__tenure, categorical__Contract_Month-to-month, categorical__Contract_Two year","Continue normal customer engagement and loyalty communication to maintain customer satisfaction. Prioritize addressing the key churn drivers identified: numerical__MonthlyCharges, categorical__InternetService_Fiber optic, categorical__Partner_No."
2774,0.21453145,Low Risk,50.05,Medium Value,Low,"categorical__Contract_Month-to-month, numerical__tenure, categorical__Partner_No","categorical__PaperlessBilling_Yes, categorical__InternetService_Fiber optic, categorical__PaymentMethod_Electronic check","Continue normal customer engagement and loyalty communication to maintain customer satisfaction. Prioritize addressing the key churn drivers identified: categorical__Contract_Month-to-month, numerical__tenure, categorical__Partner_No."
2352,0.21448597,Low Risk,19.7,Low Value,Low,"categorical__Contract_Month-to-month, categorical__Partner_No, numerical__MonthlyCharges","categorical__OnlineSecurity_No, categorical__InternetService_Fiber optic, categorical__TechSupport_No","Continue normal customer engagement and loyalty communication to maintain customer satisfaction. Prioritize addressing the key churn drivers identified: categorical__Contract_Month-to-month, categorical__Partner_No, numerical__MonthlyCharges."
2287,0.21317512,Low Risk,108.4,High Value,Low,"numerical__MonthlyCharges, categorical__InternetService_Fiber optic, categorical__StreamingTV_Yes","categorical__Contract_Month-to-month, numerical__tenure, categorical__Contract_Two year","Continue normal customer engagement and loyalty communication to maintain customer satisfaction. Prioritize addressing the key churn drivers identified: numerical__MonthlyCharges, categorical__InternetService_Fiber optic, categorical__StreamingTV_Yes."
7026,0.21233548,Low Risk,44.2,Low Value,Low,"categorical__Contract_Month-to-month, categorical__gender_Female, categorical__Partner_No","categorical__InternetService_Fiber optic, categorical__gender_Male, categorical__PaymentMethod_Electronic check","Continue normal customer engagement and loyalty communication to maintain customer satisfaction. Prioritize addressing the key churn drivers identified: categorical__Contract_Month-to-month, categorical__gender_Female, categorical__Partner_No."
2665,0.2087474,Low Risk,93.55,High Value,Low,"numerical__TotalCharges, categorical__InternetService_Fiber optic, categorical__DeviceProtection_No","categorical__Contract_Month-to-month, categorical__StreamingTV_Yes, categorical__OnlineSecurity_No","Continue normal customer engagement and loyalty communication to maintain customer satisfaction. Prioritize addressing the key churn drivers identified: numerical__TotalCharges, categorical__InternetService_Fiber optic, categorical__DeviceProtection_No."
3654,0.20653617,Low Risk,89.9,High Value,Low,"categorical__Contract_Month-to-month, categorical__gender_Female, categorical__InternetService_Fiber optic","numerical__tenure, categorical__PaperlessBilling_Yes, categorical__PaymentMethod_Electronic check","Continue normal customer engagement and loyalty communication to maintain customer satisfaction. Prioritize addressing the key churn drivers identified: categorical__Contract_Month-to-month, categorical__gender_Female, categorical__InternetService_Fiber optic."
249,0.20585856,Low Risk,99.0,High Value,Low,"categorical__InternetService_Fiber optic, numerical__MonthlyCharges, categorical__Partner_No","categorical__Contract_Month-to-month, categorical__OnlineSecurity_No, categorical__StreamingTV_Yes","Continue normal customer engagement and loyalty communication to maintain customer satisfaction. Prioritize addressing the key churn drivers identified: categorical__InternetService_Fiber optic, numerical__MonthlyCharges, categorical__Partner_No."
5051,0.20394403,Low Risk,105.35,High Value,Low,"numerical__MonthlyCharges, categorical__Contract_Month-to-month, categorical__InternetService_Fiber optic","numerical__tenure, numerical__TotalCharges, categorical__OnlineSecurity_No","Continue normal customer engagement and loyalty communication to maintain customer satisfaction. Prioritize addressing the key churn drivers identified: numerical__MonthlyCharges, categorical__Contract_Month-to-month, categorical__InternetService_Fiber optic."
1567,0.20270358,Low Risk,67.8,Medium Value,Low,"categorical__Contract_Month-to-month, categorical__gender_Female, categorical__OnlineSecurity_No","categorical__InternetService_Fiber optic, categorical__gender_Male, categorical__PaymentMethod_Electronic check","Continue normal customer engagement and loyalty communication to maintain customer satisfaction. Prioritize addressing the key churn drivers identified: categorical__Contract_Month-to-month, categorical__gender_Female, categorical__OnlineSecurity_No."
18,0.20185655,Low Risk,55.2,Medium Value,Low,"categorical__Contract_Month-to-month, categorical__gender_Female, categorical__PaperlessBilling_No","categorical__InternetService_Fiber optic, categorical__PaperlessBilling_Yes, categorical__PaymentMethod_Electronic check","Continue normal customer engagement and loyalty communication to maintain customer satisfaction. Prioritize addressing the key churn drivers identified: categorical__Contract_Month-to-month, categorical__gender_Female, categorical__PaperlessBilling_No."
5006,0.20162337,Low Risk,55.7,Medium Value,Low,"categorical__Contract_Month-to-month, categorical__gender_Female, categorical__Partner_No","categorical__OnlineSecurity_No, categorical__InternetService_Fiber optic, categorical__gender_Male","Continue normal customer engagement and loyalty communication to maintain customer satisfaction. Prioritize addressing the key churn drivers identified: categorical__Contract_Month-to-month, categorical__gender_Female, categorical__Partner_No."
2801,0.20125312,Low Risk,106.05,High Value,Low,"numerical__MonthlyCharges, categorical__gender_Female, categorical__InternetService_Fiber optic","numerical__tenure, categorical__Contract_Month-to-month, categorical__gender_Male","Continue normal customer engagement and loyalty communication to maintain customer satisfaction. Prioritize addressing the key churn drivers identified: numerical__MonthlyCharges, categorical__gender_Female, categorical__InternetService_Fiber optic."
5808,0.20081499,Low Risk,108.4,High Value,Low,"numerical__TotalCharges, categorical__OnlineSecurity_No, categorical__InternetService_Fiber optic","numerical__tenure, categorical__Contract_Month-to-month, categorical__Contract_Two year","Continue normal customer engagement and loyalty communication to maintain customer satisfaction. Prioritize addressing the key churn drivers identified: numerical__TotalCharges, categorical__OnlineSecurity_No, categorical__InternetService_Fiber optic."
4215,0.20081499,Low Risk,108.2,High Value,Low,"numerical__TotalCharges, categorical__OnlineSecurity_No, categorical__InternetService_Fiber optic","numerical__tenure, categorical__Contract_Month-to-month, categorical__Contract_Two year","Continue normal customer engagement and loyalty communication to maintain customer satisfaction. Prioritize addressing the key churn drivers identified: numerical__TotalCharges, categorical__OnlineSecurity_No, categorical__InternetService_Fiber optic."
3206,0.20053713,Low Risk,20.0,Low Value,Low,"categorical__Contract_Month-to-month, categorical__gender_Female, numerical__tenure","categorical__OnlineSecurity_No, categorical__gender_Male, categorical__PaperlessBilling_Yes","Continue normal customer engagement and loyalty communication to maintain customer satisfaction. Prioritize addressing the key churn drivers identified: categorical__Contract_Month-to-month, categorical__gender_Female, numerical__tenure."
1151,0.20052107,Low Risk,18.85,Low Value,Low,"numerical__tenure, categorical__Contract_Month-to-month, categorical__gender_Female","numerical__MonthlyCharges, categorical__OnlineSecurity_No, categorical__gender_Male","Continue normal customer engagement and loyalty communication to maintain customer satisfaction. Prioritize addressing the key churn drivers identified: numerical__tenure, categorical__Contract_Month-to-month, categorical__gender_Female."
4634,0.20000249,Low Risk,18.75,Low Value,Low,"numerical__tenure, categorical__Contract_Month-to-month, categorical__gender_Female","numerical__MonthlyCharges, categorical__OnlineSecurity_No, categorical__gender_Male","Continue normal customer engagement and loyalty communication to maintain customer satisfaction. Prioritize addressing the key churn drivers identified: numerical__tenure, categorical__Contract_Month-to-month, categorical__gender_Female."
4959,0.19937587,Low Risk,20.15,Low Value,Low,"numerical__tenure, categorical__Contract_Month-to-month, numerical__TotalCharges","categorical__PaymentMethod_Credit card (automatic), categorical__OnlineSecurity_No, numerical__MonthlyCharges","Continue normal customer engagement and loyalty communication to maintain customer satisfaction. Prioritize addressing the key churn drivers identified: numerical__tenure, categorical__Contract_Month-to-month, numerical__TotalCharges."
6519,0.19543089,Low Risk,91.35,High Value,Low,"categorical__InternetService_Fiber optic, categorical__PaymentMethod_Electronic check, categorical__Contract_One year","categorical__Contract_Month-to-month, numerical__tenure, categorical__StreamingTV_Yes","Continue normal customer engagement and loyalty communication to maintain customer satisfaction. Prioritize addressing the key churn drivers identified: categorical__InternetService_Fiber optic, categorical__PaymentMethod_Electronic check, categorical__Contract_One year."
603,0.19462025,Low Risk,108.65,High Value,Low,"numerical__MonthlyCharges, categorical__InternetService_Fiber optic, categorical__Partner_No","categorical__Contract_Month-to-month, categorical__Contract_Two year, categorical__PaperlessBilling_Yes","Continue normal customer engagement and loyalty communication to maintain customer satisfaction. Prioritize addressing the key churn drivers identified: numerical__MonthlyCharges, categorical__InternetService_Fiber optic, categorical__Partner_No."
1883,0.19424053,Low Risk,100.5,High Value,Low,"categorical__Contract_Month-to-month, categorical__gender_Female, categorical__InternetService_Fiber optic","numerical__tenure, numerical__TotalCharges, categorical__OnlineSecurity_No","Continue normal customer engagement and loyalty communication to maintain customer satisfaction. Prioritize addressing the key churn drivers identified: categorical__Contract_Month-to-month, categorical__gender_Female, categorical__InternetService_Fiber optic."
4014,0.19334912,Low Risk,108.1,High Value,Low,"categorical__gender_Female, categorical__InternetService_Fiber optic, categorical__Contract_Month-to-month","numerical__tenure, categorical__gender_Male, categorical__PaperlessBilling_Yes","Continue normal customer engagement and loyalty communication to maintain customer satisfaction. Prioritize addressing the key churn drivers identified: categorical__gender_Female, categorical__InternetService_Fiber optic, categorical__Contract_Month-to-month."
3586,0.19322743,Low Risk,40.0,Low Value,Low,"categorical__Contract_Month-to-month, numerical__tenure, categorical__Partner_No","categorical__OnlineSecurity_No, categorical__PaperlessBilling_Yes, categorical__InternetService_Fiber optic","Continue normal customer engagement and loyalty communication to maintain customer satisfaction. Prioritize addressing the key churn drivers identified: categorical__Contract_Month-to-month, numerical__tenure, categorical__Partner_No."
1250,0.19310929,Low Risk,103.2,High Value,Low,"numerical__MonthlyCharges, categorical__gender_Female, categorical__InternetService_Fiber optic","categorical__Contract_Month-to-month, numerical__tenure, categorical__Contract_Two year","Continue normal customer engagement and loyalty communication to maintain customer satisfaction. Prioritize addressing the key churn drivers identified: numerical__MonthlyCharges, categorical__gender_Female, categorical__InternetService_Fiber optic."
5639,0.19276436,Low Risk,20.65,Low Value,Low,"categorical__Contract_Month-to-month, numerical__tenure, categorical__Partner_No","categorical__OnlineSecurity_No, categorical__PaperlessBilling_Yes, categorical__InternetService_Fiber optic","Continue normal customer engagement and loyalty communication to maintain customer satisfaction. Prioritize addressing the key churn drivers identified: categorical__Contract_Month-to-month, numerical__tenure, categorical__Partner_No."
5877,0.19068937,Low Risk,106.95,High Value,Low,"numerical__MonthlyCharges, categorical__gender_Female, categorical__InternetService_Fiber optic","categorical__Contract_Month-to-month, categorical__gender_Male, numerical__tenure","Continue normal customer engagement and loyalty communication to maintain customer satisfaction. Prioritize addressing the key churn drivers identified: numerical__MonthlyCharges, categorical__gender_Female, categorical__InternetService_Fiber optic."
1388,0.19063585,Low Risk,58.35,Medium Value,Low,"categorical__Contract_Month-to-month, categorical__gender_Female, categorical__OnlineSecurity_No","categorical__InternetService_Fiber optic, categorical__PaymentMethod_Electronic check, categorical__gender_Male","Continue normal customer engagement and loyalty communication to maintain customer satisfaction. Prioritize addressing the key churn drivers identified: categorical__Contract_Month-to-month, categorical__gender_Female, categorical__OnlineSecurity_No."
1705,0.1905034,Low Risk,90.45,High Value,Low,"categorical__Contract_Month-to-month, categorical__gender_Female, categorical__InternetService_Fiber optic","numerical__tenure, numerical__TotalCharges, categorical__TechSupport_No","Continue normal customer engagement and loyalty communication to maintain customer satisfaction. Prioritize addressing the key churn drivers identified: categorical__Contract_Month-to-month, categorical__gender_Female, categorical__InternetService_Fiber optic."
2648,0.19047837,Low Risk,59.6,Medium Value,Low,"categorical__Contract_Month-to-month, categorical__PaymentMethod_Electronic check, categorical__Partner_No","numerical__tenure, categorical__OnlineSecurity_No, categorical__InternetService_Fiber optic","Continue normal customer engagement and loyalty communication to maintain customer satisfaction. Prioritize addressing the key churn drivers identified: categorical__Contract_Month-to-month, categorical__PaymentMethod_Electronic check, categorical__Partner_No."
7024,0.18965267,Low Risk,84.8,High Value,Low,"categorical__Contract_Month-to-month, categorical__InternetService_Fiber optic, categorical__Partner_Yes","categorical__OnlineSecurity_No, numerical__tenure, numerical__TotalCharges","Continue normal customer engagement and loyalty communication to maintain customer satisfaction. Prioritize addressing the key churn drivers identified: categorical__Contract_Month-to-month, categorical__InternetService_Fiber optic, categorical__Partner_Yes."
4575,0.18845941,Low Risk,25.25,Low Value,Low,"categorical__Contract_Month-to-month, numerical__tenure, categorical__Partner_No","categorical__OnlineSecurity_No, categorical__PaperlessBilling_Yes, categorical__InternetService_Fiber optic","Continue normal customer engagement and loyalty communication to maintain customer satisfaction. Prioritize addressing the key churn drivers identified: categorical__Contract_Month-to-month, numerical__tenure, categorical__Partner_No."
6796,0.1882531,Low Risk,56.7,Medium Value,Low,"categorical__Contract_Month-to-month, numerical__tenure, categorical__DeviceProtection_No","categorical__OnlineSecurity_No, categorical__PaperlessBilling_Yes, categorical__InternetService_Fiber optic","Continue normal customer engagement and loyalty communication to maintain customer satisfaction. Prioritize addressing the key churn drivers identified: categorical__Contract_Month-to-month, numerical__tenure, categorical__DeviceProtection_No."
1769,0.18737362,Low Risk,93.25,High Value,Low,"categorical__Contract_Month-to-month, categorical__OnlineSecurity_No, categorical__InternetService_Fiber optic","numerical__tenure, categorical__PaymentMethod_Electronic check, numerical__TotalCharges","Continue normal customer engagement and loyalty communication to maintain customer satisfaction. Prioritize addressing the key churn drivers identified: categorical__Contract_Month-to-month, categorical__OnlineSecurity_No, categorical__InternetService_Fiber optic."
868,0.18414398,Low Risk,85.55,High Value,Low,"categorical__InternetService_Fiber optic, categorical__PaymentMethod_Electronic check, categorical__DeviceProtection_No","categorical__Contract_Month-to-month, numerical__tenure, categorical__PaperlessBilling_Yes","Continue normal customer engagement and loyalty communication to maintain customer satisfaction. Prioritize addressing the key churn drivers identified: categorical__InternetService_Fiber optic, categorical__PaymentMethod_Electronic check, categorical__DeviceProtection_No."
6147,0.18378615,Low Risk,99.1,High Value,Low,"categorical__gender_Female, categorical__InternetService_Fiber optic, categorical__StreamingMovies_Yes","categorical__Contract_Month-to-month, numerical__TotalCharges, categorical__PaperlessBilling_Yes","Continue normal customer engagement and loyalty communication to maintain customer satisfaction. Prioritize addressing the key churn drivers identified: categorical__gender_Female, categorical__InternetService_Fiber optic, categorical__StreamingMovies_Yes."
4221,0.18367194,Low Risk,19.3,Low Value,Low,"numerical__tenure, categorical__Contract_Month-to-month, categorical__Partner_No","categorical__PaymentMethod_Credit card (automatic), categorical__OnlineSecurity_No, categorical__PaperlessBilling_Yes","Continue normal customer engagement and loyalty communication to maintain customer satisfaction. Prioritize addressing the key churn drivers identified: numerical__tenure, categorical__Contract_Month-to-month, categorical__Partner_No."
3818,0.18352564,Low Risk,109.1,High Value,Low,"numerical__MonthlyCharges, categorical__gender_Female, categorical__InternetService_Fiber optic","categorical__Contract_Month-to-month, categorical__Contract_Two year, categorical__gender_Male","Continue normal customer engagement and loyalty communication to maintain customer satisfaction. Prioritize addressing the key churn drivers identified: numerical__MonthlyCharges, categorical__gender_Female, categorical__InternetService_Fiber optic."
2225,0.18282703,Low Risk,39.1,Low Value,Low,"categorical__StreamingTV_Yes, categorical__Partner_No, categorical__PaymentMethod_Electronic check","categorical__Contract_Month-to-month, numerical__tenure, categorical__InternetService_Fiber optic","Continue normal customer engagement and loyalty communication to maintain customer satisfaction. Prioritize addressing the key churn drivers identified: categorical__StreamingTV_Yes, categorical__Partner_No, categorical__PaymentMethod_Electronic check."
1881,0.18192375,Low Risk,44.65,Low Value,Low,"categorical__Contract_Month-to-month, categorical__Partner_No, categorical__DeviceProtection_No","numerical__tenure, categorical__InternetService_Fiber optic, categorical__OnlineSecurity_No","Continue normal customer engagement and loyalty communication to maintain customer satisfaction. Prioritize addressing the key churn drivers identified: categorical__Contract_Month-to-month, categorical__Partner_No, categorical__DeviceProtection_No."
5851,0.18089764,Low Risk,110.8,High Value,Low,"numerical__MonthlyCharges, categorical__gender_Female, categorical__InternetService_Fiber optic","categorical__Contract_Month-to-month, numerical__tenure, numerical__TotalCharges","Continue normal customer engagement and loyalty communication to maintain customer satisfaction. Prioritize addressing the key churn drivers identified: numerical__MonthlyCharges, categorical__gender_Female, categorical__InternetService_Fiber optic."
5112,0.18081707,Low Risk,20.05,Low Value,Low,"categorical__Contract_Month-to-month, categorical__gender_Female, categorical__Partner_No","categorical__OnlineSecurity_No, categorical__PaperlessBilling_Yes, categorical__gender_Male","Continue normal customer engagement and loyalty communication to maintain customer satisfaction. Prioritize addressing the key churn drivers identified: categorical__Contract_Month-to-month, categorical__gender_Female, categorical__Partner_No."
4685,0.18056357,Low Risk,108.9,High Value,Low,"numerical__MonthlyCharges, categorical__gender_Female, categorical__InternetService_Fiber optic","categorical__Contract_Month-to-month, categorical__Contract_Two year, categorical__gender_Male","Continue normal customer engagement and loyalty communication to maintain customer satisfaction. Prioritize addressing the key churn drivers identified: numerical__MonthlyCharges, categorical__gender_Female, categorical__InternetService_Fiber optic."
6535,0.18040884,Low Risk,102.35,High Value,Low,"categorical__InternetService_Fiber optic, numerical__MonthlyCharges, categorical__Partner_No","categorical__Contract_Month-to-month, numerical__tenure, numerical__TotalCharges","Continue normal customer engagement and loyalty communication to maintain customer satisfaction. Prioritize addressing the key churn drivers identified: categorical__InternetService_Fiber optic, numerical__MonthlyCharges, categorical__Partner_No."
6725,0.18019661,Low Risk,19.5,Low Value,Low,"categorical__gender_Female, categorical__Contract_Month-to-month, numerical__MonthlyCharges","numerical__tenure, categorical__PaperlessBilling_Yes, categorical__OnlineSecurity_No","Continue normal customer engagement and loyalty communication to maintain customer satisfaction. Prioritize addressing the key churn drivers identified: categorical__gender_Female, categorical__Contract_Month-to-month, numerical__MonthlyCharges."
3528,0.18007678,Low Risk,19.7,Low Value,Low,"categorical__Contract_Month-to-month, numerical__MonthlyCharges, categorical__Partner_No","categorical__OnlineSecurity_No, categorical__InternetService_Fiber optic, categorical__TechSupport_No","Continue normal customer engagement and loyalty communication to maintain customer satisfaction. Prioritize addressing the key churn drivers identified: categorical__Contract_Month-to-month, numerical__MonthlyCharges, categorical__Partner_No."
2825,0.1794802,Low Risk,26.35,Low Value,Low,"categorical__Contract_Month-to-month, categorical__Partner_No, categorical__MultipleLines_No","categorical__OnlineSecurity_No, categorical__TechSupport_No, categorical__InternetService_Fiber optic","Continue normal customer engagement and loyalty communication to maintain customer satisfaction. Prioritize addressing the key churn drivers identified: categorical__Contract_Month-to-month, categorical__Partner_No, categorical__MultipleLines_No."
4126,0.17840667,Low Risk,19.55,Low Value,Low,"categorical__Contract_Month-to-month, numerical__tenure, numerical__TotalCharges","categorical__OnlineSecurity_No, categorical__PaperlessBilling_Yes, categorical__InternetService_Fiber optic","Continue normal customer engagement and loyalty communication to maintain customer satisfaction. Prioritize addressing the key churn drivers identified: categorical__Contract_Month-to-month, numerical__tenure, numerical__TotalCharges."
4576,0.17823718,Low Risk,19.75,Low Value,Low,"numerical__MonthlyCharges, categorical__Contract_Month-to-month, categorical__PaperlessBilling_No","categorical__OnlineSecurity_No, categorical__PaperlessBilling_Yes, categorical__InternetService_Fiber optic","Continue normal customer engagement and loyalty communication to maintain customer satisfaction. Prioritize addressing the key churn drivers identified: numerical__MonthlyCharges, categorical__Contract_Month-to-month, categorical__PaperlessBilling_No."
6355,0.1775087,Low Risk,110.25,High Value,Low,"numerical__MonthlyCharges, categorical__PaperlessBilling_No, categorical__InternetService_Fiber optic","categorical__Contract_Month-to-month, categorical__Contract_Two year, categorical__gender_Male","Continue normal customer engagement and loyalty communication to maintain customer satisfaction. Prioritize addressing the key churn drivers identified: numerical__MonthlyCharges, categorical__PaperlessBilling_No, categorical__InternetService_Fiber optic."
3166,0.17684796,Low Risk,48.8,Low Value,Low,"categorical__Contract_Month-to-month, categorical__OnlineSecurity_No, categorical__DeviceProtection_No","categorical__InternetService_Fiber optic, categorical__PaperlessBilling_Yes, categorical__PaymentMethod_Electronic check","Continue normal customer engagement and loyalty communication to maintain customer satisfaction. Prioritize addressing the key churn drivers identified: categorical__Contract_Month-to-month, categorical__OnlineSecurity_No, categorical__DeviceProtection_No."
5677,0.17641541,Low Risk,80.8,Medium Value,Low,"categorical__PaymentMethod_Electronic check, categorical__InternetService_Fiber optic, numerical__TotalCharges","categorical__Contract_Month-to-month, categorical__PaperlessBilling_Yes, numerical__tenure","Continue normal customer engagement and loyalty communication to maintain customer satisfaction. Prioritize addressing the key churn drivers identified: categorical__PaymentMethod_Electronic check, categorical__InternetService_Fiber optic, numerical__TotalCharges."
5911,0.17600124,Low Risk,34.2,Low Value,Low,"categorical__Contract_Month-to-month, categorical__Partner_Yes, categorical__Contract_Two year","categorical__OnlineSecurity_No, categorical__PaperlessBilling_Yes, categorical__InternetService_Fiber optic","Continue normal customer engagement and loyalty communication to maintain customer satisfaction. Prioritize addressing the key churn drivers identified: categorical__Contract_Month-to-month, categorical__Partner_Yes, categorical__Contract_Two year."
2045,0.17549571,Low Risk,110.5,High Value,Low,"numerical__MonthlyCharges, categorical__InternetService_Fiber optic, categorical__gender_Female","categorical__Contract_Month-to-month, numerical__tenure, categorical__gender_Male","Continue normal customer engagement and loyalty communication to maintain customer satisfaction. Prioritize addressing the key churn drivers identified: numerical__MonthlyCharges, categorical__InternetService_Fiber optic, categorical__gender_Female."
5887,0.17480895,Low Risk,50.3,Medium Value,Low,"categorical__Contract_Month-to-month, categorical__Partner_No, categorical__DeviceProtection_No","categorical__InternetService_Fiber optic, categorical__OnlineSecurity_No, categorical__PaymentMethod_Electronic check","Continue normal customer engagement and loyalty communication to maintain customer satisfaction. Prioritize addressing the key churn drivers identified: categorical__Contract_Month-to-month, categorical__Partner_No, categorical__DeviceProtection_No."
3985,0.1746705,Low Risk,54.55,Medium Value,Low,"categorical__Contract_Month-to-month, categorical__Partner_Yes, categorical__DeviceProtection_No","categorical__OnlineSecurity_No, categorical__InternetService_Fiber optic, categorical__PaymentMethod_Electronic check","Continue normal customer engagement and loyalty communication to maintain customer satisfaction. Prioritize addressing the key churn drivers identified: categorical__Contract_Month-to-month, categorical__Partner_Yes, categorical__DeviceProtection_No."
5737,0.17457858,Low Risk,83.25,Medium Value,Low,"categorical__Contract_Month-to-month, categorical__PaperlessBilling_No, categorical__Partner_Yes","categorical__PaperlessBilling_Yes, categorical__InternetService_Fiber optic, categorical__TechSupport_No","Continue normal customer engagement and loyalty communication to maintain customer satisfaction. Prioritize addressing the key churn drivers identified: categorical__Contract_Month-to-month, categorical__PaperlessBilling_No, categorical__Partner_Yes."
3660,0.17355917,Low Risk,35.5,Low Value,Low,"numerical__tenure, categorical__OnlineSecurity_No, categorical__Partner_No","categorical__Contract_Month-to-month, categorical__InternetService_Fiber optic, categorical__TechSupport_No","Continue normal customer engagement and loyalty communication to maintain customer satisfaction. Prioritize addressing the key churn drivers identified: numerical__tenure, categorical__OnlineSecurity_No, categorical__Partner_No."
6852,0.17307806,Low Risk,61.9,Medium Value,Low,"categorical__Contract_Month-to-month, categorical__Partner_Yes, numerical__TotalCharges","numerical__tenure, categorical__InternetService_Fiber optic, categorical__PaymentMethod_Electronic check","Continue normal customer engagement and loyalty communication to maintain customer satisfaction. Prioritize addressing the key churn drivers identified: categorical__Contract_Month-to-month, categorical__Partner_Yes, numerical__TotalCharges."
5605,0.1724451,Low Risk,60.2,Medium Value,Low,"categorical__Contract_Month-to-month, categorical__OnlineSecurity_No, categorical__Partner_Yes","categorical__InternetService_Fiber optic, categorical__PaperlessBilling_Yes, categorical__PaymentMethod_Electronic check","Continue normal customer engagement and loyalty communication to maintain customer satisfaction. Prioritize addressing the key churn drivers identified: categorical__Contract_Month-to-month, categorical__OnlineSecurity_No, categorical__Partner_Yes."
6098,0.17215572,Low Risk,75.9,Medium Value,Low,"categorical__DeviceProtection_No, categorical__StreamingMovies_Yes, categorical__StreamingTV_Yes","categorical__Contract_Month-to-month, categorical__InternetService_Fiber optic, categorical__OnlineSecurity_No","Continue normal customer engagement and loyalty communication to maintain customer satisfaction. Prioritize addressing the key churn drivers identified: categorical__DeviceProtection_No, categorical__StreamingMovies_Yes, categorical__StreamingTV_Yes."
832,0.17189181,Low Risk,74.1,Medium Value,Low,"categorical__gender_Female, categorical__PaperlessBilling_No, categorical__StreamingTV_No","categorical__Contract_Month-to-month, categorical__PaperlessBilling_Yes, categorical__StreamingTV_Yes","Continue normal customer engagement and loyalty communication to maintain customer satisfaction. Prioritize addressing the key churn drivers identified: categorical__gender_Female, categorical__PaperlessBilling_No, categorical__StreamingTV_No."
6361,0.17184041,Low Risk,62.8,Medium Value,Low,"categorical__Contract_Month-to-month, categorical__gender_Female, numerical__tenure","categorical__InternetService_Fiber optic, numerical__MonthlyCharges, categorical__PaperlessBilling_Yes","Continue normal customer engagement and loyalty communication to maintain customer satisfaction. Prioritize addressing the key churn drivers identified: categorical__Contract_Month-to-month, categorical__gender_Female, numerical__tenure."
1286,0.17132796,Low Risk,74.1,Medium Value,Low,"numerical__tenure, categorical__gender_Female, categorical__PaperlessBilling_No","categorical__Contract_Month-to-month, categorical__PaymentMethod_Credit card (automatic), categorical__PaperlessBilling_Yes","Continue normal customer engagement and loyalty communication to maintain customer satisfaction. Prioritize addressing the key churn drivers identified: numerical__tenure, categorical__gender_Female, categorical__PaperlessBilling_No."
631,0.17071983,Low Risk,55.0,Medium Value,Low,"categorical__Contract_Month-to-month, categorical__gender_Female, categorical__DeviceProtection_No","categorical__InternetService_Fiber optic, categorical__gender_Male, categorical__PaperlessBilling_Yes","Continue normal customer engagement and loyalty communication to maintain customer satisfaction. Prioritize addressing the key churn drivers identified: categorical__Contract_Month-to-month, categorical__gender_Female, categorical__DeviceProtection_No."
6919,0.17070875,Low Risk,89.4,High Value,Low,"categorical__Contract_Month-to-month, categorical__InternetService_Fiber optic, categorical__Partner_No","numerical__tenure, categorical__PaymentMethod_Electronic check, categorical__PaperlessBilling_Yes","Continue normal customer engagement and loyalty communication to maintain customer satisfaction. Prioritize addressing the key churn drivers identified: categorical__Contract_Month-to-month, categorical__InternetService_Fiber optic, categorical__Partner_No."
5083,0.16996685,Low Risk,71.35,Medium Value,Low,"categorical__gender_Female, categorical__Contract_Month-to-month, numerical__TotalCharges","categorical__InternetService_Fiber optic, categorical__gender_Male, categorical__OnlineSecurity_No","Continue normal customer engagement and loyalty communication to maintain customer satisfaction. Prioritize addressing the key churn drivers identified: categorical__gender_Female, categorical__Contract_Month-to-month, numerical__TotalCharges."
3371,0.16636671,Low Risk,19.25,Low Value,Low,"categorical__Contract_Month-to-month, categorical__gender_Female, numerical__TotalCharges","categorical__OnlineSecurity_No, categorical__InternetService_Fiber optic, categorical__gender_Male","Continue normal customer engagement and loyalty communication to maintain customer satisfaction. Prioritize addressing the key churn drivers identified: categorical__Contract_Month-to-month, categorical__gender_Female, numerical__TotalCharges."
6539,0.16634265,Low Risk,73.05,Medium Value,Low,"categorical__Contract_Month-to-month, categorical__gender_Female, categorical__OnlineSecurity_No","numerical__tenure, categorical__InternetService_Fiber optic, categorical__TechSupport_No","Continue normal customer engagement and loyalty communication to maintain customer satisfaction. Prioritize addressing the key churn drivers identified: categorical__Contract_Month-to-month, categorical__gender_Female, categorical__OnlineSecurity_No."
4878,0.16589701,Low Risk,59.05,Medium Value,Low,"categorical__Contract_Month-to-month, categorical__DeviceProtection_No, categorical__OnlineSecurity_No","numerical__tenure, categorical__PaymentMethod_Electronic check, categorical__InternetService_Fiber optic","Continue normal customer engagement and loyalty communication to maintain customer satisfaction. Prioritize addressing the key churn drivers identified: categorical__Contract_Month-to-month, categorical__DeviceProtection_No, categorical__OnlineSecurity_No."
1376,0.16537163,Low Risk,70.0,Medium Value,Low,"numerical__tenure, categorical__Partner_No, categorical__OnlineSecurity_No","categorical__Contract_Month-to-month, categorical__InternetService_Fiber optic, numerical__MonthlyCharges","Continue normal customer engagement and loyalty communication to maintain customer satisfaction. Prioritize addressing the key churn drivers identified: numerical__tenure, categorical__Partner_No, categorical__OnlineSecurity_No."
1557,0.16536196,Low Risk,67.25,Medium Value,Low,"categorical__Contract_Month-to-month, categorical__Partner_No, categorical__StreamingTV_No","categorical__InternetService_Fiber optic, categorical__OnlineSecurity_No, categorical__TechSupport_No","Continue normal customer engagement and loyalty communication to maintain customer satisfaction. Prioritize addressing the key churn drivers identified: categorical__Contract_Month-to-month, categorical__Partner_No, categorical__StreamingTV_No."
1562,0.16439368,Low Risk,34.65,Low Value,Low,"categorical__Contract_Month-to-month, categorical__gender_Female, categorical__PaperlessBilling_No","categorical__OnlineSecurity_No, categorical__InternetService_Fiber optic, categorical__PaperlessBilling_Yes","Continue normal customer engagement and loyalty communication to maintain customer satisfaction. Prioritize addressing the key churn drivers identified: categorical__Contract_Month-to-month, categorical__gender_Female, categorical__PaperlessBilling_No."
4879,0.16423067,Low Risk,69.1,Medium Value,Low,"categorical__gender_Female, categorical__StreamingTV_No, categorical__Partner_No","categorical__Contract_Month-to-month, categorical__InternetService_Fiber optic, categorical__gender_Male","Continue normal customer engagement and loyalty communication to maintain customer satisfaction. Prioritize addressing the key churn drivers identified: categorical__gender_Female, categorical__StreamingTV_No, categorical__Partner_No."
1396,0.16404173,Low Risk,100.05,High Value,Low,"numerical__MonthlyCharges, categorical__gender_Female, categorical__InternetService_Fiber optic","numerical__tenure, categorical__Contract_Month-to-month, categorical__gender_Male","Continue normal customer engagement and loyalty communication to maintain customer satisfaction. Prioritize addressing the key churn drivers identified: numerical__MonthlyCharges, categorical__gender_Female, categorical__InternetService_Fiber optic."
3750,0.163696,Low Risk,79.2,Medium Value,Low,"categorical__gender_Female, categorical__StreamingTV_Yes, categorical__Partner_Yes","categorical__Contract_Month-to-month, categorical__InternetService_Fiber optic, categorical__gender_Male","Continue normal customer engagement and loyalty communication to maintain customer satisfaction. Prioritize addressing the key churn drivers identified: categorical__gender_Female, categorical__StreamingTV_Yes, categorical__Partner_Yes."
4561,0.16334176,Low Risk,55.75,Medium Value,Low,"categorical__Contract_Month-to-month, categorical__gender_Female, categorical__OnlineSecurity_No","categorical__InternetService_Fiber optic, categorical__PaperlessBilling_Yes, categorical__gender_Male","Continue normal customer engagement and loyalty communication to maintain customer satisfaction. Prioritize addressing the key churn drivers identified: categorical__Contract_Month-to-month, categorical__gender_Female, categorical__OnlineSecurity_No."
6939,0.1626729,Low Risk,89.2,High Value,Low,"categorical__InternetService_Fiber optic, categorical__Partner_No, categorical__DeviceProtection_No","categorical__Contract_Month-to-month, numerical__tenure, categorical__StreamingTV_Yes","Continue normal customer engagement and loyalty communication to maintain customer satisfaction. Prioritize addressing the key churn drivers identified: categorical__InternetService_Fiber optic, categorical__Partner_No, categorical__DeviceProtection_No."
6503,0.16265227,Low Risk,60.35,Medium Value,Low,"categorical__Contract_One year, categorical__MultipleLines_No, categorical__PaperlessBilling_No","categorical__Contract_Month-to-month, categorical__PaperlessBilling_Yes, categorical__InternetService_Fiber optic","Continue normal customer engagement and loyalty communication to maintain customer satisfaction. Prioritize addressing the key churn drivers identified: categorical__Contract_One year, categorical__MultipleLines_No, categorical__PaperlessBilling_No."
6480,0.16251762,Low Risk,53.45,Medium Value,Low,"categorical__Contract_Month-to-month, categorical__gender_Female, categorical__OnlineSecurity_No","categorical__InternetService_Fiber optic, categorical__PaperlessBilling_Yes, categorical__gender_Male","Continue normal customer engagement and loyalty communication to maintain customer satisfaction. Prioritize addressing the key churn drivers identified: categorical__Contract_Month-to-month, categorical__gender_Female, categorical__OnlineSecurity_No."
3062,0.16180865,Low Risk,34.25,Low Value,Low,"categorical__Contract_Month-to-month, numerical__SeniorCitizen, categorical__Partner_Yes","numerical__tenure, categorical__PaperlessBilling_Yes, categorical__InternetService_Fiber optic","Continue normal customer engagement and loyalty communication to maintain customer satisfaction. Prioritize addressing the key churn drivers identified: categorical__Contract_Month-to-month, numerical__SeniorCitizen, categorical__Partner_Yes."
3648,0.16099069,Low Risk,90.15,High Value,Low,"categorical__gender_Female, categorical__InternetService_Fiber optic, categorical__PaymentMethod_Electronic check","categorical__Contract_Month-to-month, numerical__tenure, categorical__gender_Male","Continue normal customer engagement and loyalty communication to maintain customer satisfaction. Prioritize addressing the key churn drivers identified: categorical__gender_Female, categorical__InternetService_Fiber optic, categorical__PaymentMethod_Electronic check."
4323,0.16073868,Low Risk,84.05,High Value,Low,"categorical__gender_Female, categorical__InternetService_Fiber optic, categorical__Partner_No","categorical__Contract_Month-to-month, numerical__tenure, categorical__PaperlessBilling_Yes","Continue normal customer engagement and loyalty communication to maintain customer satisfaction. Prioritize addressing the key churn drivers identified: categorical__gender_Female, categorical__InternetService_Fiber optic, categorical__Partner_No."
4989,0.16031675,Low Risk,29.8,Low Value,Low,"categorical__Contract_Month-to-month, categorical__gender_Female, numerical__tenure","categorical__OnlineSecurity_No, categorical__InternetService_Fiber optic, categorical__gender_Male","Continue normal customer engagement and loyalty communication to maintain customer satisfaction. Prioritize addressing the key churn drivers identified: categorical__Contract_Month-to-month, categorical__gender_Female, numerical__tenure."
6114,0.15995224,Low Risk,66.65,Medium Value,Low,"categorical__Contract_Month-to-month, categorical__Partner_No, categorical__OnlineSecurity_No","categorical__InternetService_Fiber optic, categorical__TechSupport_No, numerical__MonthlyCharges","Continue normal customer engagement and loyalty communication to maintain customer satisfaction. Prioritize addressing the key churn drivers identified: categorical__Contract_Month-to-month, categorical__Partner_No, categorical__OnlineSecurity_No."
476,0.15969281,Low Risk,76.05,Medium Value,Low,"categorical__Contract_Month-to-month, categorical__DeviceProtection_No, categorical__OnlineSecurity_No","numerical__tenure, categorical__InternetService_Fiber optic, categorical__TechSupport_No","Continue normal customer engagement and loyalty communication to maintain customer satisfaction. Prioritize addressing the key churn drivers identified: categorical__Contract_Month-to-month, categorical__DeviceProtection_No, categorical__OnlineSecurity_No."
2766,0.15830007,Low Risk,115.0,High Value,Low,"categorical__InternetService_Fiber optic, categorical__gender_Female, categorical__PaymentMethod_Electronic check","numerical__tenure, categorical__Contract_Month-to-month, categorical__gender_Male","Continue normal customer engagement and loyalty communication to maintain customer satisfaction. Prioritize addressing the key churn drivers identified: categorical__InternetService_Fiber optic, categorical__gender_Female, categorical__PaymentMethod_Electronic check."
2865,0.15791531,Low Risk,109.25,High Value,Low,"numerical__MonthlyCharges, categorical__InternetService_Fiber optic, categorical__gender_Female","categorical__Contract_Month-to-month, numerical__tenure, categorical__gender_Male","Continue normal customer engagement and loyalty communication to maintain customer satisfaction. Prioritize addressing the key churn drivers identified: numerical__MonthlyCharges, categorical__InternetService_Fiber optic, categorical__gender_Female."
3832,0.15780169,Low Risk,78.65,Medium Value,Low,"categorical__gender_Female, categorical__DeviceProtection_No, categorical__StreamingMovies_Yes","categorical__Contract_Month-to-month, numerical__tenure, categorical__InternetService_Fiber optic","Continue normal customer engagement and loyalty communication to maintain customer satisfaction. Prioritize addressing the key churn drivers identified: categorical__gender_Female, categorical__DeviceProtection_No, categorical__StreamingMovies_Yes."
4787,0.15765148,Low Risk,54.7,Medium Value,Low,"categorical__Contract_Month-to-month, categorical__gender_Female, numerical__tenure","categorical__OnlineSecurity_No, categorical__InternetService_Fiber optic, categorical__PaperlessBilling_Yes","Continue normal customer engagement and loyalty communication to maintain customer satisfaction. Prioritize addressing the key churn drivers identified: categorical__Contract_Month-to-month, categorical__gender_Female, numerical__tenure."
3069,0.15691029,Low Risk,20.55,Low Value,Low,"categorical__Contract_Month-to-month, categorical__gender_Female, categorical__Partner_No","categorical__OnlineSecurity_No, categorical__gender_Male, categorical__InternetService_Fiber optic","Continue normal customer engagement and loyalty communication to maintain customer satisfaction. Prioritize addressing the key churn drivers identified: categorical__Contract_Month-to-month, categorical__gender_Female, categorical__Partner_No."
4551,0.15663259,Low Risk,96.95,High Value,Low,"categorical__Contract_Month-to-month, categorical__InternetService_Fiber optic, numerical__MonthlyCharges","numerical__tenure, categorical__TechSupport_No, categorical__PaymentMethod_Electronic check","Continue normal customer engagement and loyalty communication to maintain customer satisfaction. Prioritize addressing the key churn drivers identified: categorical__Contract_Month-to-month, categorical__InternetService_Fiber optic, numerical__MonthlyCharges."
3877,0.1564142,Low Risk,55.95,Medium Value,Low,"categorical__gender_Female, categorical__Partner_Yes, categorical__StreamingTV_Yes","categorical__Contract_Month-to-month, categorical__gender_Male, categorical__InternetService_Fiber optic","Continue normal customer engagement and loyalty communication to maintain customer satisfaction. Prioritize addressing the key churn drivers identified: categorical__gender_Female, categorical__Partner_Yes, categorical__StreamingTV_Yes."
3789,0.15593618,Low Risk,19.85,Low Value,Low,"categorical__Contract_Month-to-month, categorical__Partner_No, numerical__TotalCharges","categorical__OnlineSecurity_No, categorical__PaperlessBilling_Yes, categorical__InternetService_Fiber optic","Continue normal customer engagement and loyalty communication to maintain customer satisfaction. Prioritize addressing the key churn drivers identified: categorical__Contract_Month-to-month, categorical__Partner_No, numerical__TotalCharges."
4824,0.15586904,Low Risk,97.25,High Value,Low,"categorical__InternetService_Fiber optic, categorical__OnlineSecurity_No, categorical__DeviceProtection_No","numerical__tenure, categorical__Contract_Month-to-month, numerical__TotalCharges","Continue normal customer engagement and loyalty communication to maintain customer satisfaction. Prioritize addressing the key churn drivers identified: categorical__InternetService_Fiber optic, categorical__OnlineSecurity_No, categorical__DeviceProtection_No."
5567,0.15575337,Low Risk,103.0,High Value,Low,"numerical__MonthlyCharges, categorical__gender_Female, categorical__InternetService_Fiber optic","categorical__Contract_Month-to-month, categorical__gender_Male, categorical__PaperlessBilling_Yes","Continue normal customer engagement and loyalty communication to maintain customer satisfaction. Prioritize addressing the key churn drivers identified: numerical__MonthlyCharges, categorical__gender_Female, categorical__InternetService_Fiber optic."
123,0.15555872,Low Risk,50.7,Medium Value,Low,"categorical__Contract_Month-to-month, categorical__gender_Female, numerical__tenure","categorical__InternetService_Fiber optic, categorical__OnlineSecurity_No, categorical__PaperlessBilling_Yes","Continue normal customer engagement and loyalty communication to maintain customer satisfaction. Prioritize addressing the key churn drivers identified: categorical__Contract_Month-to-month, categorical__gender_Female, numerical__tenure."
300,0.155489,Low Risk,64.9,Medium Value,Low,"categorical__Partner_No, categorical__DeviceProtection_No, categorical__StreamingTV_Yes","categorical__Contract_Month-to-month, categorical__InternetService_Fiber optic, numerical__MonthlyCharges","Continue normal customer engagement and loyalty communication to maintain customer satisfaction. Prioritize addressing the key churn drivers identified: categorical__Partner_No, categorical__DeviceProtection_No, categorical__StreamingTV_Yes."
6502,0.15461658,Low Risk,56.25,Medium Value,Low,"categorical__Contract_Month-to-month, categorical__gender_Female, categorical__PaperlessBilling_No","categorical__InternetService_Fiber optic, numerical__tenure, categorical__PaperlessBilling_Yes","Continue normal customer engagement and loyalty communication to maintain customer satisfaction. Prioritize addressing the key churn drivers identified: categorical__Contract_Month-to-month, categorical__gender_Female, categorical__PaperlessBilling_No."
2893,0.15401395,Low Risk,59.0,Medium Value,Low,"categorical__Contract_Month-to-month, categorical__Partner_No, categorical__PaymentMethod_Electronic check","categorical__InternetService_Fiber optic, categorical__PaperlessBilling_Yes, categorical__OnlineSecurity_No","Continue normal customer engagement and loyalty communication to maintain customer satisfaction. Prioritize addressing the key churn drivers identified: categorical__Contract_Month-to-month, categorical__Partner_No, categorical__PaymentMethod_Electronic check."
5420,0.15374427,Low Risk,114.3,High Value,Low,"numerical__TotalCharges, categorical__PaperlessBilling_No, categorical__InternetService_Fiber optic","categorical__Contract_Month-to-month, categorical__Contract_Two year, categorical__PaperlessBilling_Yes","Continue normal customer engagement and loyalty communication to maintain customer satisfaction. Prioritize addressing the key churn drivers identified: numerical__TotalCharges, categorical__PaperlessBilling_No, categorical__InternetService_Fiber optic."
5239,0.1535784,Low Risk,105.75,High Value,Low,"numerical__MonthlyCharges, categorical__InternetService_Fiber optic, categorical__PaperlessBilling_No","categorical__Contract_Month-to-month, numerical__tenure, categorical__PaperlessBilling_Yes","Continue normal customer engagement and loyalty communication to maintain customer satisfaction. Prioritize addressing the key churn drivers identified: numerical__MonthlyCharges, categorical__InternetService_Fiber optic, categorical__PaperlessBilling_No."
2300,0.15319745,Low Risk,103.25,High Value,Low,"categorical__gender_Female, categorical__InternetService_Fiber optic, numerical__MonthlyCharges","categorical__Contract_Month-to-month, categorical__gender_Male, categorical__OnlineSecurity_No","Continue normal customer engagement and loyalty communication to maintain customer satisfaction. Prioritize addressing the key churn drivers identified: categorical__gender_Female, categorical__InternetService_Fiber optic, numerical__MonthlyCharges."
2014,0.15311901,Low Risk,61.8,Medium Value,Low,"categorical__Contract_Month-to-month, categorical__OnlineSecurity_No, categorical__Partner_Yes","categorical__InternetService_Fiber optic, categorical__PaperlessBilling_Yes, categorical__PaymentMethod_Electronic check","Continue normal customer engagement and loyalty communication to maintain customer satisfaction. Prioritize addressing the key churn drivers identified: categorical__Contract_Month-to-month, categorical__OnlineSecurity_No, categorical__Partner_Yes."
4035,0.15284272,Low Risk,93.25,High Value,Low,"categorical__Contract_Month-to-month, categorical__InternetService_Fiber optic, categorical__OnlineSecurity_No","numerical__tenure, categorical__TechSupport_No, categorical__PaymentMethod_Electronic check","Continue normal customer engagement and loyalty communication to maintain customer satisfaction. Prioritize addressing the key churn drivers identified: categorical__Contract_Month-to-month, categorical__InternetService_Fiber optic, categorical__OnlineSecurity_No."
4528,0.15261692,Low Risk,88.15,High Value,Low,"categorical__Contract_Month-to-month, categorical__gender_Female, categorical__InternetService_Fiber optic","numerical__TotalCharges, numerical__tenure, categorical__PaymentMethod_Electronic check","Continue normal customer engagement and loyalty communication to maintain customer satisfaction. Prioritize addressing the key churn drivers identified: categorical__Contract_Month-to-month, categorical__gender_Female, categorical__InternetService_Fiber optic."
2777,0.15238656,Low Risk,20.0,Low Value,Low,"categorical__Contract_Month-to-month, categorical__Partner_No, numerical__TotalCharges","categorical__OnlineSecurity_No, categorical__PaperlessBilling_Yes, categorical__InternetService_Fiber optic","Continue normal customer engagement and loyalty communication to maintain customer satisfaction. Prioritize addressing the key churn drivers identified: categorical__Contract_Month-to-month, categorical__Partner_No, numerical__TotalCharges."
3158,0.15214215,Low Risk,49.55,Low Value,Low,"categorical__Contract_Month-to-month, categorical__Partner_Yes, categorical__OnlineSecurity_No","numerical__tenure, categorical__PaymentMethod_Electronic check, categorical__InternetService_Fiber optic","Continue normal customer engagement and loyalty communication to maintain customer satisfaction. Prioritize addressing the key churn drivers identified: categorical__Contract_Month-to-month, categorical__Partner_Yes, categorical__OnlineSecurity_No."
4281,0.15025714,Low Risk,35.0,Low Value,Low,"categorical__Contract_Month-to-month, categorical__Partner_No, categorical__DeviceProtection_No","numerical__tenure, categorical__OnlineSecurity_No, categorical__InternetService_Fiber optic","Continue normal customer engagement and loyalty communication to maintain customer satisfaction. Prioritize addressing the key churn drivers identified: categorical__Contract_Month-to-month, categorical__Partner_No, categorical__DeviceProtection_No."
2687,0.14995423,Low Risk,91.0,High Value,Low,"categorical__Contract_Month-to-month, categorical__InternetService_Fiber optic, categorical__Partner_No","numerical__tenure, categorical__PaperlessBilling_Yes, categorical__TechSupport_No","Continue normal customer engagement and loyalty communication to maintain customer satisfaction. Prioritize addressing the key churn drivers identified: categorical__Contract_Month-to-month, categorical__InternetService_Fiber optic, categorical__Partner_No."
5620,0.14925322,Low Risk,104.8,High Value,Low,"categorical__OnlineSecurity_No, numerical__TotalCharges, categorical__InternetService_Fiber optic","numerical__tenure, categorical__Contract_Month-to-month, categorical__Contract_Two year","Continue normal customer engagement and loyalty communication to maintain customer satisfaction. Prioritize addressing the key churn drivers identified: categorical__OnlineSecurity_No, numerical__TotalCharges, categorical__InternetService_Fiber optic."
7036,0.14898357,Low Risk,60.65,Medium Value,Low,"categorical__gender_Female, categorical__StreamingTV_Yes, categorical__MultipleLines_No","categorical__Contract_Month-to-month, categorical__InternetService_Fiber optic, categorical__gender_Male","Continue normal customer engagement and loyalty communication to maintain customer satisfaction. Prioritize addressing the key churn drivers identified: categorical__gender_Female, categorical__StreamingTV_Yes, categorical__MultipleLines_No."
3948,0.14877097,Low Risk,88.9,High Value,Low,"categorical__gender_Female, categorical__InternetService_Fiber optic, categorical__PaymentMethod_Bank transfer (automatic)","categorical__Contract_Month-to-month, numerical__tenure, categorical__PaperlessBilling_Yes","Continue normal customer engagement and loyalty communication to maintain customer satisfaction. Prioritize addressing the key churn drivers identified: categorical__gender_Female, categorical__InternetService_Fiber optic, categorical__PaymentMethod_Bank transfer (automatic)."
1467,0.145133,Low Risk,73.75,Medium Value,Low,"categorical__gender_Female, categorical__Partner_No, categorical__StreamingMovies_Yes","categorical__Contract_Month-to-month, categorical__gender_Male, categorical__InternetService_Fiber optic","Continue normal customer engagement and loyalty communication to maintain customer satisfaction. Prioritize addressing the key churn drivers identified: categorical__gender_Female, categorical__Partner_No, categorical__StreamingMovies_Yes."
2778,0.14456199,Low Risk,74.65,Medium Value,Low,"categorical__gender_Female, categorical__InternetService_Fiber optic, categorical__OnlineSecurity_No","categorical__Contract_Month-to-month, categorical__gender_Male, categorical__StreamingTV_Yes","Continue normal customer engagement and loyalty communication to maintain customer satisfaction. Prioritize addressing the key churn drivers identified: categorical__gender_Female, categorical__InternetService_Fiber optic, categorical__OnlineSecurity_No."
1656,0.14415678,Low Risk,90.8,High Value,Low,"categorical__Contract_Month-to-month, categorical__gender_Female, categorical__InternetService_Fiber optic","numerical__tenure, numerical__TotalCharges, categorical__OnlineSecurity_No","Continue normal customer engagement and loyalty communication to maintain customer satisfaction. Prioritize addressing the key churn drivers identified: categorical__Contract_Month-to-month, categorical__gender_Female, categorical__InternetService_Fiber optic."
1444,0.14312768,Low Risk,111.15,High Value,Low,"numerical__MonthlyCharges, categorical__InternetService_Fiber optic, categorical__Partner_No","categorical__Contract_Month-to-month, categorical__OnlineSecurity_No, categorical__Contract_Two year","Continue normal customer engagement and loyalty communication to maintain customer satisfaction. Prioritize addressing the key churn drivers identified: numerical__MonthlyCharges, categorical__InternetService_Fiber optic, categorical__Partner_No."
5939,0.14289048,Low Risk,33.6,Low Value,Low,"categorical__Contract_Month-to-month, categorical__Partner_No, categorical__TechSupport_No","categorical__PaperlessBilling_Yes, categorical__InternetService_Fiber optic, categorical__PaymentMethod_Electronic check","Continue normal customer engagement and loyalty communication to maintain customer satisfaction. Prioritize addressing the key churn drivers identified: categorical__Contract_Month-to-month, categorical__Partner_No, categorical__TechSupport_No."
2090,0.14232306,Low Risk,29.5,Low Value,Low,"categorical__Contract_Month-to-month, categorical__gender_Female, categorical__DeviceProtection_No","numerical__tenure, categorical__InternetService_Fiber optic, categorical__gender_Male","Continue normal customer engagement and loyalty communication to maintain customer satisfaction. Prioritize addressing the key churn drivers identified: categorical__Contract_Month-to-month, categorical__gender_Female, categorical__DeviceProtection_No."
6926,0.1417743,Low Risk,73.85,Medium Value,Low,"categorical__Contract_Month-to-month, categorical__gender_Female, categorical__OnlineSecurity_No","numerical__tenure, numerical__TotalCharges, categorical__gender_Male","Continue normal customer engagement and loyalty communication to maintain customer satisfaction. Prioritize addressing the key churn drivers identified: categorical__Contract_Month-to-month, categorical__gender_Female, categorical__OnlineSecurity_No."
2571,0.14145945,Low Risk,100.4,High Value,Low,"categorical__InternetService_Fiber optic, categorical__gender_Female, categorical__OnlineSecurity_No","categorical__Contract_Month-to-month, categorical__Contract_Two year, categorical__gender_Male","Continue normal customer engagement and loyalty communication to maintain customer satisfaction. Prioritize addressing the key churn drivers identified: categorical__InternetService_Fiber optic, categorical__gender_Female, categorical__OnlineSecurity_No."
5215,0.14023624,Low Risk,20.15,Low Value,Low,"categorical__Contract_Month-to-month, categorical__gender_Female, categorical__PaperlessBilling_No","categorical__OnlineSecurity_No, categorical__gender_Male, categorical__InternetService_Fiber optic","Continue normal customer engagement and loyalty communication to maintain customer satisfaction. Prioritize addressing the key churn drivers identified: categorical__Contract_Month-to-month, categorical__gender_Female, categorical__PaperlessBilling_No."
5457,0.14020327,Low Risk,51.0,Medium Value,Low,"categorical__Contract_Month-to-month, categorical__gender_Female, categorical__DeviceProtection_No","categorical__InternetService_Fiber optic, categorical__gender_Male, categorical__OnlineSecurity_No","Continue normal customer engagement and loyalty communication to maintain customer satisfaction. Prioritize addressing the key churn drivers identified: categorical__Contract_Month-to-month, categorical__gender_Female, categorical__DeviceProtection_No."
3042,0.13990662,Low Risk,30.3,Low Value,Low,"categorical__Contract_Month-to-month, categorical__Partner_No, categorical__OnlineSecurity_No","categorical__PaperlessBilling_Yes, numerical__tenure, categorical__InternetService_Fiber optic","Continue normal customer engagement and loyalty communication to maintain customer satisfaction. Prioritize addressing the key churn drivers identified: categorical__Contract_Month-to-month, categorical__Partner_No, categorical__OnlineSecurity_No."
1897,0.13981102,Low Risk,50.4,Medium Value,Low,"categorical__Contract_Month-to-month, categorical__DeviceProtection_No, categorical__Partner_Yes","numerical__tenure, categorical__InternetService_Fiber optic, categorical__PaymentMethod_Electronic check","Continue normal customer engagement and loyalty communication to maintain customer satisfaction. Prioritize addressing the key churn drivers identified: categorical__Contract_Month-to-month, categorical__DeviceProtection_No, categorical__Partner_Yes."
3972,0.1388675,Low Risk,50.9,Medium Value,Low,"categorical__Contract_Month-to-month, categorical__DeviceProtection_No, categorical__Partner_No","numerical__tenure, categorical__InternetService_Fiber optic, categorical__OnlineSecurity_No","Continue normal customer engagement and loyalty communication to maintain customer satisfaction. Prioritize addressing the key churn drivers identified: categorical__Contract_Month-to-month, categorical__DeviceProtection_No, categorical__Partner_No."
6892,0.13823707,Low Risk,99.7,High Value,Low,"categorical__gender_Female, categorical__InternetService_Fiber optic, numerical__MonthlyCharges","categorical__Contract_Month-to-month, numerical__tenure, numerical__TotalCharges","Continue normal customer engagement and loyalty communication to maintain customer satisfaction. Prioritize addressing the key churn drivers identified: categorical__gender_Female, categorical__InternetService_Fiber optic, numerical__MonthlyCharges."
2286,0.1364698,Low Risk,64.4,Medium Value,Low,"categorical__Contract_Month-to-month, categorical__OnlineSecurity_No, categorical__Partner_Yes","categorical__InternetService_Fiber optic, categorical__MultipleLines_No, categorical__PaymentMethod_Electronic check","Continue normal customer engagement and loyalty communication to maintain customer satisfaction. Prioritize addressing the key churn drivers identified: categorical__Contract_Month-to-month, categorical__OnlineSecurity_No, categorical__Partner_Yes."
3396,0.13602322,Low Risk,99.25,High Value,Low,"categorical__gender_Female, numerical__MonthlyCharges, categorical__InternetService_Fiber optic","categorical__Contract_Month-to-month, numerical__tenure, numerical__TotalCharges","Continue normal customer engagement and loyalty communication to maintain customer satisfaction. Prioritize addressing the key churn drivers identified: categorical__gender_Female, numerical__MonthlyCharges, categorical__InternetService_Fiber optic."
6977,0.13521446,Low Risk,49.7,Low Value,Low,"categorical__Contract_Month-to-month, categorical__Partner_No, categorical__OnlineSecurity_No","numerical__tenure, categorical__InternetService_Fiber optic, categorical__PaymentMethod_Electronic check","Continue normal customer engagement and loyalty communication to maintain customer satisfaction. Prioritize addressing the key churn drivers identified: categorical__Contract_Month-to-month, categorical__Partner_No, categorical__OnlineSecurity_No."
967,0.13499212,Low Risk,20.85,Low Value,Low,"categorical__Contract_Month-to-month, numerical__tenure, categorical__Partner_No","categorical__OnlineSecurity_No, categorical__PaperlessBilling_Yes, numerical__MonthlyCharges","Continue normal customer engagement and loyalty communication to maintain customer satisfaction. Prioritize addressing the key churn drivers identified: categorical__Contract_Month-to-month, numerical__tenure, categorical__Partner_No."
5963,0.1348766,Low Risk,78.65,Medium Value,Low,"categorical__StreamingMovies_Yes, categorical__Contract_One year, categorical__StreamingTV_Yes","categorical__Contract_Month-to-month, categorical__InternetService_Fiber optic, categorical__TechSupport_No","Continue normal customer engagement and loyalty communication to maintain customer satisfaction. Prioritize addressing the key churn drivers identified: categorical__StreamingMovies_Yes, categorical__Contract_One year, categorical__StreamingTV_Yes."
807,0.13441552,Low Risk,108.55,High Value,Low,"numerical__MonthlyCharges, numerical__TotalCharges, categorical__OnlineBackup_No","numerical__tenure, categorical__Contract_Month-to-month, categorical__OnlineSecurity_No","Continue normal customer engagement and loyalty communication to maintain customer satisfaction. Prioritize addressing the key churn drivers identified: numerical__MonthlyCharges, numerical__TotalCharges, categorical__OnlineBackup_No."
595,0.133931,Low Risk,61.65,Medium Value,Low,"categorical__gender_Female, categorical__Contract_Month-to-month, categorical__Partner_No","categorical__InternetService_Fiber optic, categorical__OnlineSecurity_No, categorical__gender_Male","Continue normal customer engagement and loyalty communication to maintain customer satisfaction. Prioritize addressing the key churn drivers identified: categorical__gender_Female, categorical__Contract_Month-to-month, categorical__Partner_No."
277,0.13388894,Low Risk,64.95,Medium Value,Low,"categorical__Contract_Month-to-month, categorical__DeviceProtection_No, categorical__Partner_Yes","categorical__InternetService_Fiber optic, categorical__OnlineSecurity_No, numerical__tenure","Continue normal customer engagement and loyalty communication to maintain customer satisfaction. Prioritize addressing the key churn drivers identified: categorical__Contract_Month-to-month, categorical__DeviceProtection_No, categorical__Partner_Yes."
1592,0.13384148,Low Risk,77.95,Medium Value,Low,"categorical__Contract_Month-to-month, categorical__gender_Female, categorical__InternetService_Fiber optic","numerical__TotalCharges, numerical__tenure, categorical__PaymentMethod_Electronic check","Continue normal customer engagement and loyalty communication to maintain customer satisfaction. Prioritize addressing the key churn drivers identified: categorical__Contract_Month-to-month, categorical__gender_Female, categorical__InternetService_Fiber optic."
1305,0.13334075,Low Risk,59.55,Medium Value,Low,"categorical__Contract_Month-to-month, categorical__gender_Female, categorical__Partner_No","numerical__tenure, categorical__PaymentMethod_Electronic check, categorical__InternetService_Fiber optic","Continue normal customer engagement and loyalty communication to maintain customer satisfaction. Prioritize addressing the key churn drivers identified: categorical__Contract_Month-to-month, categorical__gender_Female, categorical__Partner_No."
3296,0.13333501,Low Risk,49.3,Low Value,Low,"categorical__Contract_Month-to-month, categorical__gender_Female, categorical__Partner_No","numerical__tenure, categorical__PaymentMethod_Electronic check, categorical__InternetService_Fiber optic","Continue normal customer engagement and loyalty communication to maintain customer satisfaction. Prioritize addressing the key churn drivers identified: categorical__Contract_Month-to-month, categorical__gender_Female, categorical__Partner_No."
6252,0.13283221,Low Risk,39.45,Low Value,Low,"categorical__Contract_Month-to-month, categorical__DeviceProtection_No, categorical__StreamingTV_Yes","numerical__tenure, categorical__InternetService_Fiber optic, categorical__OnlineSecurity_No","Continue normal customer engagement and loyalty communication to maintain customer satisfaction. Prioritize addressing the key churn drivers identified: categorical__Contract_Month-to-month, categorical__DeviceProtection_No, categorical__StreamingTV_Yes."
888,0.1324667,Low Risk,91.2,High Value,Low,"categorical__InternetService_Fiber optic, categorical__DeviceProtection_No, categorical__StreamingTV_Yes","categorical__Contract_Month-to-month, categorical__PaperlessBilling_Yes, numerical__tenure","Continue normal customer engagement and loyalty communication to maintain customer satisfaction. Prioritize addressing the key churn drivers identified: categorical__InternetService_Fiber optic, categorical__DeviceProtection_No, categorical__StreamingTV_Yes."
6110,0.1302416,Low Risk,59.8,Medium Value,Low,"categorical__Contract_Month-to-month, categorical__gender_Female, categorical__OnlineSecurity_No","numerical__tenure, categorical__InternetService_Fiber optic, categorical__gender_Male","Continue normal customer engagement and loyalty communication to maintain customer satisfaction. Prioritize addressing the key churn drivers identified: categorical__Contract_Month-to-month, categorical__gender_Female, categorical__OnlineSecurity_No."
2734,0.12885955,Low Risk,20.25,Low Value,Low,"categorical__Contract_Month-to-month, categorical__PaperlessBilling_No, categorical__Partner_No","categorical__OnlineSecurity_No, categorical__PaperlessBilling_Yes, categorical__InternetService_Fiber optic","Continue normal customer engagement and loyalty communication to maintain customer satisfaction. Prioritize addressing the key churn drivers identified: categorical__Contract_Month-to-month, categorical__PaperlessBilling_No, categorical__Partner_No."
2794,0.12735868,Low Risk,56.05,Medium Value,Low,"categorical__Contract_Month-to-month, categorical__gender_Female, categorical__Partner_No","numerical__tenure, categorical__InternetService_Fiber optic, categorical__gender_Male","Continue normal customer engagement and loyalty communication to maintain customer satisfaction. Prioritize addressing the key churn drivers identified: categorical__Contract_Month-to-month, categorical__gender_Female, categorical__Partner_No."
6262,0.124524534,Low Risk,96.75,High Value,Low,"categorical__gender_Female, categorical__InternetService_Fiber optic, categorical__Partner_No","categorical__Contract_Month-to-month, numerical__tenure, categorical__gender_Male","Continue normal customer engagement and loyalty communication to maintain customer satisfaction. Prioritize addressing the key churn drivers identified: categorical__gender_Female, categorical__InternetService_Fiber optic, categorical__Partner_No."
6965,0.12395173,Low Risk,94.2,High Value,Low,"categorical__gender_Female, categorical__Contract_Month-to-month, categorical__InternetService_Fiber optic","numerical__tenure, categorical__OnlineSecurity_No, categorical__gender_Male","Continue normal customer engagement and loyalty communication to maintain customer satisfaction. Prioritize addressing the key churn drivers identified: categorical__gender_Female, categorical__Contract_Month-to-month, categorical__InternetService_Fiber optic."
1143,0.123883694,Low Risk,56.8,Medium Value,Low,"categorical__Contract_Month-to-month, categorical__DeviceProtection_No, categorical__MultipleLines_No","categorical__PaperlessBilling_Yes, categorical__InternetService_Fiber optic, categorical__PaymentMethod_Electronic check","Continue normal customer engagement and loyalty communication to maintain customer satisfaction. Prioritize addressing the key churn drivers identified: categorical__Contract_Month-to-month, categorical__DeviceProtection_No, categorical__MultipleLines_No."
3197,0.123876594,Low Risk,69.5,Medium Value,Low,"categorical__gender_Female, categorical__DeviceProtection_No, categorical__StreamingTV_Yes","categorical__Contract_Month-to-month, categorical__gender_Male, categorical__InternetService_Fiber optic","Continue normal customer engagement and loyalty communication to maintain customer satisfaction. Prioritize addressing the key churn drivers identified: categorical__gender_Female, categorical__DeviceProtection_No, categorical__StreamingTV_Yes."
3443,0.12383306,Low Risk,98.15,High Value,Low,"numerical__MonthlyCharges, numerical__SeniorCitizen, categorical__InternetService_Fiber optic","categorical__Contract_Month-to-month, categorical__OnlineSecurity_No, categorical__PaymentMethod_Credit card (automatic)","Continue normal customer engagement and loyalty communication to maintain customer satisfaction. Prioritize addressing the key churn drivers identified: numerical__MonthlyCharges, numerical__SeniorCitizen, categorical__InternetService_Fiber optic."
4699,0.12319916,Low Risk,106.65,High Value,Low,"numerical__MonthlyCharges, categorical__gender_Female, categorical__InternetService_Fiber optic","categorical__Contract_Month-to-month, categorical__Contract_Two year, categorical__PaperlessBilling_Yes","Continue normal customer engagement and loyalty communication to maintain customer satisfaction. Prioritize addressing the key churn drivers identified: numerical__MonthlyCharges, categorical__gender_Female, categorical__InternetService_Fiber optic."
3157,0.12297059,Low Risk,44.95,Low Value,Low,"categorical__Contract_Month-to-month, categorical__Partner_No, categorical__OnlineSecurity_No","categorical__InternetService_Fiber optic, categorical__PaperlessBilling_Yes, categorical__PaymentMethod_Electronic check","Continue normal customer engagement and loyalty communication to maintain customer satisfaction. Prioritize addressing the key churn drivers identified: categorical__Contract_Month-to-month, categorical__Partner_No, categorical__OnlineSecurity_No."
24,0.122639954,Low Risk,59.6,Medium Value,Low,"categorical__Contract_Month-to-month, categorical__PaperlessBilling_No, categorical__StreamingTV_No","categorical__PaperlessBilling_Yes, categorical__InternetService_Fiber optic, numerical__tenure","Continue normal customer engagement and loyalty communication to maintain customer satisfaction. Prioritize addressing the key churn drivers identified: categorical__Contract_Month-to-month, categorical__PaperlessBilling_No, categorical__StreamingTV_No."
5001,0.122133136,Low Risk,55.0,Medium Value,Low,"categorical__Contract_Month-to-month, categorical__Partner_No, categorical__StreamingTV_No","numerical__tenure, categorical__InternetService_Fiber optic, categorical__PaymentMethod_Electronic check","Continue normal customer engagement and loyalty communication to maintain customer satisfaction. Prioritize addressing the key churn drivers identified: categorical__Contract_Month-to-month, categorical__Partner_No, categorical__StreamingTV_No."
3055,0.12200287,Low Risk,75.2,Medium Value,Low,"categorical__Contract_Month-to-month, categorical__InternetService_Fiber optic, categorical__Partner_No","numerical__TotalCharges, numerical__tenure, categorical__PaymentMethod_Electronic check","Continue normal customer engagement and loyalty communication to maintain customer satisfaction. Prioritize addressing the key churn drivers identified: categorical__Contract_Month-to-month, categorical__InternetService_Fiber optic, categorical__Partner_No."
485,0.121275574,Low Risk,84.5,High Value,Low,"categorical__OnlineSecurity_No, categorical__DeviceProtection_No, categorical__InternetService_Fiber optic","categorical__Contract_Month-to-month, numerical__tenure, categorical__PaymentMethod_Electronic check","Continue normal customer engagement and loyalty communication to maintain customer satisfaction. Prioritize addressing the key churn drivers identified: categorical__OnlineSecurity_No, categorical__DeviceProtection_No, categorical__InternetService_Fiber optic."
2564,0.12043613,Low Risk,82.0,Medium Value,Low,"categorical__Partner_No, categorical__Contract_One year, categorical__MultipleLines_No","categorical__Contract_Month-to-month, categorical__InternetService_Fiber optic, categorical__TechSupport_No","Continue normal customer engagement and loyalty communication to maintain customer satisfaction. Prioritize addressing the key churn drivers identified: categorical__Partner_No, categorical__Contract_One year, categorical__MultipleLines_No."
4859,0.11971359,Low Risk,108.5,High Value,Low,"numerical__MonthlyCharges, categorical__InternetService_Fiber optic, categorical__PaperlessBilling_No","categorical__Contract_Month-to-month, numerical__tenure, categorical__Contract_Two year","Continue normal customer engagement and loyalty communication to maintain customer satisfaction. Prioritize addressing the key churn drivers identified: numerical__MonthlyCharges, categorical__InternetService_Fiber optic, categorical__PaperlessBilling_No."
3678,0.11901583,Low Risk,84.9,High Value,Low,"categorical__Contract_Month-to-month, categorical__StreamingTV_Yes, categorical__PaperlessBilling_No","categorical__InternetService_Fiber optic, categorical__PaperlessBilling_Yes, categorical__OnlineSecurity_No","Continue normal customer engagement and loyalty communication to maintain customer satisfaction. Prioritize addressing the key churn drivers identified: categorical__Contract_Month-to-month, categorical__StreamingTV_Yes, categorical__PaperlessBilling_No."
6149,0.11901019,Low Risk,25.85,Low Value,Low,"numerical__tenure, categorical__gender_Female, categorical__Partner_No","categorical__Contract_Month-to-month, categorical__gender_Male, categorical__PaperlessBilling_Yes","Continue normal customer engagement and loyalty communication to maintain customer satisfaction. Prioritize addressing the key churn drivers identified: numerical__tenure, categorical__gender_Female, categorical__Partner_No."
3094,0.1186638,Low Risk,58.6,Medium Value,Low,"categorical__gender_Female, categorical__Partner_No, categorical__DeviceProtection_No","categorical__Contract_Month-to-month, categorical__gender_Male, categorical__InternetService_Fiber optic","Continue normal customer engagement and loyalty communication to maintain customer satisfaction. Prioritize addressing the key churn drivers identified: categorical__gender_Female, categorical__Partner_No, categorical__DeviceProtection_No."
1380,0.11804292,Low Risk,98.45,High Value,Low,"numerical__MonthlyCharges, categorical__InternetService_Fiber optic, categorical__DeviceProtection_No","numerical__tenure, categorical__Contract_Month-to-month, numerical__TotalCharges","Continue normal customer engagement and loyalty communication to maintain customer satisfaction. Prioritize addressing the key churn drivers identified: numerical__MonthlyCharges, categorical__InternetService_Fiber optic, categorical__DeviceProtection_No."
2985,0.11544812,Low Risk,113.2,High Value,Low,"numerical__MonthlyCharges, categorical__gender_Female, categorical__InternetService_Fiber optic","categorical__Contract_Month-to-month, categorical__Contract_Two year, numerical__TotalCharges","Continue normal customer engagement and loyalty communication to maintain customer satisfaction. Prioritize addressing the key churn drivers identified: numerical__MonthlyCharges, categorical__gender_Female, categorical__InternetService_Fiber optic."
2437,0.11539023,Low Risk,61.4,Medium Value,Low,"categorical__Contract_Month-to-month, categorical__gender_Female, categorical__Partner_No","categorical__OnlineSecurity_No, categorical__InternetService_Fiber optic, categorical__gender_Male","Continue normal customer engagement and loyalty communication to maintain customer satisfaction. Prioritize addressing the key churn drivers identified: categorical__Contract_Month-to-month, categorical__gender_Female, categorical__Partner_No."
3628,0.11480487,Low Risk,69.5,Medium Value,Low,"categorical__Contract_Month-to-month, categorical__Partner_No, categorical__StreamingTV_Yes","categorical__InternetService_Fiber optic, categorical__OnlineSecurity_No, numerical__MonthlyCharges","Continue normal customer engagement and loyalty communication to maintain customer satisfaction. Prioritize addressing the key churn drivers identified: categorical__Contract_Month-to-month, categorical__Partner_No, categorical__StreamingTV_Yes."
791,0.11479128,Low Risk,76.9,Medium Value,Low,"categorical__StreamingTV_No, categorical__StreamingMovies_Yes, categorical__Contract_Two year","categorical__Contract_Month-to-month, categorical__OnlineSecurity_No, categorical__InternetService_Fiber optic","Continue normal customer engagement and loyalty communication to maintain customer satisfaction. Prioritize addressing the key churn drivers identified: categorical__StreamingTV_No, categorical__StreamingMovies_Yes, categorical__Contract_Two year."
6464,0.11460258,Low Risk,70.35,Medium Value,Low,"categorical__Contract_Month-to-month, categorical__Partner_No, numerical__SeniorCitizen","numerical__tenure, numerical__TotalCharges, categorical__InternetService_Fiber optic","Continue normal customer engagement and loyalty communication to maintain customer satisfaction. Prioritize addressing the key churn drivers identified: categorical__Contract_Month-to-month, categorical__Partner_No, numerical__SeniorCitizen."
4022,0.11430538,Low Risk,18.85,Low Value,Low,"categorical__Contract_Month-to-month, categorical__gender_Female, numerical__TotalCharges","numerical__MonthlyCharges, categorical__OnlineSecurity_No, categorical__PaperlessBilling_Yes","Continue normal customer engagement and loyalty communication to maintain customer satisfaction. Prioritize addressing the key churn drivers identified: categorical__Contract_Month-to-month, categorical__gender_Female, numerical__TotalCharges."
1649,0.11417924,Low Risk,56.15,Medium Value,Low,"categorical__gender_Female, categorical__Contract_Month-to-month, categorical__Partner_No","numerical__tenure, categorical__InternetService_Fiber optic, categorical__gender_Male","Continue normal customer engagement and loyalty communication to maintain customer satisfaction. Prioritize addressing the key churn drivers identified: categorical__gender_Female, categorical__Contract_Month-to-month, categorical__Partner_No."
3820,0.11328677,Low Risk,112.9,High Value,Low,"categorical__Contract_Month-to-month, categorical__InternetService_Fiber optic, numerical__TotalCharges","numerical__tenure, categorical__OnlineSecurity_No, categorical__TechSupport_No","Continue normal customer engagement and loyalty communication to maintain customer satisfaction. Prioritize addressing the key churn drivers identified: categorical__Contract_Month-to-month, categorical__InternetService_Fiber optic, numerical__TotalCharges."
6007,0.113138504,Low Risk,54.85,Medium Value,Low,"categorical__Partner_No, categorical__StreamingTV_Yes, categorical__StreamingMovies_Yes","categorical__Contract_Month-to-month, categorical__PaperlessBilling_Yes, categorical__InternetService_Fiber optic","Continue normal customer engagement and loyalty communication to maintain customer satisfaction. Prioritize addressing the key churn drivers identified: categorical__Partner_No, categorical__StreamingTV_Yes, categorical__StreamingMovies_Yes."
5322,0.11311907,Low Risk,81.9,Medium Value,Low,"categorical__gender_Female, categorical__Contract_Month-to-month, categorical__Partner_Yes","numerical__tenure, categorical__InternetService_Fiber optic, categorical__PaperlessBilling_Yes","Continue normal customer engagement and loyalty communication to maintain customer satisfaction. Prioritize addressing the key churn drivers identified: categorical__gender_Female, categorical__Contract_Month-to-month, categorical__Partner_Yes."
1518,0.112404265,Low Risk,20.55,Low Value,Low,"categorical__Contract_Month-to-month, categorical__gender_Female, numerical__tenure","categorical__OnlineSecurity_No, categorical__PaymentMethod_Credit card (automatic), numerical__MonthlyCharges","Continue normal customer engagement and loyalty communication to maintain customer satisfaction. Prioritize addressing the key churn drivers identified: categorical__Contract_Month-to-month, categorical__gender_Female, numerical__tenure."
5847,0.1118097,Low Risk,94.0,High Value,Low,"categorical__gender_Female, categorical__InternetService_Fiber optic, categorical__StreamingMovies_Yes","numerical__tenure, categorical__Contract_Month-to-month, categorical__gender_Male","Continue normal customer engagement and loyalty communication to maintain customer satisfaction. Prioritize addressing the key churn drivers identified: categorical__gender_Female, categorical__InternetService_Fiber optic, categorical__StreamingMovies_Yes."
3403,0.111513674,Low Risk,20.45,Low Value,Low,"categorical__Contract_Month-to-month, categorical__gender_Female, numerical__tenure","categorical__OnlineSecurity_No, categorical__PaymentMethod_Credit card (automatic), numerical__MonthlyCharges","Continue normal customer engagement and loyalty communication to maintain customer satisfaction. Prioritize addressing the key churn drivers identified: categorical__Contract_Month-to-month, categorical__gender_Female, numerical__tenure."
4670,0.11147546,Low Risk,35.05,Low Value,Low,"categorical__Contract_Month-to-month, categorical__gender_Female, categorical__Partner_Yes","categorical__gender_Male, categorical__InternetService_Fiber optic, categorical__PaperlessBilling_Yes","Continue normal customer engagement and loyalty communication to maintain customer satisfaction. Prioritize addressing the key churn drivers identified: categorical__Contract_Month-to-month, categorical__gender_Female, categorical__Partner_Yes."
5016,0.11105175,Low Risk,19.85,Low Value,Low,"categorical__Contract_Month-to-month, categorical__gender_Female, numerical__tenure","categorical__OnlineSecurity_No, categorical__PaymentMethod_Credit card (automatic), numerical__MonthlyCharges","Continue normal customer engagement and loyalty communication to maintain customer satisfaction. Prioritize addressing the key churn drivers identified: categorical__Contract_Month-to-month, categorical__gender_Female, numerical__tenure."
3381,0.10968705,Low Risk,79.85,Medium Value,Low,"categorical__gender_Female, categorical__StreamingTV_Yes, categorical__Partner_No","categorical__Contract_Month-to-month, categorical__InternetService_Fiber optic, categorical__gender_Male","Continue normal customer engagement and loyalty communication to maintain customer satisfaction. Prioritize addressing the key churn drivers identified: categorical__gender_Female, categorical__StreamingTV_Yes, categorical__Partner_No."
3019,0.10957418,Low Risk,55.15,Medium Value,Low,"categorical__Contract_Month-to-month, categorical__gender_Female, categorical__StreamingTV_No","categorical__InternetService_Fiber optic, numerical__tenure, categorical__PaperlessBilling_Yes","Continue normal customer engagement and loyalty communication to maintain customer satisfaction. Prioritize addressing the key churn drivers identified: categorical__Contract_Month-to-month, categorical__gender_Female, categorical__StreamingTV_No."
2764,0.109444335,Low Risk,67.6,Medium Value,Low,"categorical__Contract_Month-to-month, categorical__Partner_Yes, categorical__PaperlessBilling_No","categorical__InternetService_Fiber optic, numerical__tenure, categorical__PaperlessBilling_Yes","Continue normal customer engagement and loyalty communication to maintain customer satisfaction. Prioritize addressing the key churn drivers identified: categorical__Contract_Month-to-month, categorical__Partner_Yes, categorical__PaperlessBilling_No."
6973,0.10926332,Low Risk,94.0,High Value,Low,"categorical__gender_Female, categorical__InternetService_Fiber optic, categorical__OnlineSecurity_No","categorical__Contract_Month-to-month, numerical__TotalCharges, numerical__tenure","Continue normal customer engagement and loyalty communication to maintain customer satisfaction. Prioritize addressing the key churn drivers identified: categorical__gender_Female, categorical__InternetService_Fiber optic, categorical__OnlineSecurity_No."
175,0.1087317,Low Risk,24.7,Low Value,Low,"categorical__Contract_Month-to-month, categorical__gender_Female, categorical__PaperlessBilling_No","numerical__tenure, categorical__OnlineSecurity_No, categorical__PaperlessBilling_Yes","Continue normal customer engagement and loyalty communication to maintain customer satisfaction. Prioritize addressing the key churn drivers identified: categorical__Contract_Month-to-month, categorical__gender_Female, categorical__PaperlessBilling_No."
2005,0.107694246,Low Risk,100.45,High Value,Low,"categorical__InternetService_Fiber optic, categorical__gender_Female, categorical__StreamingMovies_Yes","categorical__Contract_Month-to-month, numerical__tenure, numerical__TotalCharges","Continue normal customer engagement and loyalty communication to maintain customer satisfaction. Prioritize addressing the key churn drivers identified: categorical__InternetService_Fiber optic, categorical__gender_Female, categorical__StreamingMovies_Yes."
6534,0.10750418,Low Risk,96.75,High Value,Low,"categorical__gender_Female, categorical__InternetService_Fiber optic, numerical__MonthlyCharges","categorical__Contract_Month-to-month, numerical__tenure, numerical__TotalCharges","Continue normal customer engagement and loyalty communication to maintain customer satisfaction. Prioritize addressing the key churn drivers identified: categorical__gender_Female, categorical__InternetService_Fiber optic, numerical__MonthlyCharges."
1219,0.10721579,Low Risk,70.45,Medium Value,Low,"categorical__Contract_Month-to-month, categorical__gender_Female, categorical__DeviceProtection_No","numerical__tenure, categorical__PaymentMethod_Electronic check, categorical__InternetService_Fiber optic","Continue normal customer engagement and loyalty communication to maintain customer satisfaction. Prioritize addressing the key churn drivers identified: categorical__Contract_Month-to-month, categorical__gender_Female, categorical__DeviceProtection_No."
3927,0.10615266,Low Risk,20.55,Low Value,Low,"categorical__Contract_Month-to-month, numerical__tenure, categorical__Contract_Two year","categorical__PaymentMethod_Credit card (automatic), categorical__OnlineSecurity_No, numerical__MonthlyCharges","Continue normal customer engagement and loyalty communication to maintain customer satisfaction. Prioritize addressing the key churn drivers identified: categorical__Contract_Month-to-month, numerical__tenure, categorical__Contract_Two year."
5773,0.10578167,Low Risk,60.55,Medium Value,Low,"categorical__Contract_Month-to-month, categorical__gender_Female, categorical__Partner_No","numerical__tenure, categorical__InternetService_Fiber optic, categorical__gender_Male","Continue normal customer engagement and loyalty communication to maintain customer satisfaction. Prioritize addressing the key churn drivers identified: categorical__Contract_Month-to-month, categorical__gender_Female, categorical__Partner_No."
3769,0.10574518,Low Risk,26.2,Low Value,Low,"categorical__Contract_Month-to-month, categorical__gender_Female, categorical__Partner_Yes","categorical__OnlineSecurity_No, categorical__TechSupport_No, numerical__tenure","Continue normal customer engagement and loyalty communication to maintain customer satisfaction. Prioritize addressing the key churn drivers identified: categorical__Contract_Month-to-month, categorical__gender_Female, categorical__Partner_Yes."
250,0.10529278,Low Risk,93.5,High Value,Low,"categorical__gender_Female, categorical__InternetService_Fiber optic, categorical__PaymentMethod_Electronic check","categorical__Contract_Month-to-month, categorical__gender_Male, numerical__tenure","Continue normal customer engagement and loyalty communication to maintain customer satisfaction. Prioritize addressing the key churn drivers identified: categorical__gender_Female, categorical__InternetService_Fiber optic, categorical__PaymentMethod_Electronic check."
4861,0.105197676,Low Risk,58.95,Medium Value,Low,"categorical__gender_Female, categorical__DeviceProtection_No, categorical__StreamingTV_No","categorical__Contract_Month-to-month, categorical__gender_Male, categorical__InternetService_Fiber optic","Continue normal customer engagement and loyalty communication to maintain customer satisfaction. Prioritize addressing the key churn drivers identified: categorical__gender_Female, categorical__DeviceProtection_No, categorical__StreamingTV_No."
800,0.10452536,Low Risk,75.65,Medium Value,Low,"categorical__gender_Female, categorical__StreamingTV_No, categorical__DeviceProtection_No","categorical__Contract_Month-to-month, numerical__tenure, categorical__Contract_Two year","Continue normal customer engagement and loyalty communication to maintain customer satisfaction. Prioritize addressing the key churn drivers identified: categorical__gender_Female, categorical__StreamingTV_No, categorical__DeviceProtection_No."
1351,0.104492,Low Risk,20.45,Low Value,Low,"categorical__Contract_Month-to-month, categorical__Partner_Yes, categorical__Contract_Two year","categorical__OnlineSecurity_No, categorical__InternetService_Fiber optic, categorical__TechSupport_No","Continue normal customer engagement and loyalty communication to maintain customer satisfaction. Prioritize addressing the key churn drivers identified: categorical__Contract_Month-to-month, categorical__Partner_Yes, categorical__Contract_Two year."
5208,0.10402699,Low Risk,59.45,Medium Value,Low,"categorical__Contract_Month-to-month, categorical__gender_Female, categorical__PaperlessBilling_No","categorical__InternetService_Fiber optic, categorical__PaperlessBilling_Yes, categorical__OnlineSecurity_No","Continue normal customer engagement and loyalty communication to maintain customer satisfaction. Prioritize addressing the key churn drivers identified: categorical__Contract_Month-to-month, categorical__gender_Female, categorical__PaperlessBilling_No."
4430,0.10329824,Low Risk,61.4,Medium Value,Low,"categorical__gender_Female, categorical__Contract_Month-to-month, categorical__PaperlessBilling_No","numerical__tenure, categorical__InternetService_Fiber optic, categorical__PaperlessBilling_Yes","Continue normal customer engagement and loyalty communication to maintain customer satisfaction. Prioritize addressing the key churn drivers identified: categorical__gender_Female, categorical__Contract_Month-to-month, categorical__PaperlessBilling_No."
6061,0.102808364,Low Risk,49.5,Low Value,Low,"categorical__Contract_Month-to-month, categorical__gender_Female, categorical__Partner_No","numerical__tenure, categorical__InternetService_Fiber optic, categorical__PaymentMethod_Electronic check","Continue normal customer engagement and loyalty communication to maintain customer satisfaction. Prioritize addressing the key churn drivers identified: categorical__Contract_Month-to-month, categorical__gender_Female, categorical__Partner_No."
6689,0.10194261,Low Risk,112.35,High Value,Low,"categorical__gender_Female, categorical__InternetService_Fiber optic, categorical__StreamingMovies_Yes","categorical__Contract_Month-to-month, numerical__tenure, categorical__gender_Male","Continue normal customer engagement and loyalty communication to maintain customer satisfaction. Prioritize addressing the key churn drivers identified: categorical__gender_Female, categorical__InternetService_Fiber optic, categorical__StreamingMovies_Yes."
5073,0.101128496,Low Risk,49.45,Low Value,Low,"categorical__gender_Female, categorical__Partner_No, categorical__StreamingMovies_Yes","categorical__Contract_Month-to-month, categorical__gender_Male, categorical__InternetService_Fiber optic","Continue normal customer engagement and loyalty communication to maintain customer satisfaction. Prioritize addressing the key churn drivers identified: categorical__gender_Female, categorical__Partner_No, categorical__StreamingMovies_Yes."
4511,0.10078207,Low Risk,80.85,Medium Value,Low,"categorical__Contract_One year, categorical__StreamingTV_Yes, categorical__Partner_No","categorical__Contract_Month-to-month, categorical__InternetService_Fiber optic, categorical__PaperlessBilling_Yes","Continue normal customer engagement and loyalty communication to maintain customer satisfaction. Prioritize addressing the key churn drivers identified: categorical__Contract_One year, categorical__StreamingTV_Yes, categorical__Partner_No."
6847,0.10034335,Low Risk,55.95,Medium Value,Low,"categorical__Contract_Month-to-month, categorical__gender_Female, categorical__DeviceProtection_No","numerical__tenure, categorical__InternetService_Fiber optic, categorical__PaymentMethod_Electronic check","Continue normal customer engagement and loyalty communication to maintain customer satisfaction. Prioritize addressing the key churn drivers identified: categorical__Contract_Month-to-month, categorical__gender_Female, categorical__DeviceProtection_No."
6523,0.100072205,Low Risk,45.9,Low Value,Low,"categorical__gender_Female, categorical__PaperlessBilling_No, categorical__StreamingTV_No","categorical__Contract_Month-to-month, categorical__PaperlessBilling_Yes, categorical__gender_Male","Continue normal customer engagement and loyalty communication to maintain customer satisfaction. Prioritize addressing the key churn drivers identified: categorical__gender_Female, categorical__PaperlessBilling_No, categorical__StreamingTV_No."
4655,0.099820435,Low Risk,74.75,Medium Value,Low,"categorical__gender_Female, categorical__StreamingMovies_Yes, categorical__Partner_No","categorical__Contract_Month-to-month, categorical__PaperlessBilling_Yes, categorical__InternetService_Fiber optic","Continue normal customer engagement and loyalty communication to maintain customer satisfaction. Prioritize addressing the key churn drivers identified: categorical__gender_Female, categorical__StreamingMovies_Yes, categorical__Partner_No."
6291,0.09978314,Low Risk,79.85,Medium Value,Low,"categorical__gender_Female, categorical__PaperlessBilling_No, categorical__StreamingTV_No","categorical__Contract_Month-to-month, numerical__tenure, categorical__PaperlessBilling_Yes","Continue normal customer engagement and loyalty communication to maintain customer satisfaction. Prioritize addressing the key churn drivers identified: categorical__gender_Female, categorical__PaperlessBilling_No, categorical__StreamingTV_No."
4235,0.099002235,Low Risk,95.65,High Value,Low,"categorical__gender_Female, categorical__PaperlessBilling_No, categorical__InternetService_Fiber optic","categorical__Contract_Month-to-month, numerical__tenure, categorical__PaperlessBilling_Yes","Continue normal customer engagement and loyalty communication to maintain customer satisfaction. Prioritize addressing the key churn drivers identified: categorical__gender_Female, categorical__PaperlessBilling_No, categorical__InternetService_Fiber optic."
5108,0.09845972,Low Risk,49.7,Low Value,Low,"categorical__Contract_Month-to-month, categorical__gender_Female, categorical__Partner_No","categorical__PaymentMethod_Electronic check, numerical__tenure, categorical__InternetService_Fiber optic","Continue normal customer engagement and loyalty communication to maintain customer satisfaction. Prioritize addressing the key churn drivers identified: categorical__Contract_Month-to-month, categorical__gender_Female, categorical__Partner_No."
6078,0.09800842,Low Risk,90.15,High Value,Low,"categorical__gender_Female, categorical__Contract_One year, categorical__StreamingTV_Yes","categorical__Contract_Month-to-month, categorical__InternetService_Fiber optic, numerical__tenure","Continue normal customer engagement and loyalty communication to maintain customer satisfaction. Prioritize addressing the key churn drivers identified: categorical__gender_Female, categorical__Contract_One year, categorical__StreamingTV_Yes."
2763,0.097861625,Low Risk,81.05,Medium Value,Low,"categorical__Contract_Month-to-month, categorical__PaymentMethod_Electronic check, categorical__InternetService_Fiber optic","numerical__tenure, categorical__OnlineSecurity_No, categorical__PaperlessBilling_Yes","Continue normal customer engagement and loyalty communication to maintain customer satisfaction. Prioritize addressing the key churn drivers identified: categorical__Contract_Month-to-month, categorical__PaymentMethod_Electronic check, categorical__InternetService_Fiber optic."
510,0.0974209,Low Risk,94.3,High Value,Low,"categorical__InternetService_Fiber optic, categorical__PaperlessBilling_No, categorical__StreamingTV_No","categorical__Contract_Month-to-month, categorical__PaperlessBilling_Yes, categorical__StreamingTV_Yes","Continue normal customer engagement and loyalty communication to maintain customer satisfaction. Prioritize addressing the key churn drivers identified: categorical__InternetService_Fiber optic, categorical__PaperlessBilling_No, categorical__StreamingTV_No."
6902,0.09741098,Low Risk,68.45,Medium Value,Low,"categorical__gender_Female, categorical__StreamingTV_No, categorical__Partner_Yes","categorical__Contract_Month-to-month, numerical__tenure, categorical__gender_Male","Continue normal customer engagement and loyalty communication to maintain customer satisfaction. Prioritize addressing the key churn drivers identified: categorical__gender_Female, categorical__StreamingTV_No, categorical__Partner_Yes."
2610,0.09677744,Low Risk,30.1,Low Value,Low,"categorical__Contract_Month-to-month, categorical__gender_Female, categorical__Partner_No","numerical__tenure, categorical__PaymentMethod_Electronic check, categorical__InternetService_Fiber optic","Continue normal customer engagement and loyalty communication to maintain customer satisfaction. Prioritize addressing the key churn drivers identified: categorical__Contract_Month-to-month, categorical__gender_Female, categorical__Partner_No."
3717,0.09636191,Low Risk,48.95,Low Value,Low,"categorical__Contract_Month-to-month, categorical__Partner_No, numerical__MonthlyCharges","numerical__tenure, categorical__PaymentMethod_Electronic check, categorical__PaperlessBilling_Yes","Continue normal customer engagement and loyalty communication to maintain customer satisfaction. Prioritize addressing the key churn drivers identified: categorical__Contract_Month-to-month, categorical__Partner_No, numerical__MonthlyCharges."
5148,0.096297964,Low Risk,99.35,High Value,Low,"categorical__InternetService_Fiber optic, numerical__MonthlyCharges, categorical__PaymentMethod_Electronic check","categorical__Contract_Month-to-month, numerical__tenure, categorical__Contract_Two year","Continue normal customer engagement and loyalty communication to maintain customer satisfaction. Prioritize addressing the key churn drivers identified: categorical__InternetService_Fiber optic, numerical__MonthlyCharges, categorical__PaymentMethod_Electronic check."
3636,0.09547064,Low Risk,19.7,Low Value,Low,"categorical__Contract_Month-to-month, categorical__gender_Female, categorical__PaperlessBilling_No","categorical__PaymentMethod_Credit card (automatic), categorical__OnlineSecurity_No, categorical__InternetService_Fiber optic","Continue normal customer engagement and loyalty communication to maintain customer satisfaction. Prioritize addressing the key churn drivers identified: categorical__Contract_Month-to-month, categorical__gender_Female, categorical__PaperlessBilling_No."
3712,0.09535878,Low Risk,65.4,Medium Value,Low,"categorical__PaperlessBilling_No, categorical__Partner_No, numerical__TotalCharges","categorical__Contract_Month-to-month, categorical__PaperlessBilling_Yes, categorical__InternetService_Fiber optic","Continue normal customer engagement and loyalty communication to maintain customer satisfaction. Prioritize addressing the key churn drivers identified: categorical__PaperlessBilling_No, categorical__Partner_No, numerical__TotalCharges."
3844,0.09509148,Low Risk,85.95,High Value,Low,"categorical__gender_Female, categorical__Partner_No, categorical__StreamingTV_Yes","categorical__Contract_Month-to-month, numerical__tenure, categorical__InternetService_Fiber optic","Continue normal customer engagement and loyalty communication to maintain customer satisfaction. Prioritize addressing the key churn drivers identified: categorical__gender_Female, categorical__Partner_No, categorical__StreamingTV_Yes."
2909,0.0950493,Low Risk,55.45,Medium Value,Low,"categorical__gender_Female, numerical__TotalCharges, categorical__Partner_No","categorical__Contract_Month-to-month, categorical__gender_Male, categorical__PaperlessBilling_Yes","Continue normal customer engagement and loyalty communication to maintain customer satisfaction. Prioritize addressing the key churn drivers identified: categorical__gender_Female, numerical__TotalCharges, categorical__Partner_No."
4672,0.09486146,Low Risk,44.0,Low Value,Low,"categorical__Contract_Month-to-month, categorical__OnlineSecurity_No, categorical__Partner_No","categorical__InternetService_Fiber optic, categorical__PaperlessBilling_Yes, categorical__PaymentMethod_Electronic check","Continue normal customer engagement and loyalty communication to maintain customer satisfaction. Prioritize addressing the key churn drivers identified: categorical__Contract_Month-to-month, categorical__OnlineSecurity_No, categorical__Partner_No."
3670,0.09433661,Low Risk,24.25,Low Value,Low,"categorical__Contract_Month-to-month, categorical__gender_Female, categorical__PaperlessBilling_No","numerical__tenure, categorical__InternetService_Fiber optic, categorical__PaperlessBilling_Yes","Continue normal customer engagement and loyalty communication to maintain customer satisfaction. Prioritize addressing the key churn drivers identified: categorical__Contract_Month-to-month, categorical__gender_Female, categorical__PaperlessBilling_No."
3903,0.094108105,Low Risk,80.6,Medium Value,Low,"categorical__Contract_Month-to-month, categorical__InternetService_Fiber optic, categorical__Partner_No","numerical__tenure, numerical__TotalCharges, categorical__TechSupport_No","Continue normal customer engagement and loyalty communication to maintain customer satisfaction. Prioritize addressing the key churn drivers identified: categorical__Contract_Month-to-month, categorical__InternetService_Fiber optic, categorical__Partner_No."
3316,0.09399822,Low Risk,47.85,Low Value,Low,"categorical__gender_Female, categorical__PaperlessBilling_No, categorical__Partner_Yes","categorical__Contract_Month-to-month, categorical__gender_Male, categorical__PaperlessBilling_Yes","Continue normal customer engagement and loyalty communication to maintain customer satisfaction. Prioritize addressing the key churn drivers identified: categorical__gender_Female, categorical__PaperlessBilling_No, categorical__Partner_Yes."
5291,0.09382604,Low Risk,86.45,High Value,Low,"categorical__gender_Female, categorical__InternetService_Fiber optic, categorical__StreamingTV_No","categorical__Contract_Month-to-month, numerical__tenure, categorical__PaperlessBilling_Yes","Continue normal customer engagement and loyalty communication to maintain customer satisfaction. Prioritize addressing the key churn drivers identified: categorical__gender_Female, categorical__InternetService_Fiber optic, categorical__StreamingTV_No."
6564,0.092683606,Low Risk,20.05,Low Value,Low,"categorical__Contract_Month-to-month, numerical__tenure, categorical__Partner_No","categorical__PaymentMethod_Credit card (automatic), categorical__OnlineSecurity_No, categorical__PaperlessBilling_Yes","Continue normal customer engagement and loyalty communication to maintain customer satisfaction. Prioritize addressing the key churn drivers identified: categorical__Contract_Month-to-month, numerical__tenure, categorical__Partner_No."
3398,0.09246322,Low Risk,100.7,High Value,Low,"categorical__gender_Female, categorical__InternetService_Fiber optic, categorical__StreamingTV_No","numerical__tenure, categorical__Contract_Month-to-month, categorical__OnlineSecurity_No","Continue normal customer engagement and loyalty communication to maintain customer satisfaction. Prioritize addressing the key churn drivers identified: categorical__gender_Female, categorical__InternetService_Fiber optic, categorical__StreamingTV_No."
618,0.092292346,Low Risk,87.55,High Value,Low,"categorical__gender_Female, categorical__Contract_Month-to-month, categorical__InternetService_Fiber optic","numerical__tenure, categorical__gender_Male, categorical__OnlineSecurity_No","Continue normal customer engagement and loyalty communication to maintain customer satisfaction. Prioritize addressing the key churn drivers identified: categorical__gender_Female, categorical__Contract_Month-to-month, categorical__InternetService_Fiber optic."
4140,0.091172814,Low Risk,99.9,High Value,Low,"categorical__gender_Female, categorical__InternetService_Fiber optic, numerical__MonthlyCharges","numerical__tenure, categorical__Contract_Month-to-month, categorical__gender_Male","Continue normal customer engagement and loyalty communication to maintain customer satisfaction. Prioritize addressing the key churn drivers identified: categorical__gender_Female, categorical__InternetService_Fiber optic, numerical__MonthlyCharges."
2905,0.09107606,Low Risk,79.2,Medium Value,Low,"categorical__gender_Female, categorical__InternetService_Fiber optic, categorical__StreamingTV_No","categorical__Contract_Month-to-month, categorical__PaperlessBilling_Yes, numerical__tenure","Continue normal customer engagement and loyalty communication to maintain customer satisfaction. Prioritize addressing the key churn drivers identified: categorical__gender_Female, categorical__InternetService_Fiber optic, categorical__StreamingTV_No."
1740,0.09030496,Low Risk,20.4,Low Value,Low,"categorical__Contract_Month-to-month, categorical__Partner_Yes, categorical__Contract_Two year","categorical__OnlineSecurity_No, numerical__tenure, categorical__InternetService_Fiber optic","Continue normal customer engagement and loyalty communication to maintain customer satisfaction. Prioritize addressing the key churn drivers identified: categorical__Contract_Month-to-month, categorical__Partner_Yes, categorical__Contract_Two year."
6985,0.09025574,Low Risk,40.2,Low Value,Low,"categorical__PaymentMethod_Electronic check, categorical__StreamingTV_No, categorical__Partner_Yes","categorical__Contract_Month-to-month, numerical__tenure, categorical__OnlineSecurity_No","Continue normal customer engagement and loyalty communication to maintain customer satisfaction. Prioritize addressing the key churn drivers identified: categorical__PaymentMethod_Electronic check, categorical__StreamingTV_No, categorical__Partner_Yes."
342,0.08987804,Low Risk,67.45,Medium Value,Low,"categorical__Contract_Month-to-month, categorical__gender_Female, categorical__Partner_Yes","numerical__tenure, categorical__gender_Male, categorical__OnlineSecurity_No","Continue normal customer engagement and loyalty communication to maintain customer satisfaction. Prioritize addressing the key churn drivers identified: categorical__Contract_Month-to-month, categorical__gender_Female, categorical__Partner_Yes."
4193,0.089543335,Low Risk,19.75,Low Value,Low,"categorical__Contract_Month-to-month, categorical__PaperlessBilling_No, categorical__Partner_No","categorical__PaymentMethod_Credit card (automatic), categorical__OnlineSecurity_No, categorical__PaperlessBilling_Yes","Continue normal customer engagement and loyalty communication to maintain customer satisfaction. Prioritize addressing the key churn drivers identified: categorical__Contract_Month-to-month, categorical__PaperlessBilling_No, categorical__Partner_No."
3105,0.08944397,Low Risk,49.15,Low Value,Low,"categorical__Contract_Month-to-month, categorical__Partner_No, categorical__DeviceProtection_No","numerical__tenure, categorical__PaperlessBilling_Yes, categorical__InternetService_Fiber optic","Continue normal customer engagement and loyalty communication to maintain customer satisfaction. Prioritize addressing the key churn drivers identified: categorical__Contract_Month-to-month, categorical__Partner_No, categorical__DeviceProtection_No."
2141,0.089393444,Low Risk,20.15,Low Value,Low,"categorical__Contract_Month-to-month, categorical__PaperlessBilling_No, categorical__Partner_Yes","categorical__OnlineSecurity_No, categorical__PaperlessBilling_Yes, categorical__InternetService_Fiber optic","Continue normal customer engagement and loyalty communication to maintain customer satisfaction. Prioritize addressing the key churn drivers identified: categorical__Contract_Month-to-month, categorical__PaperlessBilling_No, categorical__Partner_Yes."
6307,0.08839192,Low Risk,19.9,Low Value,Low,"categorical__Contract_Month-to-month, categorical__gender_Female, categorical__Partner_No","numerical__tenure, categorical__gender_Male, categorical__PaperlessBilling_Yes","Continue normal customer engagement and loyalty communication to maintain customer satisfaction. Prioritize addressing the key churn drivers identified: categorical__Contract_Month-to-month, categorical__gender_Female, categorical__Partner_No."
5530,0.08812996,Low Risk,92.15,High Value,Low,"categorical__gender_Female, categorical__InternetService_Fiber optic, categorical__OnlineSecurity_No","categorical__Contract_Month-to-month, numerical__tenure, categorical__gender_Male","Continue normal customer engagement and loyalty communication to maintain customer satisfaction. Prioritize addressing the key churn drivers identified: categorical__gender_Female, categorical__InternetService_Fiber optic, categorical__OnlineSecurity_No."
1448,0.08740729,Low Risk,20.85,Low Value,Low,"categorical__Contract_Month-to-month, categorical__Partner_No, categorical__PaperlessBilling_No","categorical__PaperlessBilling_Yes, categorical__OnlineSecurity_No, numerical__tenure","Continue normal customer engagement and loyalty communication to maintain customer satisfaction. Prioritize addressing the key churn drivers identified: categorical__Contract_Month-to-month, categorical__Partner_No, categorical__PaperlessBilling_No."
6996,0.0872673,Low Risk,66.5,Medium Value,Low,"categorical__gender_Female, categorical__DeviceProtection_No, categorical__StreamingTV_No","categorical__Contract_Month-to-month, categorical__gender_Male, categorical__InternetService_Fiber optic","Continue normal customer engagement and loyalty communication to maintain customer satisfaction. Prioritize addressing the key churn drivers identified: categorical__gender_Female, categorical__DeviceProtection_No, categorical__StreamingTV_No."
2489,0.08678022,Low Risk,78.45,Medium Value,Low,"categorical__gender_Female, categorical__StreamingTV_No, categorical__Partner_Yes","categorical__Contract_Month-to-month, categorical__InternetService_Fiber optic, categorical__gender_Male","Continue normal customer engagement and loyalty communication to maintain customer satisfaction. Prioritize addressing the key churn drivers identified: categorical__gender_Female, categorical__StreamingTV_No, categorical__Partner_Yes."
1117,0.08646343,Low Risk,89.45,High Value,Low,"categorical__InternetService_Fiber optic, categorical__Partner_No, categorical__StreamingTV_No","categorical__Contract_Month-to-month, numerical__tenure, categorical__Contract_Two year","Continue normal customer engagement and loyalty communication to maintain customer satisfaction. Prioritize addressing the key churn drivers identified: categorical__InternetService_Fiber optic, categorical__Partner_No, categorical__StreamingTV_No."
2691,0.08639999,Low Risk,59.1,Medium Value,Low,"categorical__gender_Female, numerical__tenure, categorical__Partner_No","categorical__Contract_Month-to-month, categorical__gender_Male, numerical__MonthlyCharges","Continue normal customer engagement and loyalty communication to maintain customer satisfaction. Prioritize addressing the key churn drivers identified: categorical__gender_Female, numerical__tenure, categorical__Partner_No."
6218,0.08608716,Low Risk,58.4,Medium Value,Low,"categorical__gender_Female, categorical__StreamingMovies_Yes, categorical__MultipleLines_No","categorical__Contract_Month-to-month, categorical__gender_Male, numerical__tenure","Continue normal customer engagement and loyalty communication to maintain customer satisfaction. Prioritize addressing the key churn drivers identified: categorical__gender_Female, categorical__StreamingMovies_Yes, categorical__MultipleLines_No."
4734,0.08572641,Low Risk,80.0,Medium Value,Low,"categorical__PaperlessBilling_No, numerical__TotalCharges, categorical__Partner_Yes","categorical__Contract_Month-to-month, categorical__PaperlessBilling_Yes, categorical__InternetService_Fiber optic","Continue normal customer engagement and loyalty communication to maintain customer satisfaction. Prioritize addressing the key churn drivers identified: categorical__PaperlessBilling_No, numerical__TotalCharges, categorical__Partner_Yes."
2967,0.08548113,Low Risk,113.75,High Value,Low,"categorical__InternetService_Fiber optic, categorical__PaperlessBilling_No, categorical__StreamingTV_Yes","categorical__Contract_Month-to-month, categorical__Contract_Two year, categorical__PaperlessBilling_Yes","Continue normal customer engagement and loyalty communication to maintain customer satisfaction. Prioritize addressing the key churn drivers identified: categorical__InternetService_Fiber optic, categorical__PaperlessBilling_No, categorical__StreamingTV_Yes."
5581,0.08541952,Low Risk,113.15,High Value,Low,"categorical__InternetService_Fiber optic, numerical__TotalCharges, categorical__Partner_Yes","categorical__Contract_Month-to-month, categorical__Contract_Two year, categorical__OnlineSecurity_No","Continue normal customer engagement and loyalty communication to maintain customer satisfaction. Prioritize addressing the key churn drivers identified: categorical__InternetService_Fiber optic, numerical__TotalCharges, categorical__Partner_Yes."
6197,0.085311025,Low Risk,51.5,Medium Value,Low,"categorical__Contract_Month-to-month, categorical__Partner_No, categorical__DeviceProtection_No","categorical__InternetService_Fiber optic, categorical__PaperlessBilling_Yes, categorical__PaymentMethod_Electronic check","Continue normal customer engagement and loyalty communication to maintain customer satisfaction. Prioritize addressing the key churn drivers identified: categorical__Contract_Month-to-month, categorical__Partner_No, categorical__DeviceProtection_No."
4167,0.08456266,Low Risk,75.7,Medium Value,Low,"categorical__gender_Female, categorical__StreamingMovies_Yes, categorical__StreamingTV_Yes","categorical__Contract_Month-to-month, numerical__tenure, categorical__PaperlessBilling_Yes","Continue normal customer engagement and loyalty communication to maintain customer satisfaction. Prioritize addressing the key churn drivers identified: categorical__gender_Female, categorical__StreamingMovies_Yes, categorical__StreamingTV_Yes."
2201,0.084178545,Low Risk,85.85,High Value,Low,"categorical__gender_Female, categorical__PaperlessBilling_No, categorical__StreamingTV_Yes","categorical__Contract_Month-to-month, categorical__PaperlessBilling_Yes, categorical__InternetService_Fiber optic","Continue normal customer engagement and loyalty communication to maintain customer satisfaction. Prioritize addressing the key churn drivers identified: categorical__gender_Female, categorical__PaperlessBilling_No, categorical__StreamingTV_Yes."
6617,0.082888104,Low Risk,83.45,High Value,Low,"categorical__gender_Female, categorical__StreamingMovies_Yes, categorical__Contract_Two year","categorical__Contract_Month-to-month, numerical__TotalCharges, categorical__InternetService_Fiber optic","Continue normal customer engagement and loyalty communication to maintain customer satisfaction. Prioritize addressing the key churn drivers identified: categorical__gender_Female, categorical__StreamingMovies_Yes, categorical__Contract_Two year."
3728,0.08173301,Low Risk,88.8,High Value,Low,"categorical__StreamingMovies_Yes, categorical__StreamingTV_Yes, categorical__Contract_One year","categorical__Contract_Month-to-month, numerical__tenure, categorical__InternetService_Fiber optic","Continue normal customer engagement and loyalty communication to maintain customer satisfaction. Prioritize addressing the key churn drivers identified: categorical__StreamingMovies_Yes, categorical__StreamingTV_Yes, categorical__Contract_One year."
4750,0.08163522,Low Risk,39.55,Low Value,Low,"categorical__StreamingTV_No, categorical__Partner_No, categorical__PaperlessBilling_No","categorical__Contract_Month-to-month, categorical__PaperlessBilling_Yes, categorical__OnlineSecurity_No","Continue normal customer engagement and loyalty communication to maintain customer satisfaction. Prioritize addressing the key churn drivers identified: categorical__StreamingTV_No, categorical__Partner_No, categorical__PaperlessBilling_No."
1062,0.08162707,Low Risk,50.2,Medium Value,Low,"categorical__Contract_Month-to-month, categorical__gender_Female, categorical__DeviceProtection_No","numerical__tenure, categorical__InternetService_Fiber optic, categorical__gender_Male","Continue normal customer engagement and loyalty communication to maintain customer satisfaction. Prioritize addressing the key churn drivers identified: categorical__Contract_Month-to-month, categorical__gender_Female, categorical__DeviceProtection_No."
503,0.08150778,Low Risk,84.05,High Value,Low,"categorical__Contract_Month-to-month, categorical__gender_Female, categorical__InternetService_Fiber optic","numerical__tenure, numerical__TotalCharges, categorical__OnlineSecurity_No","Continue normal customer engagement and loyalty communication to maintain customer satisfaction. Prioritize addressing the key churn drivers identified: categorical__Contract_Month-to-month, categorical__gender_Female, categorical__InternetService_Fiber optic."
2256,0.081097566,Low Risk,65.6,Medium Value,Low,"categorical__gender_Female, categorical__PaperlessBilling_No, categorical__StreamingTV_No","categorical__Contract_Month-to-month, categorical__PaperlessBilling_Yes, categorical__gender_Male","Continue normal customer engagement and loyalty communication to maintain customer satisfaction. Prioritize addressing the key churn drivers identified: categorical__gender_Female, categorical__PaperlessBilling_No, categorical__StreamingTV_No."
1127,0.08014721,Low Risk,66.25,Medium Value,Low,"categorical__gender_Female, categorical__StreamingTV_No, categorical__Partner_Yes","categorical__Contract_Month-to-month, categorical__gender_Male, categorical__StreamingTV_Yes","Continue normal customer engagement and loyalty communication to maintain customer satisfaction. Prioritize addressing the key churn drivers identified: categorical__gender_Female, categorical__StreamingTV_No, categorical__Partner_Yes."
4069,0.080139056,Low Risk,99.55,High Value,Low,"categorical__InternetService_Fiber optic, numerical__MonthlyCharges, categorical__DeviceProtection_No","categorical__Contract_Month-to-month, numerical__tenure, categorical__Contract_Two year","Continue normal customer engagement and loyalty communication to maintain customer satisfaction. Prioritize addressing the key churn drivers identified: categorical__InternetService_Fiber optic, numerical__MonthlyCharges, categorical__DeviceProtection_No."
4853,0.0798367,Low Risk,94.45,High Value,Low,"categorical__gender_Female, categorical__InternetService_Fiber optic, categorical__StreamingTV_No","categorical__Contract_Month-to-month, numerical__TotalCharges, numerical__tenure","Continue normal customer engagement and loyalty communication to maintain customer satisfaction. Prioritize addressing the key churn drivers identified: categorical__gender_Female, categorical__InternetService_Fiber optic, categorical__StreamingTV_No."
907,0.07981184,Low Risk,65.35,Medium Value,Low,"categorical__Contract_One year, categorical__Partner_No, categorical__DeviceProtection_No","categorical__Contract_Month-to-month, categorical__StreamingTV_Yes, categorical__InternetService_Fiber optic","Continue normal customer engagement and loyalty communication to maintain customer satisfaction. Prioritize addressing the key churn drivers identified: categorical__Contract_One year, categorical__Partner_No, categorical__DeviceProtection_No."
4937,0.079719774,Low Risk,76.35,Medium Value,Low,"categorical__gender_Female, categorical__Partner_No, numerical__TotalCharges","categorical__Contract_Month-to-month, categorical__gender_Male, categorical__InternetService_Fiber optic","Continue normal customer engagement and loyalty communication to maintain customer satisfaction. Prioritize addressing the key churn drivers identified: categorical__gender_Female, categorical__Partner_No, numerical__TotalCharges."
6744,0.079562165,Low Risk,101.35,High Value,Low,"categorical__InternetService_Fiber optic, categorical__Partner_No, categorical__PaperlessBilling_No","categorical__Contract_Month-to-month, numerical__tenure, categorical__PaperlessBilling_Yes","Continue normal customer engagement and loyalty communication to maintain customer satisfaction. Prioritize addressing the key churn drivers identified: categorical__InternetService_Fiber optic, categorical__Partner_No, categorical__PaperlessBilling_No."
2511,0.07937159,Low Risk,90.1,High Value,Low,"categorical__InternetService_Fiber optic, categorical__Partner_Yes, categorical__PaperlessBilling_No","categorical__Contract_Month-to-month, numerical__tenure, categorical__PaperlessBilling_Yes","Continue normal customer engagement and loyalty communication to maintain customer satisfaction. Prioritize addressing the key churn drivers identified: categorical__InternetService_Fiber optic, categorical__Partner_Yes, categorical__PaperlessBilling_No."
6354,0.078516826,Low Risk,93.7,High Value,Low,"categorical__gender_Female, categorical__InternetService_Fiber optic, categorical__PaperlessBilling_No","numerical__tenure, categorical__Contract_Month-to-month, categorical__PaperlessBilling_Yes","Continue normal customer engagement and loyalty communication to maintain customer satisfaction. Prioritize addressing the key churn drivers identified: categorical__gender_Female, categorical__InternetService_Fiber optic, categorical__PaperlessBilling_No."
2508,0.077920064,Low Risk,110.5,High Value,Low,"numerical__MonthlyCharges, categorical__InternetService_Fiber optic, categorical__gender_Female","numerical__tenure, categorical__Contract_Month-to-month, categorical__gender_Male","Continue normal customer engagement and loyalty communication to maintain customer satisfaction. Prioritize addressing the key churn drivers identified: numerical__MonthlyCharges, categorical__InternetService_Fiber optic, categorical__gender_Female."
4770,0.077376574,Low Risk,19.7,Low Value,Low,"categorical__gender_Female, numerical__MonthlyCharges, numerical__tenure","categorical__Contract_Month-to-month, categorical__PaperlessBilling_Yes, categorical__OnlineSecurity_No","Continue normal customer engagement and loyalty communication to maintain customer satisfaction. Prioritize addressing the key churn drivers identified: categorical__gender_Female, numerical__MonthlyCharges, numerical__tenure."
5625,0.07705465,Low Risk,20.55,Low Value,Low,"categorical__Contract_Month-to-month, categorical__gender_Female, categorical__Partner_No","categorical__OnlineSecurity_No, categorical__TechSupport_No, numerical__tenure","Continue normal customer engagement and loyalty communication to maintain customer satisfaction. Prioritize addressing the key churn drivers identified: categorical__Contract_Month-to-month, categorical__gender_Female, categorical__Partner_No."
1882,0.07705376,Low Risk,60.2,Medium Value,Low,"categorical__Contract_Month-to-month, categorical__DeviceProtection_No, categorical__Partner_Yes","numerical__tenure, categorical__InternetService_Fiber optic, categorical__OnlineSecurity_No","Continue normal customer engagement and loyalty communication to maintain customer satisfaction. Prioritize addressing the key churn drivers identified: categorical__Contract_Month-to-month, categorical__DeviceProtection_No, categorical__Partner_Yes."
2237,0.0768628,Low Risk,45.85,Low Value,Low,"categorical__Contract_One year, categorical__StreamingTV_No, categorical__MultipleLines_No","categorical__Contract_Month-to-month, numerical__tenure, categorical__InternetService_Fiber optic","Continue normal customer engagement and loyalty communication to maintain customer satisfaction. Prioritize addressing the key churn drivers identified: categorical__Contract_One year, categorical__StreamingTV_No, categorical__MultipleLines_No."
6665,0.076705545,Low Risk,29.3,Low Value,Low,"categorical__Contract_Month-to-month, categorical__DeviceProtection_No, categorical__Partner_Yes","categorical__PaperlessBilling_Yes, categorical__InternetService_Fiber optic, categorical__PaymentMethod_Electronic check","Continue normal customer engagement and loyalty communication to maintain customer satisfaction. Prioritize addressing the key churn drivers identified: categorical__Contract_Month-to-month, categorical__DeviceProtection_No, categorical__Partner_Yes."
796,0.07661946,Low Risk,81.7,Medium Value,Low,"categorical__DeviceProtection_No, categorical__InternetService_Fiber optic, categorical__Partner_No","categorical__Contract_Month-to-month, categorical__PaperlessBilling_Yes, numerical__tenure","Continue normal customer engagement and loyalty communication to maintain customer satisfaction. Prioritize addressing the key churn drivers identified: categorical__DeviceProtection_No, categorical__InternetService_Fiber optic, categorical__Partner_No."
2926,0.07600742,Low Risk,116.0,High Value,Low,"numerical__TotalCharges, categorical__InternetService_Fiber optic, categorical__gender_Female","categorical__Contract_Month-to-month, categorical__Contract_Two year, numerical__tenure","Continue normal customer engagement and loyalty communication to maintain customer satisfaction. Prioritize addressing the key churn drivers identified: numerical__TotalCharges, categorical__InternetService_Fiber optic, categorical__gender_Female."
1451,0.07588398,Low Risk,69.5,Medium Value,Low,"categorical__Contract_Month-to-month, categorical__Partner_No, categorical__StreamingTV_Yes","categorical__InternetService_Fiber optic, categorical__PaperlessBilling_Yes, numerical__tenure","Continue normal customer engagement and loyalty communication to maintain customer satisfaction. Prioritize addressing the key churn drivers identified: categorical__Contract_Month-to-month, categorical__Partner_No, categorical__StreamingTV_Yes."
4910,0.07577019,Low Risk,85.35,High Value,Low,"categorical__gender_Female, categorical__PaperlessBilling_No, categorical__StreamingTV_Yes","categorical__Contract_Month-to-month, numerical__tenure, categorical__PaperlessBilling_Yes","Continue normal customer engagement and loyalty communication to maintain customer satisfaction. Prioritize addressing the key churn drivers identified: categorical__gender_Female, categorical__PaperlessBilling_No, categorical__StreamingTV_Yes."
3776,0.07527491,Low Risk,56.35,Medium Value,Low,"numerical__TotalCharges, categorical__DeviceProtection_No, categorical__OnlineSecurity_No","categorical__Contract_Month-to-month, numerical__tenure, categorical__InternetService_Fiber optic","Continue normal customer engagement and loyalty communication to maintain customer satisfaction. Prioritize addressing the key churn drivers identified: numerical__TotalCharges, categorical__DeviceProtection_No, categorical__OnlineSecurity_No."
4666,0.074877836,Low Risk,19.2,Low Value,Low,"categorical__Contract_Month-to-month, categorical__gender_Female, categorical__Partner_No","categorical__OnlineSecurity_No, categorical__gender_Male, numerical__MonthlyCharges","Continue normal customer engagement and loyalty communication to maintain customer satisfaction. Prioritize addressing the key churn drivers identified: categorical__Contract_Month-to-month, categorical__gender_Female, categorical__Partner_No."
4831,0.07417901,Low Risk,40.2,Low Value,Low,"categorical__gender_Female, categorical__StreamingTV_No, categorical__Partner_No","categorical__Contract_Month-to-month, categorical__gender_Male, categorical__StreamingTV_Yes","Continue normal customer engagement and loyalty communication to maintain customer satisfaction. Prioritize addressing the key churn drivers identified: categorical__gender_Female, categorical__StreamingTV_No, categorical__Partner_No."
4659,0.07409556,Low Risk,104.3,High Value,Low,"categorical__InternetService_Fiber optic, categorical__gender_Female, numerical__MonthlyCharges","categorical__Contract_Month-to-month, numerical__tenure, categorical__Contract_Two year","Continue normal customer engagement and loyalty communication to maintain customer satisfaction. Prioritize addressing the key churn drivers identified: categorical__InternetService_Fiber optic, categorical__gender_Female, numerical__MonthlyCharges."
1521,0.07345381,Low Risk,67.45,Medium Value,Low,"categorical__StreamingTV_No, categorical__PaperlessBilling_No, numerical__TotalCharges","categorical__Contract_Month-to-month, categorical__PaperlessBilling_Yes, categorical__InternetService_Fiber optic","Continue normal customer engagement and loyalty communication to maintain customer satisfaction. Prioritize addressing the key churn drivers identified: categorical__StreamingTV_No, categorical__PaperlessBilling_No, numerical__TotalCharges."
3425,0.073182166,Low Risk,70.4,Medium Value,Low,"categorical__gender_Female, categorical__InternetService_Fiber optic, categorical__OnlineSecurity_No","categorical__Contract_Month-to-month, numerical__tenure, categorical__gender_Male","Continue normal customer engagement and loyalty communication to maintain customer satisfaction. Prioritize addressing the key churn drivers identified: categorical__gender_Female, categorical__InternetService_Fiber optic, categorical__OnlineSecurity_No."
6733,0.07304282,Low Risk,50.35,Medium Value,Low,"categorical__Contract_Month-to-month, categorical__Partner_No, categorical__DeviceProtection_No","numerical__tenure, categorical__PaperlessBilling_Yes, categorical__InternetService_Fiber optic","Continue normal customer engagement and loyalty communication to maintain customer satisfaction. Prioritize addressing the key churn drivers identified: categorical__Contract_Month-to-month, categorical__Partner_No, categorical__DeviceProtection_No."
3711,0.07208624,Low Risk,75.75,Medium Value,Low,"categorical__gender_Female, categorical__StreamingMovies_Yes, categorical__StreamingTV_No","categorical__Contract_Month-to-month, categorical__gender_Male, numerical__tenure","Continue normal customer engagement and loyalty communication to maintain customer satisfaction. Prioritize addressing the key churn drivers identified: categorical__gender_Female, categorical__StreamingMovies_Yes, categorical__StreamingTV_No."
2459,0.071574375,Low Risk,20.45,Low Value,Low,"categorical__Contract_Month-to-month, categorical__Partner_No, categorical__Contract_Two year","categorical__OnlineSecurity_No, categorical__PaymentMethod_Credit card (automatic), numerical__MonthlyCharges","Continue normal customer engagement and loyalty communication to maintain customer satisfaction. Prioritize addressing the key churn drivers identified: categorical__Contract_Month-to-month, categorical__Partner_No, categorical__Contract_Two year."
958,0.0713644,Low Risk,81.75,Medium Value,Low,"categorical__Contract_Month-to-month, categorical__Partner_No, categorical__Contract_Two year","categorical__InternetService_Fiber optic, categorical__PaperlessBilling_Yes, numerical__tenure","Continue normal customer engagement and loyalty communication to maintain customer satisfaction. Prioritize addressing the key churn drivers identified: categorical__Contract_Month-to-month, categorical__Partner_No, categorical__Contract_Two year."
3542,0.07105697,Low Risk,55.35,Medium Value,Low,"categorical__StreamingTV_No, categorical__Partner_Yes, categorical__Contract_One year","categorical__Contract_Month-to-month, numerical__tenure, categorical__StreamingTV_Yes","Continue normal customer engagement and loyalty communication to maintain customer satisfaction. Prioritize addressing the key churn drivers identified: categorical__StreamingTV_No, categorical__Partner_Yes, categorical__Contract_One year."
6260,0.07078256,Low Risk,35.4,Low Value,Low,"categorical__gender_Female, categorical__Partner_No, categorical__StreamingTV_No","categorical__Contract_Month-to-month, categorical__PaperlessBilling_Yes, categorical__Contract_Two year","Continue normal customer engagement and loyalty communication to maintain customer satisfaction. Prioritize addressing the key churn drivers identified: categorical__gender_Female, categorical__Partner_No, categorical__StreamingTV_No."
4756,0.07051131,Low Risk,72.45,Medium Value,Low,"categorical__Contract_Month-to-month, categorical__Partner_No, categorical__Contract_Two year","numerical__tenure, categorical__InternetService_Fiber optic, categorical__OnlineSecurity_No","Continue normal customer engagement and loyalty communication to maintain customer satisfaction. Prioritize addressing the key churn drivers identified: categorical__Contract_Month-to-month, categorical__Partner_No, categorical__Contract_Two year."
5881,0.069781646,Low Risk,79.95,Medium Value,Low,"categorical__gender_Female, categorical__StreamingTV_Yes, categorical__Partner_No","categorical__Contract_Month-to-month, numerical__tenure, categorical__InternetService_Fiber optic","Continue normal customer engagement and loyalty communication to maintain customer satisfaction. Prioritize addressing the key churn drivers identified: categorical__gender_Female, categorical__StreamingTV_Yes, categorical__Partner_No."
657,0.069655575,Low Risk,78.8,Medium Value,Low,"categorical__PaperlessBilling_No, categorical__Contract_One year, categorical__Partner_Yes","categorical__Contract_Month-to-month, categorical__PaperlessBilling_Yes, numerical__TotalCharges","Continue normal customer engagement and loyalty communication to maintain customer satisfaction. Prioritize addressing the key churn drivers identified: categorical__PaperlessBilling_No, categorical__Contract_One year, categorical__Partner_Yes."
4219,0.06953304,Low Risk,75.15,Medium Value,Low,"categorical__gender_Female, categorical__PaymentMethod_Electronic check, categorical__InternetService_Fiber optic","categorical__Contract_Month-to-month, numerical__TotalCharges, categorical__PaperlessBilling_Yes","Continue normal customer engagement and loyalty communication to maintain customer satisfaction. Prioritize addressing the key churn drivers identified: categorical__gender_Female, categorical__PaymentMethod_Electronic check, categorical__InternetService_Fiber optic."
3699,0.06886699,Low Risk,70.25,Medium Value,Low,"categorical__gender_Female, categorical__PaperlessBilling_No, categorical__StreamingTV_No","categorical__Contract_Month-to-month, numerical__tenure, categorical__PaperlessBilling_Yes","Continue normal customer engagement and loyalty communication to maintain customer satisfaction. Prioritize addressing the key churn drivers identified: categorical__gender_Female, categorical__PaperlessBilling_No, categorical__StreamingTV_No."
5764,0.06864675,Low Risk,93.75,High Value,Low,"categorical__InternetService_Fiber optic, categorical__Partner_No, categorical__StreamingTV_No","categorical__Contract_Month-to-month, numerical__tenure, categorical__Contract_Two year","Continue normal customer engagement and loyalty communication to maintain customer satisfaction. Prioritize addressing the key churn drivers identified: categorical__InternetService_Fiber optic, categorical__Partner_No, categorical__StreamingTV_No."
4751,0.06831151,Low Risk,23.15,Low Value,Low,"categorical__Contract_Month-to-month, categorical__Partner_No, categorical__PaperlessBilling_No","categorical__OnlineSecurity_No, categorical__PaperlessBilling_Yes, numerical__MonthlyCharges","Continue normal customer engagement and loyalty communication to maintain customer satisfaction. Prioritize addressing the key churn drivers identified: categorical__Contract_Month-to-month, categorical__Partner_No, categorical__PaperlessBilling_No."
6772,0.06807791,Low Risk,62.3,Medium Value,Low,"categorical__Partner_No, categorical__StreamingTV_No, categorical__Contract_One year","categorical__Contract_Month-to-month, categorical__StreamingTV_Yes, categorical__InternetService_Fiber optic","Continue normal customer engagement and loyalty communication to maintain customer satisfaction. Prioritize addressing the key churn drivers identified: categorical__Partner_No, categorical__StreamingTV_No, categorical__Contract_One year."
2804,0.06779015,Low Risk,24.1,Low Value,Low,"categorical__OnlineSecurity_No, categorical__StreamingTV_No, categorical__DeviceProtection_No","categorical__Contract_Month-to-month, categorical__PaperlessBilling_Yes, numerical__MonthlyCharges","Continue normal customer engagement and loyalty communication to maintain customer satisfaction. Prioritize addressing the key churn drivers identified: categorical__OnlineSecurity_No, categorical__StreamingTV_No, categorical__DeviceProtection_No."
4414,0.06702452,Low Risk,20.75,Low Value,Low,"categorical__Contract_Month-to-month, categorical__gender_Female, categorical__PaperlessBilling_No","numerical__tenure, categorical__PaperlessBilling_Yes, categorical__gender_Male","Continue normal customer engagement and loyalty communication to maintain customer satisfaction. Prioritize addressing the key churn drivers identified: categorical__Contract_Month-to-month, categorical__gender_Female, categorical__PaperlessBilling_No."
6310,0.06662077,Low Risk,44.45,Low Value,Low,"categorical__gender_Female, categorical__PaymentMethod_Electronic check, categorical__Partner_No","categorical__Contract_Month-to-month, numerical__tenure, categorical__gender_Male","Continue normal customer engagement and loyalty communication to maintain customer satisfaction. Prioritize addressing the key churn drivers identified: categorical__gender_Female, categorical__PaymentMethod_Electronic check, categorical__Partner_No."
6762,0.06608447,Low Risk,55.0,Medium Value,Low,"categorical__Contract_Month-to-month, categorical__Partner_No, categorical__DeviceProtection_No","numerical__tenure, categorical__PaymentMethod_Electronic check, categorical__PaperlessBilling_Yes","Continue normal customer engagement and loyalty communication to maintain customer satisfaction. Prioritize addressing the key churn drivers identified: categorical__Contract_Month-to-month, categorical__Partner_No, categorical__DeviceProtection_No."
5389,0.06606021,Low Risk,69.15,Medium Value,Low,"categorical__Contract_Month-to-month, categorical__gender_Female, categorical__InternetService_Fiber optic","numerical__tenure, numerical__TotalCharges, categorical__PaymentMethod_Electronic check","Continue normal customer engagement and loyalty communication to maintain customer satisfaction. Prioritize addressing the key churn drivers identified: categorical__Contract_Month-to-month, categorical__gender_Female, categorical__InternetService_Fiber optic."
2181,0.06599419,Low Risk,84.15,High Value,Low,"categorical__gender_Female, categorical__Contract_One year, categorical__StreamingMovies_Yes","categorical__Contract_Month-to-month, numerical__tenure, categorical__gender_Male","Continue normal customer engagement and loyalty communication to maintain customer satisfaction. Prioritize addressing the key churn drivers identified: categorical__gender_Female, categorical__Contract_One year, categorical__StreamingMovies_Yes."
6093,0.06591672,Low Risk,47.05,Low Value,Low,"categorical__gender_Female, categorical__OnlineSecurity_No, categorical__PaymentMethod_Electronic check","numerical__tenure, categorical__Contract_Month-to-month, categorical__gender_Male","Continue normal customer engagement and loyalty communication to maintain customer satisfaction. Prioritize addressing the key churn drivers identified: categorical__gender_Female, categorical__OnlineSecurity_No, categorical__PaymentMethod_Electronic check."
2020,0.06585696,Low Risk,75.4,Medium Value,Low,"categorical__StreamingMovies_Yes, categorical__Contract_One year, categorical__DeviceProtection_No","categorical__Contract_Month-to-month, numerical__TotalCharges, numerical__tenure","Continue normal customer engagement and loyalty communication to maintain customer satisfaction. Prioritize addressing the key churn drivers identified: categorical__StreamingMovies_Yes, categorical__Contract_One year, categorical__DeviceProtection_No."
1115,0.065606356,Low Risk,53.85,Medium Value,Low,"categorical__Partner_No, categorical__StreamingTV_No, categorical__DeviceProtection_No","categorical__Contract_Month-to-month, categorical__Contract_Two year, categorical__InternetService_Fiber optic","Continue normal customer engagement and loyalty communication to maintain customer satisfaction. Prioritize addressing the key churn drivers identified: categorical__Partner_No, categorical__StreamingTV_No, categorical__DeviceProtection_No."
519,0.06551824,Low Risk,20.05,Low Value,Low,"categorical__Contract_Month-to-month, categorical__Partner_No, categorical__PaperlessBilling_No","categorical__OnlineSecurity_No, categorical__PaperlessBilling_Yes, categorical__PaymentMethod_Credit card (automatic)","Continue normal customer engagement and loyalty communication to maintain customer satisfaction. Prioritize addressing the key churn drivers identified: categorical__Contract_Month-to-month, categorical__Partner_No, categorical__PaperlessBilling_No."
2307,0.06518868,Low Risk,65.6,Medium Value,Low,"categorical__gender_Female, categorical__StreamingTV_Yes, categorical__OnlineSecurity_No","categorical__Contract_Month-to-month, categorical__gender_Male, categorical__InternetService_Fiber optic","Continue normal customer engagement and loyalty communication to maintain customer satisfaction. Prioritize addressing the key churn drivers identified: categorical__gender_Female, categorical__StreamingTV_Yes, categorical__OnlineSecurity_No."
5779,0.06500859,Low Risk,95.55,High Value,Low,"categorical__gender_Female, categorical__InternetService_Fiber optic, categorical__Partner_No","categorical__Contract_Month-to-month, numerical__TotalCharges, categorical__gender_Male","Continue normal customer engagement and loyalty communication to maintain customer satisfaction. Prioritize addressing the key churn drivers identified: categorical__gender_Female, categorical__InternetService_Fiber optic, categorical__Partner_No."
2106,0.064209275,Low Risk,59.45,Medium Value,Low,"numerical__TotalCharges, categorical__PaperlessBilling_No, categorical__StreamingTV_No","categorical__Contract_Month-to-month, categorical__PaperlessBilling_Yes, categorical__InternetService_Fiber optic","Continue normal customer engagement and loyalty communication to maintain customer satisfaction. Prioritize addressing the key churn drivers identified: numerical__TotalCharges, categorical__PaperlessBilling_No, categorical__StreamingTV_No."
2298,0.064137906,Low Risk,79.2,Medium Value,Low,"categorical__InternetService_Fiber optic, categorical__StreamingTV_No, categorical__OnlineSecurity_No","categorical__Contract_Month-to-month, numerical__tenure, categorical__PaymentMethod_Electronic check","Continue normal customer engagement and loyalty communication to maintain customer satisfaction. Prioritize addressing the key churn drivers identified: categorical__InternetService_Fiber optic, categorical__StreamingTV_No, categorical__OnlineSecurity_No."
3354,0.06404365,Low Risk,44.1,Low Value,Low,"categorical__gender_Female, categorical__PaperlessBilling_No, categorical__DeviceProtection_No","categorical__Contract_Month-to-month, numerical__MonthlyCharges, categorical__PaperlessBilling_Yes","Continue normal customer engagement and loyalty communication to maintain customer satisfaction. Prioritize addressing the key churn drivers identified: categorical__gender_Female, categorical__PaperlessBilling_No, categorical__DeviceProtection_No."
3952,0.06393321,Low Risk,108.05,High Value,Low,"numerical__TotalCharges, categorical__OnlineSecurity_No, categorical__InternetService_Fiber optic","numerical__tenure, categorical__Contract_Month-to-month, categorical__gender_Male","Continue normal customer engagement and loyalty communication to maintain customer satisfaction. Prioritize addressing the key churn drivers identified: numerical__TotalCharges, categorical__OnlineSecurity_No, categorical__InternetService_Fiber optic."
3827,0.06389996,Low Risk,20.45,Low Value,Low,"numerical__tenure, categorical__gender_Female, categorical__Partner_No","categorical__Contract_Month-to-month, numerical__MonthlyCharges, categorical__PaperlessBilling_Yes","Continue normal customer engagement and loyalty communication to maintain customer satisfaction. Prioritize addressing the key churn drivers identified: numerical__tenure, categorical__gender_Female, categorical__Partner_No."
1123,0.06359231,Low Risk,61.6,Medium Value,Low,"categorical__Partner_Yes, categorical__StreamingTV_No, categorical__Contract_Two year","categorical__Contract_Month-to-month, categorical__InternetService_Fiber optic, categorical__OnlineSecurity_No","Continue normal customer engagement and loyalty communication to maintain customer satisfaction. Prioritize addressing the key churn drivers identified: categorical__Partner_Yes, categorical__StreamingTV_No, categorical__Contract_Two year."
7002,0.06335463,Low Risk,105.4,High Value,Low,"numerical__MonthlyCharges, categorical__InternetService_Fiber optic, categorical__gender_Female","numerical__tenure, categorical__Contract_Month-to-month, categorical__Contract_Two year","Continue normal customer engagement and loyalty communication to maintain customer satisfaction. Prioritize addressing the key churn drivers identified: numerical__MonthlyCharges, categorical__InternetService_Fiber optic, categorical__gender_Female."
3156,0.0632426,Low Risk,19.05,Low Value,Low,"categorical__Contract_Month-to-month, categorical__gender_Female, categorical__Partner_No","numerical__MonthlyCharges, numerical__tenure, categorical__PaperlessBilling_Yes","Continue normal customer engagement and loyalty communication to maintain customer satisfaction. Prioritize addressing the key churn drivers identified: categorical__Contract_Month-to-month, categorical__gender_Female, categorical__Partner_No."
1698,0.06309165,Low Risk,84.8,High Value,Low,"categorical__OnlineSecurity_No, categorical__PaymentMethod_Electronic check, categorical__InternetService_Fiber optic","categorical__Contract_Month-to-month, numerical__tenure, categorical__TechSupport_No","Continue normal customer engagement and loyalty communication to maintain customer satisfaction. Prioritize addressing the key churn drivers identified: categorical__OnlineSecurity_No, categorical__PaymentMethod_Electronic check, categorical__InternetService_Fiber optic."
2299,0.06260885,Low Risk,55.5,Medium Value,Low,"categorical__gender_Female, categorical__Partner_No, categorical__StreamingTV_No","categorical__Contract_Month-to-month, categorical__Contract_Two year, categorical__PaperlessBilling_Yes","Continue normal customer engagement and loyalty communication to maintain customer satisfaction. Prioritize addressing the key churn drivers identified: categorical__gender_Female, categorical__Partner_No, categorical__StreamingTV_No."
5754,0.06229965,Low Risk,19.05,Low Value,Low,"categorical__Contract_Month-to-month, categorical__gender_Female, categorical__Partner_Yes","numerical__MonthlyCharges, categorical__PaperlessBilling_Yes, numerical__tenure","Continue normal customer engagement and loyalty communication to maintain customer satisfaction. Prioritize addressing the key churn drivers identified: categorical__Contract_Month-to-month, categorical__gender_Female, categorical__Partner_Yes."
2522,0.061615326,Low Risk,78.75,Medium Value,Low,"categorical__Contract_One year, categorical__StreamingMovies_Yes, categorical__StreamingTV_Yes","categorical__Contract_Month-to-month, numerical__tenure, numerical__TotalCharges","Continue normal customer engagement and loyalty communication to maintain customer satisfaction. Prioritize addressing the key churn drivers identified: categorical__Contract_One year, categorical__StreamingMovies_Yes, categorical__StreamingTV_Yes."
6422,0.06151378,Low Risk,53.75,Medium Value,Low,"categorical__PaymentMethod_Electronic check, categorical__Partner_No, categorical__PaperlessBilling_No","categorical__Contract_Month-to-month, categorical__PaperlessBilling_Yes, numerical__tenure","Continue normal customer engagement and loyalty communication to maintain customer satisfaction. Prioritize addressing the key churn drivers identified: categorical__PaymentMethod_Electronic check, categorical__Partner_No, categorical__PaperlessBilling_No."
621,0.061268725,Low Risk,92.05,High Value,Low,"categorical__gender_Female, categorical__PaymentMethod_Electronic check, categorical__InternetService_Fiber optic","categorical__Contract_Month-to-month, numerical__tenure, categorical__gender_Male","Continue normal customer engagement and loyalty communication to maintain customer satisfaction. Prioritize addressing the key churn drivers identified: categorical__gender_Female, categorical__PaymentMethod_Electronic check, categorical__InternetService_Fiber optic."
5156,0.060442474,Low Risk,56.1,Medium Value,Low,"categorical__Partner_No, categorical__StreamingTV_No, categorical__PaperlessBilling_No","categorical__Contract_Month-to-month, categorical__PaperlessBilling_Yes, categorical__InternetService_Fiber optic","Continue normal customer engagement and loyalty communication to maintain customer satisfaction. Prioritize addressing the key churn drivers identified: categorical__Partner_No, categorical__StreamingTV_No, categorical__PaperlessBilling_No."
4367,0.060294412,Low Risk,54.1,Medium Value,Low,"categorical__StreamingTV_No, numerical__SeniorCitizen, categorical__PaperlessBilling_No","categorical__Contract_Month-to-month, categorical__PaperlessBilling_Yes, categorical__InternetService_Fiber optic","Continue normal customer engagement and loyalty communication to maintain customer satisfaction. Prioritize addressing the key churn drivers identified: categorical__StreamingTV_No, numerical__SeniorCitizen, categorical__PaperlessBilling_No."
4238,0.059934027,Low Risk,19.4,Low Value,Low,"numerical__MonthlyCharges, categorical__PaperlessBilling_No, numerical__TotalCharges","categorical__Contract_Month-to-month, categorical__PaperlessBilling_Yes, numerical__tenure","Continue normal customer engagement and loyalty communication to maintain customer satisfaction. Prioritize addressing the key churn drivers identified: numerical__MonthlyCharges, categorical__PaperlessBilling_No, numerical__TotalCharges."
4539,0.059521448,Low Risk,79.7,Medium Value,Low,"categorical__PaymentMethod_Electronic check, categorical__Partner_Yes, categorical__OnlineBackup_No","categorical__Contract_Month-to-month, categorical__Contract_Two year, categorical__InternetService_Fiber optic","Continue normal customer engagement and loyalty communication to maintain customer satisfaction. Prioritize addressing the key churn drivers identified: categorical__PaymentMethod_Electronic check, categorical__Partner_Yes, categorical__OnlineBackup_No."
2820,0.059267465,Low Risk,24.05,Low Value,Low,"categorical__Partner_No, categorical__PaperlessBilling_No, categorical__PaymentMethod_Bank transfer (automatic)","categorical__Contract_Month-to-month, categorical__PaperlessBilling_Yes, numerical__MonthlyCharges","Continue normal customer engagement and loyalty communication to maintain customer satisfaction. Prioritize addressing the key churn drivers identified: categorical__Partner_No, categorical__PaperlessBilling_No, categorical__PaymentMethod_Bank transfer (automatic)."
1015,0.059082694,Low Risk,53.65,Medium Value,Low,"categorical__DeviceProtection_No, categorical__OnlineSecurity_No, categorical__StreamingTV_No","categorical__Contract_Month-to-month, categorical__PaperlessBilling_Yes, categorical__InternetService_Fiber optic","Continue normal customer engagement and loyalty communication to maintain customer satisfaction. Prioritize addressing the key churn drivers identified: categorical__DeviceProtection_No, categorical__OnlineSecurity_No, categorical__StreamingTV_No."
1585,0.059069246,Low Risk,80.45,Medium Value,Low,"categorical__PaperlessBilling_No, categorical__DeviceProtection_No, categorical__StreamingMovies_Yes","categorical__Contract_Month-to-month, numerical__TotalCharges, categorical__PaperlessBilling_Yes","Continue normal customer engagement and loyalty communication to maintain customer satisfaction. Prioritize addressing the key churn drivers identified: categorical__PaperlessBilling_No, categorical__DeviceProtection_No, categorical__StreamingMovies_Yes."
6827,0.05873443,Low Risk,79.05,Medium Value,Low,"categorical__Contract_Month-to-month, categorical__DeviceProtection_No, categorical__Contract_Two year","numerical__tenure, categorical__InternetService_Fiber optic, categorical__OnlineSecurity_No","Continue normal customer engagement and loyalty communication to maintain customer satisfaction. Prioritize addressing the key churn drivers identified: categorical__Contract_Month-to-month, categorical__DeviceProtection_No, categorical__Contract_Two year."
1845,0.057574354,Low Risk,35.75,Low Value,Low,"categorical__Partner_No, categorical__OnlineSecurity_No, categorical__StreamingTV_No","categorical__Contract_Month-to-month, numerical__tenure, categorical__StreamingTV_Yes","Continue normal customer engagement and loyalty communication to maintain customer satisfaction. Prioritize addressing the key churn drivers identified: categorical__Partner_No, categorical__OnlineSecurity_No, categorical__StreamingTV_No."
1187,0.05727971,Low Risk,104.05,High Value,Low,"categorical__OnlineSecurity_No, categorical__InternetService_Fiber optic, categorical__Partner_No","numerical__tenure, categorical__Contract_Month-to-month, categorical__gender_Male","Continue normal customer engagement and loyalty communication to maintain customer satisfaction. Prioritize addressing the key churn drivers identified: categorical__OnlineSecurity_No, categorical__InternetService_Fiber optic, categorical__Partner_No."
6646,0.056860704,Low Risk,19.4,Low Value,Low,"numerical__MonthlyCharges, categorical__PaperlessBilling_No, categorical__Partner_Yes","categorical__Contract_Month-to-month, categorical__PaperlessBilling_Yes, categorical__InternetService_Fiber optic","Continue normal customer engagement and loyalty communication to maintain customer satisfaction. Prioritize addressing the key churn drivers identified: numerical__MonthlyCharges, categorical__PaperlessBilling_No, categorical__Partner_Yes."
4885,0.056799695,Low Risk,111.65,High Value,Low,"numerical__TotalCharges, categorical__OnlineSecurity_No, categorical__InternetService_Fiber optic","numerical__tenure, categorical__Contract_Month-to-month, categorical__Contract_Two year","Continue normal customer engagement and loyalty communication to maintain customer satisfaction. Prioritize addressing the key churn drivers identified: numerical__TotalCharges, categorical__OnlineSecurity_No, categorical__InternetService_Fiber optic."
1468,0.056685183,Low Risk,92.3,High Value,Low,"categorical__InternetService_Fiber optic, categorical__StreamingMovies_Yes, categorical__DeviceProtection_No","numerical__tenure, categorical__Contract_Month-to-month, numerical__TotalCharges","Continue normal customer engagement and loyalty communication to maintain customer satisfaction. Prioritize addressing the key churn drivers identified: categorical__InternetService_Fiber optic, categorical__StreamingMovies_Yes, categorical__DeviceProtection_No."
170,0.056443,Low Risk,84.25,High Value,Low,"categorical__InternetService_Fiber optic, categorical__StreamingTV_No, categorical__Partner_Yes","categorical__Contract_Month-to-month, numerical__TotalCharges, categorical__OnlineSecurity_No","Continue normal customer engagement and loyalty communication to maintain customer satisfaction. Prioritize addressing the key churn drivers identified: categorical__InternetService_Fiber optic, categorical__StreamingTV_No, categorical__Partner_Yes."
6425,0.05573778,Low Risk,44.25,Low Value,Low,"categorical__Partner_Yes, categorical__PaperlessBilling_No, categorical__StreamingMovies_Yes","categorical__Contract_Month-to-month, categorical__PaperlessBilling_Yes, numerical__tenure","Continue normal customer engagement and loyalty communication to maintain customer satisfaction. Prioritize addressing the key churn drivers identified: categorical__Partner_Yes, categorical__PaperlessBilling_No, categorical__StreamingMovies_Yes."
3232,0.055702705,Low Risk,53.65,Medium Value,Low,"categorical__PaperlessBilling_No, categorical__StreamingTV_No, categorical__DeviceProtection_No","categorical__Contract_Month-to-month, categorical__PaperlessBilling_Yes, categorical__InternetService_Fiber optic","Continue normal customer engagement and loyalty communication to maintain customer satisfaction. Prioritize addressing the key churn drivers identified: categorical__PaperlessBilling_No, categorical__StreamingTV_No, categorical__DeviceProtection_No."
4347,0.0556237,Low Risk,100.2,High Value,Low,"categorical__gender_Female, categorical__InternetService_Fiber optic, numerical__MonthlyCharges","categorical__Contract_Month-to-month, numerical__TotalCharges, numerical__tenure","Continue normal customer engagement and loyalty communication to maintain customer satisfaction. Prioritize addressing the key churn drivers identified: categorical__gender_Female, categorical__InternetService_Fiber optic, numerical__MonthlyCharges."
2082,0.05533863,Low Risk,24.7,Low Value,Low,"categorical__Contract_Month-to-month, categorical__Partner_No, categorical__PaperlessBilling_No","categorical__PaperlessBilling_Yes, numerical__tenure, categorical__InternetService_Fiber optic","Continue normal customer engagement and loyalty communication to maintain customer satisfaction. Prioritize addressing the key churn drivers identified: categorical__Contract_Month-to-month, categorical__Partner_No, categorical__PaperlessBilling_No."
6779,0.055283897,Low Risk,45.0,Low Value,Low,"categorical__Contract_Month-to-month, categorical__Partner_No, categorical__StreamingTV_No","numerical__tenure, categorical__InternetService_Fiber optic, categorical__OnlineSecurity_No","Continue normal customer engagement and loyalty communication to maintain customer satisfaction. Prioritize addressing the key churn drivers identified: categorical__Contract_Month-to-month, categorical__Partner_No, categorical__StreamingTV_No."
6160,0.055144675,Low Risk,89.65,High Value,Low,"categorical__gender_Female, categorical__StreamingMovies_Yes, categorical__StreamingTV_Yes","categorical__Contract_Month-to-month, numerical__TotalCharges, numerical__tenure","Continue normal customer engagement and loyalty communication to maintain customer satisfaction. Prioritize addressing the key churn drivers identified: categorical__gender_Female, categorical__StreamingMovies_Yes, categorical__StreamingTV_Yes."
527,0.05480591,Low Risk,94.7,High Value,Low,"categorical__DeviceProtection_No, categorical__InternetService_Fiber optic, categorical__Contract_One year","categorical__Contract_Month-to-month, numerical__tenure, categorical__StreamingMovies_Yes","Continue normal customer engagement and loyalty communication to maintain customer satisfaction. Prioritize addressing the key churn drivers identified: categorical__DeviceProtection_No, categorical__InternetService_Fiber optic, categorical__Contract_One year."
6446,0.05367568,Low Risk,89.85,High Value,Low,"categorical__InternetService_Fiber optic, categorical__StreamingTV_No, categorical__Partner_Yes","categorical__Contract_Month-to-month, numerical__tenure, categorical__StreamingTV_Yes","Continue normal customer engagement and loyalty communication to maintain customer satisfaction. Prioritize addressing the key churn drivers identified: categorical__InternetService_Fiber optic, categorical__StreamingTV_No, categorical__Partner_Yes."
3161,0.053222135,Low Risk,19.35,Low Value,Low,"categorical__Partner_No, categorical__PaperlessBilling_No, numerical__MonthlyCharges","categorical__Contract_Month-to-month, categorical__PaperlessBilling_Yes, categorical__OnlineSecurity_No","Continue normal customer engagement and loyalty communication to maintain customer satisfaction. Prioritize addressing the key churn drivers identified: categorical__Partner_No, categorical__PaperlessBilling_No, numerical__MonthlyCharges."
4608,0.05312317,Low Risk,77.8,Medium Value,Low,"categorical__Partner_No, categorical__OnlineSecurity_No, categorical__MultipleLines_No","categorical__Contract_Month-to-month, categorical__Contract_Two year, numerical__tenure","Continue normal customer engagement and loyalty communication to maintain customer satisfaction. Prioritize addressing the key churn drivers identified: categorical__Partner_No, categorical__OnlineSecurity_No, categorical__MultipleLines_No."
3934,0.05293687,Low Risk,40.25,Low Value,Low,"categorical__gender_Female, categorical__PaperlessBilling_No, categorical__StreamingTV_No","categorical__Contract_Month-to-month, categorical__PaperlessBilling_Yes, categorical__gender_Male","Continue normal customer engagement and loyalty communication to maintain customer satisfaction. Prioritize addressing the key churn drivers identified: categorical__gender_Female, categorical__PaperlessBilling_No, categorical__StreamingTV_No."
3904,0.052875273,Low Risk,20.8,Low Value,Low,"categorical__Contract_Month-to-month, categorical__PaperlessBilling_No, categorical__Partner_Yes","numerical__tenure, categorical__PaperlessBilling_Yes, categorical__OnlineSecurity_No","Continue normal customer engagement and loyalty communication to maintain customer satisfaction. Prioritize addressing the key churn drivers identified: categorical__Contract_Month-to-month, categorical__PaperlessBilling_No, categorical__Partner_Yes."
5276,0.052373897,Low Risk,56.9,Medium Value,Low,"categorical__PaperlessBilling_No, categorical__StreamingTV_No, categorical__Partner_Yes","categorical__Contract_Month-to-month, categorical__PaperlessBilling_Yes, categorical__StreamingTV_Yes","Continue normal customer engagement and loyalty communication to maintain customer satisfaction. Prioritize addressing the key churn drivers identified: categorical__PaperlessBilling_No, categorical__StreamingTV_No, categorical__Partner_Yes."
686,0.05145825,Low Risk,24.6,Low Value,Low,"categorical__Partner_No, categorical__Contract_Two year, categorical__PaperlessBilling_Yes","categorical__Contract_Month-to-month, categorical__OnlineSecurity_No, numerical__MonthlyCharges","Continue normal customer engagement and loyalty communication to maintain customer satisfaction. Prioritize addressing the key churn drivers identified: categorical__Partner_No, categorical__Contract_Two year, categorical__PaperlessBilling_Yes."
5520,0.05070867,Low Risk,84.25,High Value,Low,"categorical__gender_Female, categorical__StreamingTV_No, categorical__InternetService_Fiber optic","categorical__Contract_Month-to-month, numerical__tenure, categorical__gender_Male","Continue normal customer engagement and loyalty communication to maintain customer satisfaction. Prioritize addressing the key churn drivers identified: categorical__gender_Female, categorical__StreamingTV_No, categorical__InternetService_Fiber optic."
2529,0.05061854,Low Risk,62.7,Medium Value,Low,"categorical__PaperlessBilling_No, numerical__SeniorCitizen, categorical__Partner_No","categorical__Contract_Month-to-month, categorical__PaperlessBilling_Yes, categorical__InternetService_Fiber optic","Continue normal customer engagement and loyalty communication to maintain customer satisfaction. Prioritize addressing the key churn drivers identified: categorical__PaperlessBilling_No, numerical__SeniorCitizen, categorical__Partner_No."
5122,0.05039888,Low Risk,49.85,Low Value,Low,"categorical__Contract_Month-to-month, categorical__gender_Female, categorical__Partner_Yes","numerical__tenure, categorical__InternetService_Fiber optic, categorical__PaperlessBilling_Yes","Continue normal customer engagement and loyalty communication to maintain customer satisfaction. Prioritize addressing the key churn drivers identified: categorical__Contract_Month-to-month, categorical__gender_Female, categorical__Partner_Yes."
4051,0.050289292,Low Risk,97.7,High Value,Low,"categorical__OnlineSecurity_No, categorical__gender_Female, categorical__InternetService_Fiber optic","numerical__tenure, categorical__Contract_Month-to-month, categorical__Contract_Two year","Continue normal customer engagement and loyalty communication to maintain customer satisfaction. Prioritize addressing the key churn drivers identified: categorical__OnlineSecurity_No, categorical__gender_Female, categorical__InternetService_Fiber optic."
5220,0.050177976,Low Risk,58.0,Medium Value,Low,"categorical__gender_Female, categorical__StreamingTV_No, categorical__PaperlessBilling_No","categorical__Contract_Month-to-month, categorical__PaperlessBilling_Yes, numerical__tenure","Continue normal customer engagement and loyalty communication to maintain customer satisfaction. Prioritize addressing the key churn drivers identified: categorical__gender_Female, categorical__StreamingTV_No, categorical__PaperlessBilling_No."
3444,0.05014935,Low Risk,35.35,Low Value,Low,"categorical__Partner_Yes, categorical__PaperlessBilling_No, categorical__StreamingTV_No","categorical__Contract_Month-to-month, categorical__PaperlessBilling_Yes, numerical__tenure","Continue normal customer engagement and loyalty communication to maintain customer satisfaction. Prioritize addressing the key churn drivers identified: categorical__Partner_Yes, categorical__PaperlessBilling_No, categorical__StreamingTV_No."
6571,0.049976416,Low Risk,55.0,Medium Value,Low,"categorical__gender_Female, categorical__Partner_No, categorical__StreamingTV_No","categorical__Contract_Month-to-month, categorical__PaperlessBilling_Yes, categorical__gender_Male","Continue normal customer engagement and loyalty communication to maintain customer satisfaction. Prioritize addressing the key churn drivers identified: categorical__gender_Female, categorical__Partner_No, categorical__StreamingTV_No."
1237,0.049678896,Low Risk,19.45,Low Value,Low,"numerical__MonthlyCharges, categorical__Partner_No, categorical__PaperlessBilling_No","categorical__Contract_Month-to-month, categorical__PaperlessBilling_Yes, categorical__OnlineSecurity_No","Continue normal customer engagement and loyalty communication to maintain customer satisfaction. Prioritize addressing the key churn drivers identified: numerical__MonthlyCharges, categorical__Partner_No, categorical__PaperlessBilling_No."
3475,0.04898538,Low Risk,20.3,Low Value,Low,"numerical__tenure, categorical__gender_Female, categorical__PaperlessBilling_No","categorical__Contract_Month-to-month, numerical__MonthlyCharges, categorical__PaperlessBilling_Yes","Continue normal customer engagement and loyalty communication to maintain customer satisfaction. Prioritize addressing the key churn drivers identified: numerical__tenure, categorical__gender_Female, categorical__PaperlessBilling_No."
2512,0.048796378,Low Risk,68.75,Medium Value,Low,"categorical__gender_Female, categorical__StreamingTV_No, categorical__Partner_Yes","categorical__Contract_Month-to-month, categorical__gender_Male, categorical__StreamingTV_Yes","Continue normal customer engagement and loyalty communication to maintain customer satisfaction. Prioritize addressing the key churn drivers identified: categorical__gender_Female, categorical__StreamingTV_No, categorical__Partner_Yes."
2704,0.04869034,Low Risk,60.6,Medium Value,Low,"categorical__gender_Female, numerical__TotalCharges, categorical__StreamingTV_No","categorical__Contract_Month-to-month, categorical__PaperlessBilling_Yes, numerical__tenure","Continue normal customer engagement and loyalty communication to maintain customer satisfaction. Prioritize addressing the key churn drivers identified: categorical__gender_Female, numerical__TotalCharges, categorical__StreamingTV_No."
1574,0.048559587,Low Risk,19.65,Low Value,Low,"categorical__gender_Female, numerical__MonthlyCharges, categorical__Partner_No","categorical__Contract_Month-to-month, categorical__PaperlessBilling_Yes, categorical__OnlineSecurity_No","Continue normal customer engagement and loyalty communication to maintain customer satisfaction. Prioritize addressing the key churn drivers identified: categorical__gender_Female, numerical__MonthlyCharges, categorical__Partner_No."
2088,0.047998313,Low Risk,55.8,Medium Value,Low,"categorical__gender_Female, categorical__PaymentMethod_Electronic check, categorical__Partner_No","categorical__Contract_Month-to-month, categorical__gender_Male, categorical__PaperlessBilling_Yes","Continue normal customer engagement and loyalty communication to maintain customer satisfaction. Prioritize addressing the key churn drivers identified: categorical__gender_Female, categorical__PaymentMethod_Electronic check, categorical__Partner_No."
1857,0.047909252,Low Risk,58.9,Medium Value,Low,"categorical__gender_Female, categorical__StreamingTV_No, categorical__PaperlessBilling_No","categorical__Contract_Month-to-month, numerical__tenure, categorical__PaperlessBilling_Yes","Continue normal customer engagement and loyalty communication to maintain customer satisfaction. Prioritize addressing the key churn drivers identified: categorical__gender_Female, categorical__StreamingTV_No, categorical__PaperlessBilling_No."
183,0.047681887,Low Risk,74.75,Medium Value,Low,"categorical__PaperlessBilling_No, categorical__Partner_Yes, numerical__TotalCharges","categorical__Contract_Month-to-month, categorical__PaperlessBilling_Yes, numerical__tenure","Continue normal customer engagement and loyalty communication to maintain customer satisfaction. Prioritize addressing the key churn drivers identified: categorical__PaperlessBilling_No, categorical__Partner_Yes, numerical__TotalCharges."
3512,0.04748913,Low Risk,25.0,Low Value,Low,"categorical__PaperlessBilling_No, categorical__Partner_No, numerical__SeniorCitizen","categorical__Contract_Month-to-month, categorical__PaperlessBilling_Yes, numerical__tenure","Continue normal customer engagement and loyalty communication to maintain customer satisfaction. Prioritize addressing the key churn drivers identified: categorical__PaperlessBilling_No, categorical__Partner_No, numerical__SeniorCitizen."
1608,0.047278915,Low Risk,20.1,Low Value,Low,"categorical__Partner_No, categorical__Contract_Two year, numerical__TotalCharges","categorical__Contract_Month-to-month, categorical__OnlineSecurity_No, numerical__MonthlyCharges","Continue normal customer engagement and loyalty communication to maintain customer satisfaction. Prioritize addressing the key churn drivers identified: categorical__Partner_No, categorical__Contract_Two year, numerical__TotalCharges."
3803,0.04700243,Low Risk,94.1,High Value,Low,"categorical__PaymentMethod_Electronic check, categorical__InternetService_Fiber optic, categorical__OnlineSecurity_No","categorical__Contract_Month-to-month, numerical__tenure, categorical__Contract_Two year","Continue normal customer engagement and loyalty communication to maintain customer satisfaction. Prioritize addressing the key churn drivers identified: categorical__PaymentMethod_Electronic check, categorical__InternetService_Fiber optic, categorical__OnlineSecurity_No."
1044,0.04698649,Low Risk,54.25,Medium Value,Low,"categorical__gender_Female, categorical__PaperlessBilling_No, categorical__Partner_No","categorical__Contract_Month-to-month, categorical__PaperlessBilling_Yes, categorical__gender_Male","Continue normal customer engagement and loyalty communication to maintain customer satisfaction. Prioritize addressing the key churn drivers identified: categorical__gender_Female, categorical__PaperlessBilling_No, categorical__Partner_No."
1695,0.046489082,Low Risk,70.7,Medium Value,Low,"categorical__Contract_One year, categorical__PaymentMethod_Electronic check, categorical__DeviceProtection_No","categorical__Contract_Month-to-month, numerical__TotalCharges, categorical__InternetService_Fiber optic","Continue normal customer engagement and loyalty communication to maintain customer satisfaction. Prioritize addressing the key churn drivers identified: categorical__Contract_One year, categorical__PaymentMethod_Electronic check, categorical__DeviceProtection_No."
2928,0.046269182,Low Risk,95.1,High Value,Low,"categorical__InternetService_Fiber optic, categorical__PaperlessBilling_No, categorical__DeviceProtection_No","categorical__Contract_Month-to-month, categorical__Contract_Two year, categorical__PaperlessBilling_Yes","Continue normal customer engagement and loyalty communication to maintain customer satisfaction. Prioritize addressing the key churn drivers identified: categorical__InternetService_Fiber optic, categorical__PaperlessBilling_No, categorical__DeviceProtection_No."
2331,0.046218667,Low Risk,26.8,Low Value,Low,"categorical__gender_Female, categorical__Partner_Yes, categorical__Contract_Two year","categorical__Contract_Month-to-month, categorical__gender_Male, categorical__OnlineSecurity_No","Continue normal customer engagement and loyalty communication to maintain customer satisfaction. Prioritize addressing the key churn drivers identified: categorical__gender_Female, categorical__Partner_Yes, categorical__Contract_Two year."
894,0.046131454,Low Risk,81.2,Medium Value,Low,"categorical__gender_Female, categorical__DeviceProtection_No, categorical__StreamingTV_No","numerical__tenure, categorical__Contract_Month-to-month, categorical__gender_Male","Continue normal customer engagement and loyalty communication to maintain customer satisfaction. Prioritize addressing the key churn drivers identified: categorical__gender_Female, categorical__DeviceProtection_No, categorical__StreamingTV_No."
6194,0.04608539,Low Risk,83.65,High Value,Low,"categorical__gender_Female, categorical__Partner_Yes, categorical__InternetService_Fiber optic","categorical__Contract_Month-to-month, numerical__tenure, categorical__gender_Male","Continue normal customer engagement and loyalty communication to maintain customer satisfaction. Prioritize addressing the key churn drivers identified: categorical__gender_Female, categorical__Partner_Yes, categorical__InternetService_Fiber optic."
6224,0.046054877,Low Risk,84.2,High Value,Low,"categorical__InternetService_Fiber optic, categorical__StreamingTV_No, categorical__DeviceProtection_No","categorical__Contract_Month-to-month, numerical__tenure, categorical__PaperlessBilling_Yes","Continue normal customer engagement and loyalty communication to maintain customer satisfaction. Prioritize addressing the key churn drivers identified: categorical__InternetService_Fiber optic, categorical__StreamingTV_No, categorical__DeviceProtection_No."
4855,0.04604825,Low Risk,104.05,High Value,Low,"numerical__MonthlyCharges, categorical__InternetService_Fiber optic, categorical__DeviceProtection_No","numerical__tenure, categorical__Contract_Month-to-month, categorical__Contract_Two year","Continue normal customer engagement and loyalty communication to maintain customer satisfaction. Prioritize addressing the key churn drivers identified: numerical__MonthlyCharges, categorical__InternetService_Fiber optic, categorical__DeviceProtection_No."
1752,0.04588494,Low Risk,48.7,Low Value,Low,"categorical__DeviceProtection_No, categorical__PaperlessBilling_No, categorical__StreamingTV_No","categorical__Contract_Month-to-month, categorical__PaperlessBilling_Yes, numerical__tenure","Continue normal customer engagement and loyalty communication to maintain customer satisfaction. Prioritize addressing the key churn drivers identified: categorical__DeviceProtection_No, categorical__PaperlessBilling_No, categorical__StreamingTV_No."
5324,0.0448559,Low Risk,54.6,Medium Value,Low,"categorical__Partner_No, categorical__StreamingTV_No, categorical__DeviceProtection_No","categorical__Contract_Month-to-month, categorical__PaperlessBilling_Yes, categorical__StreamingTV_Yes","Continue normal customer engagement and loyalty communication to maintain customer satisfaction. Prioritize addressing the key churn drivers identified: categorical__Partner_No, categorical__StreamingTV_No, categorical__DeviceProtection_No."
805,0.043950126,Low Risk,76.8,Medium Value,Low,"categorical__OnlineSecurity_No, categorical__gender_Female, categorical__Partner_Yes","categorical__Contract_Month-to-month, numerical__tenure, categorical__gender_Male","Continue normal customer engagement and loyalty communication to maintain customer satisfaction. Prioritize addressing the key churn drivers identified: categorical__OnlineSecurity_No, categorical__gender_Female, categorical__Partner_Yes."
4472,0.043669667,Low Risk,80.35,Medium Value,Low,"categorical__PaperlessBilling_No, categorical__StreamingTV_No, categorical__InternetService_Fiber optic","categorical__Contract_Month-to-month, categorical__PaperlessBilling_Yes, categorical__Contract_Two year","Continue normal customer engagement and loyalty communication to maintain customer satisfaction. Prioritize addressing the key churn drivers identified: categorical__PaperlessBilling_No, categorical__StreamingTV_No, categorical__InternetService_Fiber optic."
5527,0.043571945,Low Risk,105.0,High Value,Low,"categorical__InternetService_Fiber optic, categorical__gender_Female, categorical__OnlineSecurity_No","numerical__tenure, categorical__Contract_Month-to-month, categorical__gender_Male","Continue normal customer engagement and loyalty communication to maintain customer satisfaction. Prioritize addressing the key churn drivers identified: categorical__InternetService_Fiber optic, categorical__gender_Female, categorical__OnlineSecurity_No."
5132,0.043380924,Low Risk,66.2,Medium Value,Low,"categorical__PaymentMethod_Electronic check, categorical__DeviceProtection_No, categorical__Partner_Yes","numerical__tenure, categorical__Contract_Month-to-month, categorical__OnlineSecurity_No","Continue normal customer engagement and loyalty communication to maintain customer satisfaction. Prioritize addressing the key churn drivers identified: categorical__PaymentMethod_Electronic check, categorical__DeviceProtection_No, categorical__Partner_Yes."
6034,0.042973,Low Risk,20.25,Low Value,Low,"categorical__gender_Female, categorical__Partner_No, numerical__tenure","categorical__Contract_Month-to-month, categorical__PaperlessBilling_Yes, categorical__gender_Male","Continue normal customer engagement and loyalty communication to maintain customer satisfaction. Prioritize addressing the key churn drivers identified: categorical__gender_Female, categorical__Partner_No, numerical__tenure."
1654,0.042379197,Low Risk,18.8,Low Value,Low,"numerical__tenure, categorical__Contract_Two year, categorical__Partner_Yes","categorical__Contract_Month-to-month, numerical__MonthlyCharges, categorical__PaperlessBilling_Yes","Continue normal customer engagement and loyalty communication to maintain customer satisfaction. Prioritize addressing the key churn drivers identified: numerical__tenure, categorical__Contract_Two year, categorical__Partner_Yes."
658,0.04217053,Low Risk,19.85,Low Value,Low,"numerical__tenure, categorical__PaperlessBilling_No, categorical__Contract_Two year","categorical__Contract_Month-to-month, categorical__PaperlessBilling_Yes, categorical__OnlineSecurity_No","Continue normal customer engagement and loyalty communication to maintain customer satisfaction. Prioritize addressing the key churn drivers identified: numerical__tenure, categorical__PaperlessBilling_No, categorical__Contract_Two year."
5088,0.041938636,Low Risk,19.75,Low Value,Low,"numerical__MonthlyCharges, categorical__gender_Female, categorical__PaymentMethod_Bank transfer (automatic)","categorical__Contract_Month-to-month, categorical__Contract_Two year, categorical__PaperlessBilling_Yes","Continue normal customer engagement and loyalty communication to maintain customer satisfaction. Prioritize addressing the key churn drivers identified: numerical__MonthlyCharges, categorical__gender_Female, categorical__PaymentMethod_Bank transfer (automatic)."
1729,0.04158126,Low Risk,89.45,High Value,Low,"categorical__Partner_Yes, categorical__PaperlessBilling_No, categorical__InternetService_Fiber optic","numerical__tenure, categorical__Contract_Month-to-month, categorical__PaperlessBilling_Yes","Continue normal customer engagement and loyalty communication to maintain customer satisfaction. Prioritize addressing the key churn drivers identified: categorical__Partner_Yes, categorical__PaperlessBilling_No, categorical__InternetService_Fiber optic."
884,0.04131767,Low Risk,35.8,Low Value,Low,"categorical__gender_Female, categorical__StreamingTV_No, categorical__DeviceProtection_No","categorical__Contract_Month-to-month, categorical__gender_Male, categorical__StreamingTV_Yes","Continue normal customer engagement and loyalty communication to maintain customer satisfaction. Prioritize addressing the key churn drivers identified: categorical__gender_Female, categorical__StreamingTV_No, categorical__DeviceProtection_No."
6720,0.040482707,Low Risk,84.1,High Value,Low,"categorical__OnlineSecurity_No, categorical__Partner_Yes, categorical__MultipleLines_No","categorical__Contract_Month-to-month, categorical__Contract_Two year, categorical__InternetService_Fiber optic","Continue normal customer engagement and loyalty communication to maintain customer satisfaction. Prioritize addressing the key churn drivers identified: categorical__OnlineSecurity_No, categorical__Partner_Yes, categorical__MultipleLines_No."
6500,0.039421163,Low Risk,35.1,Low Value,Low,"categorical__gender_Female, categorical__Partner_No, categorical__StreamingTV_No","categorical__Contract_Month-to-month, categorical__Contract_Two year, categorical__PaperlessBilling_Yes","Continue normal customer engagement and loyalty communication to maintain customer satisfaction. Prioritize addressing the key churn drivers identified: categorical__gender_Female, categorical__Partner_No, categorical__StreamingTV_No."
1104,0.03939676,Low Risk,19.55,Low Value,Low,"categorical__Partner_No, categorical__Contract_Two year, categorical__PaperlessBilling_Yes","categorical__Contract_Month-to-month, categorical__OnlineSecurity_No, categorical__InternetService_Fiber optic","Continue normal customer engagement and loyalty communication to maintain customer satisfaction. Prioritize addressing the key churn drivers identified: categorical__Partner_No, categorical__Contract_Two year, categorical__PaperlessBilling_Yes."
1333,0.039260548,Low Risk,35.4,Low Value,Low,"categorical__Partner_No, categorical__StreamingTV_No, categorical__DeviceProtection_No","categorical__Contract_Month-to-month, numerical__tenure, categorical__StreamingTV_Yes","Continue normal customer engagement and loyalty communication to maintain customer satisfaction. Prioritize addressing the key churn drivers identified: categorical__Partner_No, categorical__StreamingTV_No, categorical__DeviceProtection_No."
5580,0.039047506,Low Risk,19.95,Low Value,Low,"categorical__Partner_No, categorical__PaperlessBilling_No, categorical__Contract_Two year","categorical__Contract_Month-to-month, categorical__PaperlessBilling_Yes, numerical__MonthlyCharges","Continue normal customer engagement and loyalty communication to maintain customer satisfaction. Prioritize addressing the key churn drivers identified: categorical__Partner_No, categorical__PaperlessBilling_No, categorical__Contract_Two year."
5082,0.038335867,Low Risk,19.8,Low Value,Low,"numerical__MonthlyCharges, categorical__PaperlessBilling_No, categorical__Partner_Yes","categorical__Contract_Month-to-month, categorical__PaperlessBilling_Yes, categorical__InternetService_Fiber optic","Continue normal customer engagement and loyalty communication to maintain customer satisfaction. Prioritize addressing the key churn drivers identified: numerical__MonthlyCharges, categorical__PaperlessBilling_No, categorical__Partner_Yes."
5042,0.038335867,Low Risk,19.8,Low Value,Low,"numerical__MonthlyCharges, categorical__PaperlessBilling_No, categorical__Partner_Yes","categorical__Contract_Month-to-month, categorical__PaperlessBilling_Yes, categorical__InternetService_Fiber optic","Continue normal customer engagement and loyalty communication to maintain customer satisfaction. Prioritize addressing the key churn drivers identified: numerical__MonthlyCharges, categorical__PaperlessBilling_No, categorical__Partner_Yes."
4119,0.037748974,Low Risk,19.15,Low Value,Low,"categorical__Partner_No, categorical__PaperlessBilling_Yes, categorical__Contract_Two year","categorical__Contract_Month-to-month, numerical__tenure, categorical__OnlineSecurity_No","Continue normal customer engagement and loyalty communication to maintain customer satisfaction. Prioritize addressing the key churn drivers identified: categorical__Partner_No, categorical__PaperlessBilling_Yes, categorical__Contract_Two year."
4600,0.037728,Low Risk,115.85,High Value,Low,"categorical__InternetService_Fiber optic, categorical__PaperlessBilling_No, categorical__StreamingTV_Yes","categorical__Contract_Month-to-month, categorical__Contract_Two year, numerical__tenure","Continue normal customer engagement and loyalty communication to maintain customer satisfaction. Prioritize addressing the key churn drivers identified: categorical__InternetService_Fiber optic, categorical__PaperlessBilling_No, categorical__StreamingTV_Yes."
1343,0.037468076,Low Risk,73.05,Medium Value,Low,"categorical__StreamingMovies_Yes, categorical__Partner_Yes, categorical__Contract_One year","numerical__tenure, categorical__Contract_Month-to-month, categorical__InternetService_Fiber optic","Continue normal customer engagement and loyalty communication to maintain customer satisfaction. Prioritize addressing the key churn drivers identified: categorical__StreamingMovies_Yes, categorical__Partner_Yes, categorical__Contract_One year."
861,0.03724458,Low Risk,93.4,High Value,Low,"categorical__InternetService_Fiber optic, categorical__Partner_Yes, categorical__PaperlessBilling_No","categorical__Contract_Month-to-month, numerical__tenure, categorical__Contract_Two year","Continue normal customer engagement and loyalty communication to maintain customer satisfaction. Prioritize addressing the key churn drivers identified: categorical__InternetService_Fiber optic, categorical__Partner_Yes, categorical__PaperlessBilling_No."
1162,0.03710833,Low Risk,72.35,Medium Value,Low,"categorical__gender_Female, categorical__StreamingTV_No, categorical__StreamingMovies_Yes","categorical__Contract_Month-to-month, numerical__tenure, categorical__gender_Male","Continue normal customer engagement and loyalty communication to maintain customer satisfaction. Prioritize addressing the key churn drivers identified: categorical__gender_Female, categorical__StreamingTV_No, categorical__StreamingMovies_Yes."
49,0.036636002,Low Risk,64.15,Medium Value,Low,"categorical__StreamingTV_No, categorical__gender_Female, categorical__OnlineBackup_No","categorical__Contract_Month-to-month, numerical__tenure, categorical__Contract_Two year","Continue normal customer engagement and loyalty communication to maintain customer satisfaction. Prioritize addressing the key churn drivers identified: categorical__StreamingTV_No, categorical__gender_Female, categorical__OnlineBackup_No."
4758,0.036348697,Low Risk,19.7,Low Value,Low,"categorical__gender_Female, categorical__Partner_No, categorical__PaperlessBilling_No","categorical__Contract_Month-to-month, categorical__Contract_Two year, categorical__PaperlessBilling_Yes","Continue normal customer engagement and loyalty communication to maintain customer satisfaction. Prioritize addressing the key churn drivers identified: categorical__gender_Female, categorical__Partner_No, categorical__PaperlessBilling_No."
5066,0.03629395,Low Risk,54.3,Medium Value,Low,"numerical__TotalCharges, categorical__MultipleLines_No, categorical__OnlineSecurity_No","categorical__Contract_Month-to-month, categorical__Contract_Two year, categorical__PaperlessBilling_Yes","Continue normal customer engagement and loyalty communication to maintain customer satisfaction. Prioritize addressing the key churn drivers identified: numerical__TotalCharges, categorical__MultipleLines_No, categorical__OnlineSecurity_No."
4765,0.036227662,Low Risk,35.8,Low Value,Low,"categorical__Partner_No, categorical__DeviceProtection_No, categorical__StreamingTV_Yes","categorical__Contract_Month-to-month, categorical__Contract_Two year, categorical__PaperlessBilling_Yes","Continue normal customer engagement and loyalty communication to maintain customer satisfaction. Prioritize addressing the key churn drivers identified: categorical__Partner_No, categorical__DeviceProtection_No, categorical__StreamingTV_Yes."
1616,0.03611751,Low Risk,19.4,Low Value,Low,"numerical__MonthlyCharges, numerical__TotalCharges, categorical__Partner_Yes","categorical__Contract_Month-to-month, categorical__Contract_Two year, categorical__OnlineSecurity_No","Continue normal customer engagement and loyalty communication to maintain customer satisfaction. Prioritize addressing the key churn drivers identified: numerical__MonthlyCharges, numerical__TotalCharges, categorical__Partner_Yes."
5940,0.03606315,Low Risk,85.85,High Value,Low,"categorical__InternetService_Fiber optic, categorical__DeviceProtection_Yes, categorical__Partner_Yes","categorical__Contract_Month-to-month, numerical__tenure, numerical__TotalCharges","Continue normal customer engagement and loyalty communication to maintain customer satisfaction. Prioritize addressing the key churn drivers identified: categorical__InternetService_Fiber optic, categorical__DeviceProtection_Yes, categorical__Partner_Yes."
3073,0.036036763,Low Risk,58.75,Medium Value,Low,"numerical__TotalCharges, categorical__gender_Female, categorical__Partner_No","categorical__Contract_Month-to-month, categorical__Contract_Two year, categorical__InternetService_Fiber optic","Continue normal customer engagement and loyalty communication to maintain customer satisfaction. Prioritize addressing the key churn drivers identified: numerical__TotalCharges, categorical__gender_Female, categorical__Partner_No."
1092,0.035890132,Low Risk,64.95,Medium Value,Low,"categorical__PaperlessBilling_No, categorical__StreamingTV_No, categorical__StreamingMovies_No","categorical__Contract_Month-to-month, categorical__Contract_Two year, categorical__PaperlessBilling_Yes","Continue normal customer engagement and loyalty communication to maintain customer satisfaction. Prioritize addressing the key churn drivers identified: categorical__PaperlessBilling_No, categorical__StreamingTV_No, categorical__StreamingMovies_No."
1636,0.035829972,Low Risk,24.35,Low Value,Low,"categorical__gender_Female, categorical__Partner_No, categorical__PaperlessBilling_No","categorical__Contract_Month-to-month, categorical__gender_Male, categorical__PaperlessBilling_Yes","Continue normal customer engagement and loyalty communication to maintain customer satisfaction. Prioritize addressing the key churn drivers identified: categorical__gender_Female, categorical__Partner_No, categorical__PaperlessBilling_No."
2257,0.035807636,Low Risk,80.55,Medium Value,Low,"categorical__gender_Female, categorical__PaperlessBilling_No, categorical__StreamingMovies_Yes","numerical__tenure, categorical__Contract_Month-to-month, categorical__PaperlessBilling_Yes","Continue normal customer engagement and loyalty communication to maintain customer satisfaction. Prioritize addressing the key churn drivers identified: categorical__gender_Female, categorical__PaperlessBilling_No, categorical__StreamingMovies_Yes."
4398,0.035192482,Low Risk,68.95,Medium Value,Low,"categorical__PaperlessBilling_No, categorical__Partner_Yes, categorical__OnlineBackup_No","categorical__Contract_Month-to-month, categorical__Contract_Two year, categorical__PaperlessBilling_Yes","Continue normal customer engagement and loyalty communication to maintain customer satisfaction. Prioritize addressing the key churn drivers identified: categorical__PaperlessBilling_No, categorical__Partner_Yes, categorical__OnlineBackup_No."
5601,0.03512292,Low Risk,40.9,Low Value,Low,"categorical__gender_Female, categorical__StreamingTV_Yes, categorical__PaperlessBilling_No","categorical__Contract_Month-to-month, numerical__tenure, categorical__PaperlessBilling_Yes","Continue normal customer engagement and loyalty communication to maintain customer satisfaction. Prioritize addressing the key churn drivers identified: categorical__gender_Female, categorical__StreamingTV_Yes, categorical__PaperlessBilling_No."
4429,0.0349515,Low Risk,79.7,Medium Value,Low,"categorical__gender_Female, categorical__PaperlessBilling_No, categorical__Partner_Yes","categorical__Contract_Month-to-month, categorical__Contract_Two year, categorical__PaperlessBilling_Yes","Continue normal customer engagement and loyalty communication to maintain customer satisfaction. Prioritize addressing the key churn drivers identified: categorical__gender_Female, categorical__PaperlessBilling_No, categorical__Partner_Yes."
2653,0.034890745,Low Risk,75.35,Medium Value,Low,"categorical__gender_Female, categorical__PaperlessBilling_No, categorical__DeviceProtection_No","categorical__Contract_Month-to-month, categorical__Contract_Two year, categorical__PaperlessBilling_Yes","Continue normal customer engagement and loyalty communication to maintain customer satisfaction. Prioritize addressing the key churn drivers identified: categorical__gender_Female, categorical__PaperlessBilling_No, categorical__DeviceProtection_No."
753,0.034816936,Low Risk,20.25,Low Value,Low,"numerical__tenure, numerical__TotalCharges, categorical__Partner_No","categorical__Contract_Month-to-month, categorical__Contract_Two year, categorical__OnlineSecurity_No","Continue normal customer engagement and loyalty communication to maintain customer satisfaction. Prioritize addressing the key churn drivers identified: numerical__tenure, numerical__TotalCharges, categorical__Partner_No."
1254,0.034769583,Low Risk,88.8,High Value,Low,"categorical__gender_Female, categorical__PaperlessBilling_No, categorical__InternetService_Fiber optic","categorical__Contract_Month-to-month, numerical__tenure, categorical__Contract_Two year","Continue normal customer engagement and loyalty communication to maintain customer satisfaction. Prioritize addressing the key churn drivers identified: categorical__gender_Female, categorical__PaperlessBilling_No, categorical__InternetService_Fiber optic."
1757,0.03472797,Low Risk,79.95,Medium Value,Low,"categorical__InternetService_Fiber optic, categorical__StreamingTV_No, categorical__OnlineSecurity_No","categorical__Contract_Month-to-month, categorical__Contract_Two year, categorical__StreamingTV_Yes","Continue normal customer engagement and loyalty communication to maintain customer satisfaction. Prioritize addressing the key churn drivers identified: categorical__InternetService_Fiber optic, categorical__StreamingTV_No, categorical__OnlineSecurity_No."
979,0.034156352,Low Risk,54.95,Medium Value,Low,"categorical__gender_Female, categorical__StreamingTV_No, categorical__DeviceProtection_No","categorical__Contract_Month-to-month, numerical__tenure, categorical__gender_Male","Continue normal customer engagement and loyalty communication to maintain customer satisfaction. Prioritize addressing the key churn drivers identified: categorical__gender_Female, categorical__StreamingTV_No, categorical__DeviceProtection_No."
4788,0.033721775,Low Risk,54.15,Medium Value,Low,"categorical__StreamingTV_No, categorical__Partner_No, categorical__OnlineBackup_No","categorical__Contract_Month-to-month, numerical__tenure, categorical__PaperlessBilling_Yes","Continue normal customer engagement and loyalty communication to maintain customer satisfaction. Prioritize addressing the key churn drivers identified: categorical__StreamingTV_No, categorical__Partner_No, categorical__OnlineBackup_No."
3008,0.03341234,Low Risk,20.0,Low Value,Low,"categorical__gender_Female, categorical__Partner_No, categorical__PaperlessBilling_No","categorical__Contract_Month-to-month, categorical__PaperlessBilling_Yes, categorical__gender_Male","Continue normal customer engagement and loyalty communication to maintain customer satisfaction. Prioritize addressing the key churn drivers identified: categorical__gender_Female, categorical__Partner_No, categorical__PaperlessBilling_No."
2381,0.032989353,Low Risk,19.5,Low Value,Low,"categorical__Partner_No, categorical__PaperlessBilling_No, categorical__Contract_Two year","categorical__Contract_Month-to-month, categorical__PaperlessBilling_Yes, categorical__OnlineSecurity_No","Continue normal customer engagement and loyalty communication to maintain customer satisfaction. Prioritize addressing the key churn drivers identified: categorical__Partner_No, categorical__PaperlessBilling_No, categorical__Contract_Two year."
2212,0.032989353,Low Risk,19.5,Low Value,Low,"categorical__Partner_No, categorical__PaperlessBilling_No, categorical__Contract_Two year","categorical__Contract_Month-to-month, categorical__PaperlessBilling_Yes, categorical__OnlineSecurity_No","Continue normal customer engagement and loyalty communication to maintain customer satisfaction. Prioritize addressing the key churn drivers identified: categorical__Partner_No, categorical__PaperlessBilling_No, categorical__Contract_Two year."
2142,0.03291157,Low Risk,64.85,Medium Value,Low,"categorical__gender_Female, categorical__StreamingTV_No, categorical__Partner_No","categorical__Contract_Month-to-month, categorical__PaperlessBilling_Yes, categorical__InternetService_Fiber optic","Continue normal customer engagement and loyalty communication to maintain customer satisfaction. Prioritize addressing the key churn drivers identified: categorical__gender_Female, categorical__StreamingTV_No, categorical__Partner_No."
2552,0.032886215,Low Risk,26.9,Low Value,Low,"categorical__gender_Female, categorical__PaperlessBilling_No, categorical__Partner_Yes","categorical__Contract_Month-to-month, categorical__PaperlessBilling_Yes, categorical__gender_Male","Continue normal customer engagement and loyalty communication to maintain customer satisfaction. Prioritize addressing the key churn drivers identified: categorical__gender_Female, categorical__PaperlessBilling_No, categorical__Partner_Yes."
1119,0.032844823,Low Risk,59.5,Medium Value,Low,"categorical__PaperlessBilling_No, categorical__Partner_Yes, categorical__OnlineBackup_No","categorical__Contract_Month-to-month, categorical__Contract_Two year, categorical__PaperlessBilling_Yes","Continue normal customer engagement and loyalty communication to maintain customer satisfaction. Prioritize addressing the key churn drivers identified: categorical__PaperlessBilling_No, categorical__Partner_Yes, categorical__OnlineBackup_No."
350,0.032805454,Low Risk,62.8,Medium Value,Low,"categorical__StreamingTV_No, categorical__Partner_Yes, categorical__OnlineBackup_No","categorical__Contract_Month-to-month, categorical__Contract_Two year, categorical__InternetService_Fiber optic","Continue normal customer engagement and loyalty communication to maintain customer satisfaction. Prioritize addressing the key churn drivers identified: categorical__StreamingTV_No, categorical__Partner_Yes, categorical__OnlineBackup_No."
164,0.032331083,Low Risk,20.6,Low Value,Low,"categorical__gender_Female, categorical__PaperlessBilling_No, categorical__Partner_Yes","categorical__Contract_Month-to-month, numerical__MonthlyCharges, categorical__PaperlessBilling_Yes","Continue normal customer engagement and loyalty communication to maintain customer satisfaction. Prioritize addressing the key churn drivers identified: categorical__gender_Female, categorical__PaperlessBilling_No, categorical__Partner_Yes."
2853,0.031967666,Low Risk,79.2,Medium Value,Low,"categorical__gender_Female, categorical__InternetService_Fiber optic, categorical__OnlineSecurity_No","numerical__tenure, categorical__Contract_Month-to-month, categorical__gender_Male","Continue normal customer engagement and loyalty communication to maintain customer satisfaction. Prioritize addressing the key churn drivers identified: categorical__gender_Female, categorical__InternetService_Fiber optic, categorical__OnlineSecurity_No."
2898,0.031805217,Low Risk,63.4,Medium Value,Low,"categorical__gender_Female, numerical__tenure, categorical__Partner_No","categorical__Contract_Month-to-month, categorical__Contract_Two year, numerical__MonthlyCharges","Continue normal customer engagement and loyalty communication to maintain customer satisfaction. Prioritize addressing the key churn drivers identified: categorical__gender_Female, numerical__tenure, categorical__Partner_No."
6490,0.031715307,Low Risk,19.4,Low Value,Low,"numerical__MonthlyCharges, categorical__Partner_No, categorical__PaperlessBilling_No","categorical__Contract_Month-to-month, categorical__PaperlessBilling_Yes, numerical__tenure","Continue normal customer engagement and loyalty communication to maintain customer satisfaction. Prioritize addressing the key churn drivers identified: numerical__MonthlyCharges, categorical__Partner_No, categorical__PaperlessBilling_No."
6216,0.0314904,Low Risk,71.6,Medium Value,Low,"categorical__PaperlessBilling_No, categorical__StreamingTV_No, categorical__InternetService_DSL","categorical__Contract_Month-to-month, categorical__Contract_Two year, numerical__tenure","Continue normal customer engagement and loyalty communication to maintain customer satisfaction. Prioritize addressing the key churn drivers identified: categorical__PaperlessBilling_No, categorical__StreamingTV_No, categorical__InternetService_DSL."
4845,0.03098072,Low Risk,39.4,Low Value,Low,"categorical__StreamingTV_No, categorical__OnlineBackup_No, categorical__Partner_Yes","categorical__Contract_Month-to-month, categorical__Contract_Two year, categorical__InternetService_Fiber optic","Continue normal customer engagement and loyalty communication to maintain customer satisfaction. Prioritize addressing the key churn drivers identified: categorical__StreamingTV_No, categorical__OnlineBackup_No, categorical__Partner_Yes."
2450,0.030887565,Low Risk,110.45,High Value,Low,"categorical__gender_Female, categorical__OnlineBackup_No, categorical__InternetService_Fiber optic","numerical__tenure, categorical__Contract_Month-to-month, categorical__gender_Male","Continue normal customer engagement and loyalty communication to maintain customer satisfaction. Prioritize addressing the key churn drivers identified: categorical__gender_Female, categorical__OnlineBackup_No, categorical__InternetService_Fiber optic."
5524,0.030665547,Low Risk,54.65,Medium Value,Low,"categorical__StreamingTV_No, categorical__PaperlessBilling_No, categorical__DeviceProtection_No","categorical__Contract_Month-to-month, categorical__Contract_Two year, categorical__PaperlessBilling_Yes","Continue normal customer engagement and loyalty communication to maintain customer satisfaction. Prioritize addressing the key churn drivers identified: categorical__StreamingTV_No, categorical__PaperlessBilling_No, categorical__DeviceProtection_No."
4919,0.029476838,Low Risk,39.15,Low Value,Low,"categorical__StreamingTV_No, categorical__Partner_Yes, categorical__OnlineBackup_No","categorical__Contract_Month-to-month, categorical__Contract_Two year, numerical__tenure","Continue normal customer engagement and loyalty communication to maintain customer satisfaction. Prioritize addressing the key churn drivers identified: categorical__StreamingTV_No, categorical__Partner_Yes, categorical__OnlineBackup_No."
6143,0.029360093,Low Risk,20.35,Low Value,Low,"categorical__Partner_Yes, categorical__Contract_Two year, categorical__PaperlessBilling_Yes","categorical__Contract_Month-to-month, numerical__MonthlyCharges, numerical__tenure","Continue normal customer engagement and loyalty communication to maintain customer satisfaction. Prioritize addressing the key churn drivers identified: categorical__Partner_Yes, categorical__Contract_Two year, categorical__PaperlessBilling_Yes."
4274,0.02921007,Low Risk,18.85,Low Value,Low,"categorical__Partner_No, categorical__Contract_Two year, categorical__PaperlessBilling_No","categorical__Contract_Month-to-month, numerical__MonthlyCharges, categorical__PaperlessBilling_Yes","Continue normal customer engagement and loyalty communication to maintain customer satisfaction. Prioritize addressing the key churn drivers identified: categorical__Partner_No, categorical__Contract_Two year, categorical__PaperlessBilling_No."
4543,0.029154347,Low Risk,19.5,Low Value,Low,"categorical__PaperlessBilling_No, categorical__Partner_Yes, categorical__Contract_Two year","categorical__Contract_Month-to-month, categorical__PaperlessBilling_Yes, categorical__InternetService_Fiber optic","Continue normal customer engagement and loyalty communication to maintain customer satisfaction. Prioritize addressing the key churn drivers identified: categorical__PaperlessBilling_No, categorical__Partner_Yes, categorical__Contract_Two year."
2289,0.029099828,Low Risk,107.45,High Value,Low,"numerical__MonthlyCharges, categorical__OnlineBackup_No, categorical__gender_Female","numerical__tenure, categorical__Contract_Month-to-month, categorical__PaperlessBilling_Yes","Continue normal customer engagement and loyalty communication to maintain customer satisfaction. Prioritize addressing the key churn drivers identified: numerical__MonthlyCharges, categorical__OnlineBackup_No, categorical__gender_Female."
3627,0.028842356,Low Risk,20.1,Low Value,Low,"categorical__gender_Female, categorical__Partner_No, categorical__PaperlessBilling_No","categorical__Contract_Month-to-month, categorical__PaperlessBilling_Yes, categorical__gender_Male","Continue normal customer engagement and loyalty communication to maintain customer satisfaction. Prioritize addressing the key churn drivers identified: categorical__gender_Female, categorical__Partner_No, categorical__PaperlessBilling_No."
5641,0.028790792,Low Risk,25.45,Low Value,Low,"categorical__PaperlessBilling_No, categorical__Partner_No, categorical__Contract_Two year","categorical__Contract_Month-to-month, categorical__PaperlessBilling_Yes, categorical__OnlineSecurity_No","Continue normal customer engagement and loyalty communication to maintain customer satisfaction. Prioritize addressing the key churn drivers identified: categorical__PaperlessBilling_No, categorical__Partner_No, categorical__Contract_Two year."
4636,0.028742792,Low Risk,20.0,Low Value,Low,"categorical__PaperlessBilling_No, categorical__Partner_Yes, categorical__Contract_Two year","categorical__Contract_Month-to-month, categorical__PaperlessBilling_Yes, numerical__MonthlyCharges","Continue normal customer engagement and loyalty communication to maintain customer satisfaction. Prioritize addressing the key churn drivers identified: categorical__PaperlessBilling_No, categorical__Partner_Yes, categorical__Contract_Two year."
3914,0.028670857,Low Risk,19.9,Low Value,Low,"categorical__Partner_No, categorical__PaperlessBilling_No, categorical__Contract_Two year","categorical__Contract_Month-to-month, categorical__PaperlessBilling_Yes, numerical__MonthlyCharges","Continue normal customer engagement and loyalty communication to maintain customer satisfaction. Prioritize addressing the key churn drivers identified: categorical__Partner_No, categorical__PaperlessBilling_No, categorical__Contract_Two year."
4767,0.028466363,Low Risk,19.85,Low Value,Low,"numerical__tenure, numerical__TotalCharges, categorical__PaperlessBilling_No","categorical__Contract_Month-to-month, categorical__PaymentMethod_Credit card (automatic), numerical__MonthlyCharges","Continue normal customer engagement and loyalty communication to maintain customer satisfaction. Prioritize addressing the key churn drivers identified: numerical__tenure, numerical__TotalCharges, categorical__PaperlessBilling_No."
4807,0.028452728,Low Risk,116.15,High Value,Low,"categorical__gender_Female, categorical__InternetService_Fiber optic, categorical__Partner_No","categorical__Contract_Month-to-month, numerical__TotalCharges, categorical__OnlineSecurity_No","Continue normal customer engagement and loyalty communication to maintain customer satisfaction. Prioritize addressing the key churn drivers identified: categorical__gender_Female, categorical__InternetService_Fiber optic, categorical__Partner_No."
4192,0.028276494,Low Risk,20.15,Low Value,Low,"categorical__Partner_No, categorical__PaperlessBilling_No, categorical__Contract_Two year","categorical__Contract_Month-to-month, categorical__PaperlessBilling_Yes, numerical__tenure","Continue normal customer engagement and loyalty communication to maintain customer satisfaction. Prioritize addressing the key churn drivers identified: categorical__Partner_No, categorical__PaperlessBilling_No, categorical__Contract_Two year."
4711,0.028129024,Low Risk,19.8,Low Value,Low,"numerical__MonthlyCharges, categorical__Partner_No, categorical__PaperlessBilling_No","categorical__Contract_Month-to-month, numerical__tenure, categorical__PaperlessBilling_Yes","Continue normal customer engagement and loyalty communication to maintain customer satisfaction. Prioritize addressing the key churn drivers identified: numerical__MonthlyCharges, categorical__Partner_No, categorical__PaperlessBilling_No."
4044,0.028126247,Low Risk,84.8,High Value,Low,"categorical__gender_Female, categorical__Partner_Yes, categorical__OnlineSecurity_No","categorical__Contract_Month-to-month, categorical__Contract_Two year, categorical__InternetService_Fiber optic","Continue normal customer engagement and loyalty communication to maintain customer satisfaction. Prioritize addressing the key churn drivers identified: categorical__gender_Female, categorical__Partner_Yes, categorical__OnlineSecurity_No."
2986,0.028038677,Low Risk,69.05,Medium Value,Low,"categorical__gender_Female, categorical__StreamingTV_No, categorical__InternetService_Fiber optic","categorical__Contract_Month-to-month, numerical__tenure, numerical__TotalCharges","Continue normal customer engagement and loyalty communication to maintain customer satisfaction. Prioritize addressing the key churn drivers identified: categorical__gender_Female, categorical__StreamingTV_No, categorical__InternetService_Fiber optic."
700,0.02793302,Low Risk,63.3,Medium Value,Low,"categorical__DeviceProtection_Yes, categorical__OnlineSecurity_No, categorical__Partner_Yes","categorical__Contract_Month-to-month, numerical__tenure, numerical__MonthlyCharges","Continue normal customer engagement and loyalty communication to maintain customer satisfaction. Prioritize addressing the key churn drivers identified: categorical__DeviceProtection_Yes, categorical__OnlineSecurity_No, categorical__Partner_Yes."
2630,0.027842753,Low Risk,84.65,High Value,Low,"categorical__StreamingTV_No, categorical__InternetService_Fiber optic, categorical__DeviceProtection_No","numerical__tenure, categorical__Contract_Month-to-month, categorical__Contract_Two year","Continue normal customer engagement and loyalty communication to maintain customer satisfaction. Prioritize addressing the key churn drivers identified: categorical__StreamingTV_No, categorical__InternetService_Fiber optic, categorical__DeviceProtection_No."
5267,0.027789742,Low Risk,19.85,Low Value,Low,"numerical__SeniorCitizen, categorical__PaperlessBilling_No, categorical__Contract_Two year","categorical__Contract_Month-to-month, categorical__PaperlessBilling_Yes, categorical__PaymentMethod_Credit card (automatic)","Continue normal customer engagement and loyalty communication to maintain customer satisfaction. Prioritize addressing the key churn drivers identified: numerical__SeniorCitizen, categorical__PaperlessBilling_No, categorical__Contract_Two year."
4584,0.02759483,Low Risk,74.1,Medium Value,Low,"categorical__StreamingTV_No, categorical__PaperlessBilling_No, categorical__Partner_No","categorical__Contract_Month-to-month, categorical__Contract_Two year, numerical__tenure","Continue normal customer engagement and loyalty communication to maintain customer satisfaction. Prioritize addressing the key churn drivers identified: categorical__StreamingTV_No, categorical__PaperlessBilling_No, categorical__Partner_No."
2158,0.027278565,Low Risk,84.5,High Value,Low,"categorical__gender_Female, categorical__OnlineBackup_No, categorical__Partner_Yes","categorical__Contract_Month-to-month, numerical__tenure, categorical__Contract_Two year","Continue normal customer engagement and loyalty communication to maintain customer satisfaction. Prioritize addressing the key churn drivers identified: categorical__gender_Female, categorical__OnlineBackup_No, categorical__Partner_Yes."
6577,0.027156409,Low Risk,72.95,Medium Value,Low,"categorical__PaperlessBilling_No, categorical__Partner_Yes, categorical__StreamingMovies_No","categorical__Contract_Month-to-month, categorical__Contract_Two year, categorical__PaperlessBilling_Yes","Continue normal customer engagement and loyalty communication to maintain customer satisfaction. Prioritize addressing the key churn drivers identified: categorical__PaperlessBilling_No, categorical__Partner_Yes, categorical__StreamingMovies_No."
6343,0.02711246,Low Risk,20.1,Low Value,Low,"categorical__Partner_No, categorical__PaperlessBilling_No, categorical__Contract_Two year","categorical__Contract_Month-to-month, categorical__PaperlessBilling_Yes, numerical__MonthlyCharges","Continue normal customer engagement and loyalty communication to maintain customer satisfaction. Prioritize addressing the key churn drivers identified: categorical__Partner_No, categorical__PaperlessBilling_No, categorical__Contract_Two year."
5074,0.027085735,Low Risk,19.45,Low Value,Low,"categorical__gender_Female, numerical__MonthlyCharges, categorical__Partner_No","categorical__Contract_Month-to-month, categorical__PaymentMethod_Credit card (automatic), categorical__PaperlessBilling_Yes","Continue normal customer engagement and loyalty communication to maintain customer satisfaction. Prioritize addressing the key churn drivers identified: categorical__gender_Female, numerical__MonthlyCharges, categorical__Partner_No."
1735,0.026893692,Low Risk,114.45,High Value,Low,"numerical__TotalCharges, categorical__PaperlessBilling_No, categorical__InternetService_Fiber optic","numerical__tenure, categorical__Contract_Month-to-month, categorical__Contract_Two year","Continue normal customer engagement and loyalty communication to maintain customer satisfaction. Prioritize addressing the key churn drivers identified: numerical__TotalCharges, categorical__PaperlessBilling_No, categorical__InternetService_Fiber optic."
1802,0.02681811,Low Risk,38.55,Low Value,Low,"categorical__StreamingTV_No, categorical__StreamingMovies_No, numerical__tenure","categorical__Contract_Month-to-month, categorical__Contract_Two year, categorical__PaperlessBilling_Yes","Continue normal customer engagement and loyalty communication to maintain customer satisfaction. Prioritize addressing the key churn drivers identified: categorical__StreamingTV_No, categorical__StreamingMovies_No, numerical__tenure."
2138,0.026077881,Low Risk,69.95,Medium Value,Low,"categorical__gender_Female, categorical__PaperlessBilling_No, categorical__StreamingTV_No","categorical__Contract_Month-to-month, categorical__Contract_Two year, categorical__PaperlessBilling_Yes","Continue normal customer engagement and loyalty communication to maintain customer satisfaction. Prioritize addressing the key churn drivers identified: categorical__gender_Female, categorical__PaperlessBilling_No, categorical__StreamingTV_No."
4445,0.025651125,Low Risk,98.0,High Value,Low,"categorical__gender_Female, numerical__MonthlyCharges, categorical__InternetService_Fiber optic","categorical__Contract_Month-to-month, numerical__tenure, categorical__Contract_Two year","Continue normal customer engagement and loyalty communication to maintain customer satisfaction. Prioritize addressing the key churn drivers identified: categorical__gender_Female, numerical__MonthlyCharges, categorical__InternetService_Fiber optic."
6730,0.025393676,Low Risk,19.65,Low Value,Low,"categorical__PaperlessBilling_No, categorical__Partner_Yes, categorical__Contract_Two year","categorical__Contract_Month-to-month, categorical__PaperlessBilling_Yes, categorical__OnlineSecurity_No","Continue normal customer engagement and loyalty communication to maintain customer satisfaction. Prioritize addressing the key churn drivers identified: categorical__PaperlessBilling_No, categorical__Partner_Yes, categorical__Contract_Two year."
4029,0.025334427,Low Risk,45.05,Low Value,Low,"categorical__gender_Female, categorical__PaperlessBilling_No, categorical__Partner_No","categorical__Contract_Month-to-month, categorical__Contract_Two year, categorical__gender_Male","Continue normal customer engagement and loyalty communication to maintain customer satisfaction. Prioritize addressing the key churn drivers identified: categorical__gender_Female, categorical__PaperlessBilling_No, categorical__Partner_No."
2226,0.025261573,Low Risk,34.6,Low Value,Low,"categorical__gender_Female, categorical__StreamingTV_No, categorical__PaperlessBilling_No","categorical__Contract_Month-to-month, categorical__Contract_Two year, categorical__PaperlessBilling_Yes","Continue normal customer engagement and loyalty communication to maintain customer satisfaction. Prioritize addressing the key churn drivers identified: categorical__gender_Female, categorical__StreamingTV_No, categorical__PaperlessBilling_No."
6121,0.025241839,Low Risk,19.5,Low Value,Low,"categorical__gender_Female, categorical__PaperlessBilling_No, categorical__Partner_Yes","categorical__Contract_Month-to-month, categorical__Contract_Two year, categorical__OnlineSecurity_No","Continue normal customer engagement and loyalty communication to maintain customer satisfaction. Prioritize addressing the key churn drivers identified: categorical__gender_Female, categorical__PaperlessBilling_No, categorical__Partner_Yes."
4452,0.025100024,Low Risk,86.45,High Value,Low,"categorical__gender_Female, categorical__PaperlessBilling_No, categorical__Partner_Yes","categorical__Contract_Month-to-month, categorical__Contract_Two year, categorical__InternetService_Fiber optic","Continue normal customer engagement and loyalty communication to maintain customer satisfaction. Prioritize addressing the key churn drivers identified: categorical__gender_Female, categorical__PaperlessBilling_No, categorical__Partner_Yes."
552,0.025049563,Low Risk,19.35,Low Value,Low,"categorical__PaymentMethod_Bank transfer (automatic), categorical__PaperlessBilling_No, categorical__Partner_Yes","categorical__Contract_Month-to-month, categorical__Contract_Two year, categorical__PaperlessBilling_Yes","Continue normal customer engagement and loyalty communication to maintain customer satisfaction. Prioritize addressing the key churn drivers identified: categorical__PaymentMethod_Bank transfer (automatic), categorical__PaperlessBilling_No, categorical__Partner_Yes."
449,0.025033433,Low Risk,105.5,High Value,Low,"numerical__TotalCharges, numerical__MonthlyCharges, categorical__InternetService_Fiber optic","numerical__tenure, categorical__Contract_Month-to-month, categorical__Contract_Two year","Continue normal customer engagement and loyalty communication to maintain customer satisfaction. Prioritize addressing the key churn drivers identified: numerical__TotalCharges, numerical__MonthlyCharges, categorical__InternetService_Fiber optic."
3710,0.02485897,Low Risk,20.45,Low Value,Low,"categorical__PaperlessBilling_No, categorical__Contract_Two year, categorical__Partner_Yes","categorical__Contract_Month-to-month, categorical__PaperlessBilling_Yes, numerical__MonthlyCharges","Continue normal customer engagement and loyalty communication to maintain customer satisfaction. Prioritize addressing the key churn drivers identified: categorical__PaperlessBilling_No, categorical__Contract_Two year, categorical__Partner_Yes."
6397,0.024837727,Low Risk,65.25,Medium Value,Low,"categorical__Partner_No, categorical__StreamingTV_No, categorical__PaperlessBilling_No","categorical__Contract_Month-to-month, categorical__PaperlessBilling_Yes, numerical__TotalCharges","Continue normal customer engagement and loyalty communication to maintain customer satisfaction. Prioritize addressing the key churn drivers identified: categorical__Partner_No, categorical__StreamingTV_No, categorical__PaperlessBilling_No."
4698,0.024692642,Low Risk,80.55,Medium Value,Low,"categorical__gender_Female, categorical__OnlineSecurity_No, categorical__MultipleLines_No","categorical__Contract_Month-to-month, numerical__tenure, categorical__Contract_Two year","Continue normal customer engagement and loyalty communication to maintain customer satisfaction. Prioritize addressing the key churn drivers identified: categorical__gender_Female, categorical__OnlineSecurity_No, categorical__MultipleLines_No."
6326,0.024368519,Low Risk,43.6,Low Value,Low,"categorical__gender_Female, categorical__Partner_No, categorical__StreamingTV_No","categorical__Contract_Month-to-month, numerical__tenure, categorical__Contract_Two year","Continue normal customer engagement and loyalty communication to maintain customer satisfaction. Prioritize addressing the key churn drivers identified: categorical__gender_Female, categorical__Partner_No, categorical__StreamingTV_No."
2788,0.024341637,Low Risk,85.45,High Value,Low,"categorical__DeviceProtection_No, categorical__StreamingTV_No, categorical__InternetService_Fiber optic","numerical__tenure, categorical__Contract_Month-to-month, categorical__OnlineSecurity_No","Continue normal customer engagement and loyalty communication to maintain customer satisfaction. Prioritize addressing the key churn drivers identified: categorical__DeviceProtection_No, categorical__StreamingTV_No, categorical__InternetService_Fiber optic."
4305,0.024134066,Low Risk,19.55,Low Value,Low,"categorical__gender_Female, numerical__MonthlyCharges, categorical__Partner_Yes","categorical__Contract_Month-to-month, categorical__Contract_Two year, categorical__OnlineSecurity_No","Continue normal customer engagement and loyalty communication to maintain customer satisfaction. Prioritize addressing the key churn drivers identified: categorical__gender_Female, numerical__MonthlyCharges, categorical__Partner_Yes."
1462,0.024085611,Low Risk,20.0,Low Value,Low,"categorical__PaperlessBilling_No, categorical__Contract_Two year, categorical__Partner_Yes","categorical__Contract_Month-to-month, categorical__PaperlessBilling_Yes, numerical__tenure","Continue normal customer engagement and loyalty communication to maintain customer satisfaction. Prioritize addressing the key churn drivers identified: categorical__PaperlessBilling_No, categorical__Contract_Two year, categorical__Partner_Yes."
6442,0.023847474,Low Risk,50.55,Medium Value,Low,"categorical__gender_Female, categorical__StreamingTV_No, categorical__DeviceProtection_No","categorical__Contract_Month-to-month, numerical__tenure, numerical__TotalCharges","Continue normal customer engagement and loyalty communication to maintain customer satisfaction. Prioritize addressing the key churn drivers identified: categorical__gender_Female, categorical__StreamingTV_No, categorical__DeviceProtection_No."
4512,0.023762474,Low Risk,75.5,Medium Value,Low,"categorical__gender_Female, categorical__Partner_No, categorical__OnlineSecurity_No","categorical__Contract_Month-to-month, categorical__Contract_Two year, numerical__tenure","Continue normal customer engagement and loyalty communication to maintain customer satisfaction. Prioritize addressing the key churn drivers identified: categorical__gender_Female, categorical__Partner_No, categorical__OnlineSecurity_No."
3634,0.023657316,Low Risk,113.8,High Value,Low,"numerical__TotalCharges, categorical__InternetService_Fiber optic, categorical__PaperlessBilling_No","numerical__tenure, categorical__Contract_Month-to-month, categorical__Contract_Two year","Continue normal customer engagement and loyalty communication to maintain customer satisfaction. Prioritize addressing the key churn drivers identified: numerical__TotalCharges, categorical__InternetService_Fiber optic, categorical__PaperlessBilling_No."
3406,0.02321696,Low Risk,20.95,Low Value,Low,"categorical__gender_Female, categorical__Partner_No, categorical__PaperlessBilling_No","categorical__Contract_Month-to-month, categorical__PaperlessBilling_Yes, numerical__tenure","Continue normal customer engagement and loyalty communication to maintain customer satisfaction. Prioritize addressing the key churn drivers identified: categorical__gender_Female, categorical__Partner_No, categorical__PaperlessBilling_No."
2919,0.023118008,Low Risk,49.65,Low Value,Low,"categorical__DeviceProtection_No, categorical__OnlineSecurity_No, categorical__MultipleLines_No","categorical__Contract_Month-to-month, categorical__Contract_Two year, numerical__MonthlyCharges","Continue normal customer engagement and loyalty communication to maintain customer satisfaction. Prioritize addressing the key churn drivers identified: categorical__DeviceProtection_No, categorical__OnlineSecurity_No, categorical__MultipleLines_No."
936,0.022751156,Low Risk,80.85,Medium Value,Low,"numerical__tenure, categorical__gender_Female, numerical__TotalCharges","categorical__Contract_Month-to-month, categorical__Contract_Two year, categorical__OnlineSecurity_No","Continue normal customer engagement and loyalty communication to maintain customer satisfaction. Prioritize addressing the key churn drivers identified: numerical__tenure, categorical__gender_Female, numerical__TotalCharges."
4595,0.022632727,Low Risk,85.3,High Value,Low,"categorical__gender_Female, categorical__PaperlessBilling_No, categorical__Partner_Yes","categorical__Contract_Month-to-month, categorical__Contract_Two year, numerical__tenure","Continue normal customer engagement and loyalty communication to maintain customer satisfaction. Prioritize addressing the key churn drivers identified: categorical__gender_Female, categorical__PaperlessBilling_No, categorical__Partner_Yes."
337,0.022524081,Low Risk,88.15,High Value,Low,"categorical__gender_Female, categorical__Partner_No, categorical__StreamingTV_Yes","categorical__Contract_Month-to-month, categorical__Contract_Two year, categorical__InternetService_Fiber optic","Continue normal customer engagement and loyalty communication to maintain customer satisfaction. Prioritize addressing the key churn drivers identified: categorical__gender_Female, categorical__Partner_No, categorical__StreamingTV_Yes."
1321,0.022416588,Low Risk,65.85,Medium Value,Low,"categorical__Partner_Yes, categorical__StreamingTV_No, categorical__DeviceProtection_Yes","numerical__tenure, categorical__Contract_Month-to-month, numerical__TotalCharges","Continue normal customer engagement and loyalty communication to maintain customer satisfaction. Prioritize addressing the key churn drivers identified: categorical__Partner_Yes, categorical__StreamingTV_No, categorical__DeviceProtection_Yes."
2595,0.022195676,Low Risk,80.45,Medium Value,Low,"categorical__gender_Female, categorical__OnlineSecurity_No, categorical__Partner_Yes","numerical__tenure, categorical__Contract_Month-to-month, categorical__Contract_Two year","Continue normal customer engagement and loyalty communication to maintain customer satisfaction. Prioritize addressing the key churn drivers identified: categorical__gender_Female, categorical__OnlineSecurity_No, categorical__Partner_Yes."
1153,0.022133434,Low Risk,64.3,Medium Value,Low,"categorical__gender_Female, categorical__Partner_Yes, categorical__PaperlessBilling_Yes","categorical__Contract_Month-to-month, numerical__tenure, numerical__TotalCharges","Continue normal customer engagement and loyalty communication to maintain customer satisfaction. Prioritize addressing the key churn drivers identified: categorical__gender_Female, categorical__Partner_Yes, categorical__PaperlessBilling_Yes."
2676,0.022085086,Low Risk,20.35,Low Value,Low,"categorical__gender_Female, categorical__Partner_No, categorical__PaperlessBilling_No","categorical__Contract_Month-to-month, categorical__PaperlessBilling_Yes, numerical__tenure","Continue normal customer engagement and loyalty communication to maintain customer satisfaction. Prioritize addressing the key churn drivers identified: categorical__gender_Female, categorical__Partner_No, categorical__PaperlessBilling_No."
3855,0.022038028,Low Risk,65.0,Medium Value,Low,"categorical__Contract_Month-to-month, categorical__DeviceProtection_No, categorical__PaperlessBilling_No","numerical__TotalCharges, numerical__tenure, categorical__PaperlessBilling_Yes","Continue normal customer engagement and loyalty communication to maintain customer satisfaction. Prioritize addressing the key churn drivers identified: categorical__Contract_Month-to-month, categorical__DeviceProtection_No, categorical__PaperlessBilling_No."
5848,0.022014372,Low Risk,103.95,High Value,Low,"numerical__TotalCharges, numerical__MonthlyCharges, categorical__InternetService_Fiber optic","numerical__tenure, categorical__Contract_Month-to-month, categorical__Contract_Two year","Continue normal customer engagement and loyalty communication to maintain customer satisfaction. Prioritize addressing the key churn drivers identified: numerical__TotalCharges, numerical__MonthlyCharges, categorical__InternetService_Fiber optic."
6783,0.021700522,Low Risk,53.15,Medium Value,Low,"categorical__gender_Female, categorical__Partner_No, categorical__PaperlessBilling_No","categorical__Contract_Month-to-month, categorical__Contract_Two year, categorical__PaperlessBilling_Yes","Continue normal customer engagement and loyalty communication to maintain customer satisfaction. Prioritize addressing the key churn drivers identified: categorical__gender_Female, categorical__Partner_No, categorical__PaperlessBilling_No."
3966,0.021297054,Low Risk,107.7,High Value,Low,"numerical__TotalCharges, numerical__MonthlyCharges, categorical__InternetService_Fiber optic","numerical__tenure, categorical__Contract_Month-to-month, categorical__Contract_Two year","Continue normal customer engagement and loyalty communication to maintain customer satisfaction. Prioritize addressing the key churn drivers identified: numerical__TotalCharges, numerical__MonthlyCharges, categorical__InternetService_Fiber optic."
4043,0.021218784,Low Risk,64.05,Medium Value,Low,"categorical__Partner_Yes, categorical__MultipleLines_No, numerical__SeniorCitizen","categorical__Contract_Month-to-month, categorical__Contract_Two year, numerical__tenure","Continue normal customer engagement and loyalty communication to maintain customer satisfaction. Prioritize addressing the key churn drivers identified: categorical__Partner_Yes, categorical__MultipleLines_No, numerical__SeniorCitizen."
2469,0.021179043,Low Risk,20.0,Low Value,Low,"categorical__gender_Female, categorical__Partner_No, categorical__PaperlessBilling_No","categorical__Contract_Month-to-month, categorical__PaperlessBilling_Yes, numerical__tenure","Continue normal customer engagement and loyalty communication to maintain customer satisfaction. Prioritize addressing the key churn drivers identified: categorical__gender_Female, categorical__Partner_No, categorical__PaperlessBilling_No."
6118,0.021142306,Low Risk,118.2,High Value,Low,"numerical__TotalCharges, categorical__InternetService_Fiber optic, categorical__Partner_No","numerical__tenure, categorical__Contract_Month-to-month, categorical__Contract_Two year","Continue normal customer engagement and loyalty communication to maintain customer satisfaction. Prioritize addressing the key churn drivers identified: numerical__TotalCharges, categorical__InternetService_Fiber optic, categorical__Partner_No."
699,0.021107476,Low Risk,66.5,Medium Value,Low,"categorical__StreamingTV_No, numerical__TotalCharges, categorical__Partner_Yes","numerical__tenure, categorical__Contract_Month-to-month, categorical__OnlineSecurity_No","Continue normal customer engagement and loyalty communication to maintain customer satisfaction. Prioritize addressing the key churn drivers identified: categorical__StreamingTV_No, numerical__TotalCharges, categorical__Partner_Yes."
4674,0.020968553,Low Risk,50.35,Medium Value,Low,"categorical__StreamingTV_No, categorical__Partner_Yes, categorical__PaperlessBilling_No","categorical__Contract_Month-to-month, numerical__tenure, categorical__PaperlessBilling_Yes","Continue normal customer engagement and loyalty communication to maintain customer satisfaction. Prioritize addressing the key churn drivers identified: categorical__StreamingTV_No, categorical__Partner_Yes, categorical__PaperlessBilling_No."
192,0.0208675,Low Risk,19.75,Low Value,Low,"numerical__MonthlyCharges, categorical__gender_Female, categorical__PaperlessBilling_No","categorical__Contract_Month-to-month, categorical__Contract_Two year, numerical__tenure","Continue normal customer engagement and loyalty communication to maintain customer satisfaction. Prioritize addressing the key churn drivers identified: numerical__MonthlyCharges, categorical__gender_Female, categorical__PaperlessBilling_No."
4582,0.020630812,Low Risk,90.15,High Value,Low,"categorical__Partner_Yes, categorical__StreamingTV_Yes, categorical__MultipleLines_No","categorical__Contract_Month-to-month, categorical__Contract_Two year, categorical__InternetService_Fiber optic","Continue normal customer engagement and loyalty communication to maintain customer satisfaction. Prioritize addressing the key churn drivers identified: categorical__Partner_Yes, categorical__StreamingTV_Yes, categorical__MultipleLines_No."
4233,0.020617777,Low Risk,59.55,Medium Value,Low,"categorical__gender_Female, categorical__PaperlessBilling_No, categorical__Partner_Yes","categorical__Contract_Month-to-month, categorical__Contract_Two year, numerical__tenure","Continue normal customer engagement and loyalty communication to maintain customer satisfaction. Prioritize addressing the key churn drivers identified: categorical__gender_Female, categorical__PaperlessBilling_No, categorical__Partner_Yes."
1584,0.020586459,Low Risk,53.5,Medium Value,Low,"categorical__gender_Female, categorical__Partner_No, categorical__OnlineSecurity_No","categorical__Contract_Month-to-month, numerical__tenure, categorical__Contract_Two year","Continue normal customer engagement and loyalty communication to maintain customer satisfaction. Prioritize addressing the key churn drivers identified: categorical__gender_Female, categorical__Partner_No, categorical__OnlineSecurity_No."
3471,0.02050154,Low Risk,21.1,Low Value,Low,"categorical__gender_Female, categorical__Partner_No, categorical__PaperlessBilling_No","categorical__Contract_Month-to-month, numerical__tenure, categorical__PaperlessBilling_Yes","Continue normal customer engagement and loyalty communication to maintain customer satisfaction. Prioritize addressing the key churn drivers identified: categorical__gender_Female, categorical__Partner_No, categorical__PaperlessBilling_No."
2375,0.020478126,Low Risk,109.7,High Value,Low,"numerical__MonthlyCharges, categorical__gender_Female, categorical__InternetService_Fiber optic","numerical__tenure, categorical__Contract_Month-to-month, categorical__Contract_Two year","Continue normal customer engagement and loyalty communication to maintain customer satisfaction. Prioritize addressing the key churn drivers identified: numerical__MonthlyCharges, categorical__gender_Female, categorical__InternetService_Fiber optic."
1785,0.020444276,Low Risk,92.2,High Value,Low,"categorical__Partner_Yes, categorical__StreamingTV_Yes, categorical__MultipleLines_No","categorical__Contract_Month-to-month, categorical__Contract_Two year, categorical__InternetService_Fiber optic","Continue normal customer engagement and loyalty communication to maintain customer satisfaction. Prioritize addressing the key churn drivers identified: categorical__Partner_Yes, categorical__StreamingTV_Yes, categorical__MultipleLines_No."
4033,0.020116847,Low Risk,60.05,Medium Value,Low,"categorical__PaperlessBilling_No, categorical__StreamingTV_No, categorical__DeviceProtection_No","numerical__tenure, categorical__Contract_Month-to-month, numerical__TotalCharges","Continue normal customer engagement and loyalty communication to maintain customer satisfaction. Prioritize addressing the key churn drivers identified: categorical__PaperlessBilling_No, categorical__StreamingTV_No, categorical__DeviceProtection_No."
6530,0.019906268,Low Risk,36.1,Low Value,Low,"categorical__PaperlessBilling_No, categorical__StreamingTV_No, categorical__DeviceProtection_No","numerical__tenure, categorical__Contract_Month-to-month, categorical__PaperlessBilling_Yes","Continue normal customer engagement and loyalty communication to maintain customer satisfaction. Prioritize addressing the key churn drivers identified: categorical__PaperlessBilling_No, categorical__StreamingTV_No, categorical__DeviceProtection_No."
6690,0.019881833,Low Risk,94.3,High Value,Low,"categorical__InternetService_Fiber optic, categorical__OnlineSecurity_No, categorical__Partner_Yes","categorical__Contract_Month-to-month, numerical__tenure, numerical__TotalCharges","Continue normal customer engagement and loyalty communication to maintain customer satisfaction. Prioritize addressing the key churn drivers identified: categorical__InternetService_Fiber optic, categorical__OnlineSecurity_No, categorical__Partner_Yes."
4378,0.019678079,Low Risk,20.85,Low Value,Low,"categorical__gender_Female, categorical__Partner_Yes, categorical__Contract_Two year","categorical__Contract_Month-to-month, numerical__tenure, numerical__MonthlyCharges","Continue normal customer engagement and loyalty communication to maintain customer satisfaction. Prioritize addressing the key churn drivers identified: categorical__gender_Female, categorical__Partner_Yes, categorical__Contract_Two year."
5687,0.019659115,Low Risk,90.65,High Value,Low,"categorical__StreamingTV_No, categorical__InternetService_Fiber optic, categorical__Partner_No","categorical__Contract_Month-to-month, numerical__TotalCharges, categorical__OnlineSecurity_No","Continue normal customer engagement and loyalty communication to maintain customer satisfaction. Prioritize addressing the key churn drivers identified: categorical__StreamingTV_No, categorical__InternetService_Fiber optic, categorical__Partner_No."
4166,0.019636502,Low Risk,19.8,Low Value,Low,"categorical__PaperlessBilling_No, numerical__SeniorCitizen, categorical__Partner_No","categorical__Contract_Month-to-month, categorical__PaperlessBilling_Yes, numerical__tenure","Continue normal customer engagement and loyalty communication to maintain customer satisfaction. Prioritize addressing the key churn drivers identified: categorical__PaperlessBilling_No, numerical__SeniorCitizen, categorical__Partner_No."
5977,0.019600784,Low Risk,20.65,Low Value,Low,"categorical__Partner_No, categorical__PaperlessBilling_No, categorical__PaymentMethod_Bank transfer (automatic)","categorical__Contract_Month-to-month, categorical__Contract_Two year, numerical__MonthlyCharges","Continue normal customer engagement and loyalty communication to maintain customer satisfaction. Prioritize addressing the key churn drivers identified: categorical__Partner_No, categorical__PaperlessBilling_No, categorical__PaymentMethod_Bank transfer (automatic)."
4729,0.01956633,Low Risk,54.95,Medium Value,Low,"categorical__gender_Female, categorical__OnlineSecurity_No, categorical__MultipleLines_No","categorical__Contract_Month-to-month, categorical__Contract_Two year, numerical__tenure","Continue normal customer engagement and loyalty communication to maintain customer satisfaction. Prioritize addressing the key churn drivers identified: categorical__gender_Female, categorical__OnlineSecurity_No, categorical__MultipleLines_No."
4637,0.019266007,Low Risk,71.0,Medium Value,Low,"categorical__DeviceProtection_No, categorical__Contract_One year, categorical__Partner_Yes","numerical__tenure, categorical__Contract_Month-to-month, categorical__OnlineSecurity_No","Continue normal customer engagement and loyalty communication to maintain customer satisfaction. Prioritize addressing the key churn drivers identified: categorical__DeviceProtection_No, categorical__Contract_One year, categorical__Partner_Yes."
2239,0.019258786,Low Risk,35.7,Low Value,Low,"categorical__gender_Female, categorical__StreamingTV_No, categorical__PaperlessBilling_No","categorical__Contract_Month-to-month, numerical__tenure, categorical__Contract_Two year","Continue normal customer engagement and loyalty communication to maintain customer satisfaction. Prioritize addressing the key churn drivers identified: categorical__gender_Female, categorical__StreamingTV_No, categorical__PaperlessBilling_No."
2423,0.01910545,Low Risk,20.1,Low Value,Low,"categorical__gender_Female, categorical__Partner_No, categorical__PaperlessBilling_No","categorical__Contract_Month-to-month, categorical__PaperlessBilling_Yes, categorical__gender_Male","Continue normal customer engagement and loyalty communication to maintain customer satisfaction. Prioritize addressing the key churn drivers identified: categorical__gender_Female, categorical__Partner_No, categorical__PaperlessBilling_No."
3160,0.018890064,Low Risk,46.25,Low Value,Low,"categorical__gender_Female, categorical__PaperlessBilling_No, categorical__StreamingTV_No","categorical__Contract_Month-to-month, numerical__tenure, categorical__Contract_Two year","Continue normal customer engagement and loyalty communication to maintain customer satisfaction. Prioritize addressing the key churn drivers identified: categorical__gender_Female, categorical__PaperlessBilling_No, categorical__StreamingTV_No."
153,0.018813636,Low Risk,86.1,High Value,Low,"categorical__PaymentMethod_Electronic check, categorical__PaperlessBilling_No, categorical__Partner_Yes","categorical__Contract_Month-to-month, categorical__Contract_Two year, categorical__InternetService_Fiber optic","Continue normal customer engagement and loyalty communication to maintain customer satisfaction. Prioritize addressing the key churn drivers identified: categorical__PaymentMethod_Electronic check, categorical__PaperlessBilling_No, categorical__Partner_Yes."
324,0.018706994,Low Risk,60.05,Medium Value,Low,"categorical__Partner_No, categorical__DeviceProtection_No, categorical__StreamingTV_Yes","categorical__Contract_Month-to-month, categorical__Contract_Two year, numerical__tenure","Continue normal customer engagement and loyalty communication to maintain customer satisfaction. Prioritize addressing the key churn drivers identified: categorical__Partner_No, categorical__DeviceProtection_No, categorical__StreamingTV_Yes."
4858,0.01870681,Low Risk,59.6,Medium Value,Low,"categorical__PaperlessBilling_No, categorical__StreamingTV_No, categorical__DeviceProtection_No","numerical__tenure, categorical__Contract_Month-to-month, numerical__TotalCharges","Continue normal customer engagement and loyalty communication to maintain customer satisfaction. Prioritize addressing the key churn drivers identified: categorical__PaperlessBilling_No, categorical__StreamingTV_No, categorical__DeviceProtection_No."
2475,0.018678196,Low Risk,99.5,High Value,Low,"categorical__gender_Female, categorical__InternetService_Fiber optic, numerical__MonthlyCharges","categorical__Contract_Month-to-month, categorical__Contract_Two year, numerical__TotalCharges","Continue normal customer engagement and loyalty communication to maintain customer satisfaction. Prioritize addressing the key churn drivers identified: categorical__gender_Female, categorical__InternetService_Fiber optic, numerical__MonthlyCharges."
5109,0.018675016,Low Risk,65.85,Medium Value,Low,"categorical__PaperlessBilling_No, categorical__StreamingTV_No, categorical__Partner_Yes","categorical__Contract_Month-to-month, categorical__Contract_Two year, numerical__tenure","Continue normal customer engagement and loyalty communication to maintain customer satisfaction. Prioritize addressing the key churn drivers identified: categorical__PaperlessBilling_No, categorical__StreamingTV_No, categorical__Partner_Yes."
4485,0.018634053,Low Risk,91.7,High Value,Low,"categorical__PaperlessBilling_No, categorical__Partner_Yes, categorical__StreamingTV_Yes","categorical__Contract_Month-to-month, categorical__Contract_Two year, categorical__InternetService_Fiber optic","Continue normal customer engagement and loyalty communication to maintain customer satisfaction. Prioritize addressing the key churn drivers identified: categorical__PaperlessBilling_No, categorical__Partner_Yes, categorical__StreamingTV_Yes."
5350,0.01849185,Low Risk,69.7,Medium Value,Low,"categorical__PaymentMethod_Bank transfer (automatic), categorical__DeviceProtection_No, categorical__PaperlessBilling_No","categorical__Contract_Month-to-month, categorical__Contract_Two year, categorical__PaperlessBilling_Yes","Continue normal customer engagement and loyalty communication to maintain customer satisfaction. Prioritize addressing the key churn drivers identified: categorical__PaymentMethod_Bank transfer (automatic), categorical__DeviceProtection_No, categorical__PaperlessBilling_No."
904,0.018444508,Low Risk,81.35,Medium Value,Low,"categorical__PaperlessBilling_No, categorical__Partner_Yes, categorical__StreamingTV_Yes","categorical__Contract_Month-to-month, categorical__Contract_Two year, categorical__InternetService_Fiber optic","Continue normal customer engagement and loyalty communication to maintain customer satisfaction. Prioritize addressing the key churn drivers identified: categorical__PaperlessBilling_No, categorical__Partner_Yes, categorical__StreamingTV_Yes."
2221,0.018012704,Low Risk,64.05,Medium Value,Low,"categorical__PaperlessBilling_No, categorical__gender_Female, categorical__StreamingTV_No","numerical__tenure, categorical__Contract_Month-to-month, categorical__Contract_Two year","Continue normal customer engagement and loyalty communication to maintain customer satisfaction. Prioritize addressing the key churn drivers identified: categorical__PaperlessBilling_No, categorical__gender_Female, categorical__StreamingTV_No."
1728,0.017819388,Low Risk,81.65,Medium Value,Low,"categorical__gender_Female, categorical__PaperlessBilling_No, categorical__Partner_No","categorical__Contract_Month-to-month, categorical__Contract_Two year, categorical__PaperlessBilling_Yes","Continue normal customer engagement and loyalty communication to maintain customer satisfaction. Prioritize addressing the key churn drivers identified: categorical__gender_Female, categorical__PaperlessBilling_No, categorical__Partner_No."
3741,0.017765148,Low Risk,104.9,High Value,Low,"numerical__TotalCharges, categorical__InternetService_Fiber optic, numerical__MonthlyCharges","numerical__tenure, categorical__Contract_Month-to-month, categorical__Contract_Two year","Continue normal customer engagement and loyalty communication to maintain customer satisfaction. Prioritize addressing the key churn drivers identified: numerical__TotalCharges, categorical__InternetService_Fiber optic, numerical__MonthlyCharges."
1289,0.017674938,Low Risk,68.8,Medium Value,Low,"categorical__PaperlessBilling_No, categorical__StreamingTV_No, categorical__Partner_No","numerical__tenure, categorical__Contract_Month-to-month, categorical__PaperlessBilling_Yes","Continue normal customer engagement and loyalty communication to maintain customer satisfaction. Prioritize addressing the key churn drivers identified: categorical__PaperlessBilling_No, categorical__StreamingTV_No, categorical__Partner_No."
746,0.017631525,Low Risk,114.95,High Value,Low,"numerical__TotalCharges, categorical__InternetService_Fiber optic, categorical__PaymentMethod_Bank transfer (automatic)","numerical__tenure, categorical__Contract_Month-to-month, categorical__Contract_Two year","Continue normal customer engagement and loyalty communication to maintain customer satisfaction. Prioritize addressing the key churn drivers identified: numerical__TotalCharges, categorical__InternetService_Fiber optic, categorical__PaymentMethod_Bank transfer (automatic)."
4492,0.017482474,Low Risk,24.05,Low Value,Low,"categorical__PaymentMethod_Bank transfer (automatic), categorical__Partner_Yes, categorical__PaperlessBilling_Yes","categorical__Contract_Month-to-month, categorical__Contract_Two year, numerical__MonthlyCharges","Continue normal customer engagement and loyalty communication to maintain customer satisfaction. Prioritize addressing the key churn drivers identified: categorical__PaymentMethod_Bank transfer (automatic), categorical__Partner_Yes, categorical__PaperlessBilling_Yes."
213,0.017434804,Low Risk,20.0,Low Value,Low,"categorical__gender_Female, categorical__PaperlessBilling_No, categorical__Partner_Yes","categorical__Contract_Month-to-month, categorical__PaperlessBilling_Yes, categorical__gender_Male","Continue normal customer engagement and loyalty communication to maintain customer satisfaction. Prioritize addressing the key churn drivers identified: categorical__gender_Female, categorical__PaperlessBilling_No, categorical__Partner_Yes."
4149,0.017430352,Low Risk,49.35,Low Value,Low,"categorical__OnlineSecurity_No, categorical__PaymentMethod_Electronic check, categorical__DeviceProtection_No","categorical__Contract_Month-to-month, numerical__tenure, categorical__Contract_Two year","Continue normal customer engagement and loyalty communication to maintain customer satisfaction. Prioritize addressing the key churn drivers identified: categorical__OnlineSecurity_No, categorical__PaymentMethod_Electronic check, categorical__DeviceProtection_No."
487,0.017313696,Low Risk,88.6,High Value,Low,"categorical__OnlineSecurity_No, categorical__Partner_No, categorical__StreamingTV_Yes","numerical__tenure, categorical__Contract_Month-to-month, categorical__Contract_Two year","Continue normal customer engagement and loyalty communication to maintain customer satisfaction. Prioritize addressing the key churn drivers identified: categorical__OnlineSecurity_No, categorical__Partner_No, categorical__StreamingTV_Yes."
4153,0.017275015,Low Risk,20.3,Low Value,Low,"categorical__Partner_No, categorical__PaperlessBilling_No, categorical__Contract_Two year","categorical__Contract_Month-to-month, numerical__tenure, categorical__PaperlessBilling_Yes","Continue normal customer engagement and loyalty communication to maintain customer satisfaction. Prioritize addressing the key churn drivers identified: categorical__Partner_No, categorical__PaperlessBilling_No, categorical__Contract_Two year."
6383,0.016997226,Low Risk,40.1,Low Value,Low,"categorical__StreamingTV_No, categorical__Partner_No, categorical__PaperlessBilling_No","categorical__Contract_Month-to-month, categorical__Contract_Two year, categorical__PaperlessBilling_Yes","Continue normal customer engagement and loyalty communication to maintain customer satisfaction. Prioritize addressing the key churn drivers identified: categorical__StreamingTV_No, categorical__Partner_No, categorical__PaperlessBilling_No."
1996,0.016958278,Low Risk,67.85,Medium Value,Low,"categorical__StreamingTV_No, categorical__PaperlessBilling_No, categorical__Partner_Yes","categorical__Contract_Month-to-month, categorical__Contract_Two year, numerical__tenure","Continue normal customer engagement and loyalty communication to maintain customer satisfaction. Prioritize addressing the key churn drivers identified: categorical__StreamingTV_No, categorical__PaperlessBilling_No, categorical__Partner_Yes."
404,0.016817668,Low Risk,19.7,Low Value,Low,"categorical__Partner_No, categorical__PaperlessBilling_Yes, numerical__MonthlyCharges","categorical__Contract_Month-to-month, categorical__Contract_Two year, categorical__OnlineSecurity_No","Continue normal customer engagement and loyalty communication to maintain customer satisfaction. Prioritize addressing the key churn drivers identified: categorical__Partner_No, categorical__PaperlessBilling_Yes, numerical__MonthlyCharges."
5308,0.016795699,Low Risk,82.45,Medium Value,Low,"categorical__gender_Female, categorical__Partner_No, categorical__OnlineBackup_No","categorical__Contract_Month-to-month, categorical__Contract_Two year, numerical__tenure","Continue normal customer engagement and loyalty communication to maintain customer satisfaction. Prioritize addressing the key churn drivers identified: categorical__gender_Female, categorical__Partner_No, categorical__OnlineBackup_No."
3205,0.01672265,Low Risk,117.6,High Value,Low,"categorical__gender_Female, categorical__InternetService_Fiber optic, numerical__TotalCharges","numerical__tenure, categorical__Contract_Month-to-month, categorical__Contract_Two year","Continue normal customer engagement and loyalty communication to maintain customer satisfaction. Prioritize addressing the key churn drivers identified: categorical__gender_Female, categorical__InternetService_Fiber optic, numerical__TotalCharges."
6367,0.016714262,Low Risk,48.4,Low Value,Low,"categorical__StreamingTV_No, categorical__Partner_No, categorical__PaperlessBilling_No","categorical__Contract_Month-to-month, categorical__Contract_Two year, categorical__PaperlessBilling_Yes","Continue normal customer engagement and loyalty communication to maintain customer satisfaction. Prioritize addressing the key churn drivers identified: categorical__StreamingTV_No, categorical__Partner_No, categorical__PaperlessBilling_No."
303,0.016010808,Low Risk,60.3,Medium Value,Low,"categorical__gender_Female, categorical__PaperlessBilling_No, categorical__MultipleLines_No","categorical__Contract_Month-to-month, categorical__Contract_Two year, numerical__tenure","Continue normal customer engagement and loyalty communication to maintain customer satisfaction. Prioritize addressing the key churn drivers identified: categorical__gender_Female, categorical__PaperlessBilling_No, categorical__MultipleLines_No."
866,0.015993891,Low Risk,39.0,Low Value,Low,"categorical__StreamingTV_Yes, categorical__DeviceProtection_No, categorical__OnlineSecurity_No","numerical__tenure, categorical__Contract_Month-to-month, categorical__Contract_Two year","Continue normal customer engagement and loyalty communication to maintain customer satisfaction. Prioritize addressing the key churn drivers identified: categorical__StreamingTV_Yes, categorical__DeviceProtection_No, categorical__OnlineSecurity_No."
2605,0.015970351,Low Risk,20.4,Low Value,Low,"categorical__gender_Female, categorical__Partner_No, categorical__PaperlessBilling_Yes","categorical__Contract_Month-to-month, categorical__Contract_Two year, numerical__MonthlyCharges","Continue normal customer engagement and loyalty communication to maintain customer satisfaction. Prioritize addressing the key churn drivers identified: categorical__gender_Female, categorical__Partner_No, categorical__PaperlessBilling_Yes."
3724,0.01546295,Low Risk,24.8,Low Value,Low,"categorical__PaperlessBilling_No, categorical__Partner_Yes, categorical__Contract_Two year","numerical__tenure, categorical__Contract_Month-to-month, categorical__PaperlessBilling_Yes","Continue normal customer engagement and loyalty communication to maintain customer satisfaction. Prioritize addressing the key churn drivers identified: categorical__PaperlessBilling_No, categorical__Partner_Yes, categorical__Contract_Two year."
1839,0.015368256,Low Risk,25.3,Low Value,Low,"numerical__tenure, categorical__gender_Female, categorical__Partner_No","categorical__Contract_Month-to-month, categorical__Contract_Two year, categorical__OnlineSecurity_No","Continue normal customer engagement and loyalty communication to maintain customer satisfaction. Prioritize addressing the key churn drivers identified: numerical__tenure, categorical__gender_Female, categorical__Partner_No."
2568,0.015305011,Low Risk,19.35,Low Value,Low,"categorical__PaperlessBilling_No, numerical__TotalCharges, numerical__tenure","categorical__Contract_Month-to-month, categorical__Contract_Two year, categorical__PaperlessBilling_Yes","Continue normal customer engagement and loyalty communication to maintain customer satisfaction. Prioritize addressing the key churn drivers identified: categorical__PaperlessBilling_No, numerical__TotalCharges, numerical__tenure."
212,0.015241405,Low Risk,19.75,Low Value,Low,"numerical__MonthlyCharges, categorical__Partner_No, categorical__PaperlessBilling_No","categorical__Contract_Month-to-month, categorical__Contract_Two year, numerical__tenure","Continue normal customer engagement and loyalty communication to maintain customer satisfaction. Prioritize addressing the key churn drivers identified: numerical__MonthlyCharges, categorical__Partner_No, categorical__PaperlessBilling_No."
1780,0.015072855,Low Risk,20.15,Low Value,Low,"categorical__gender_Female, categorical__PaperlessBilling_No, categorical__Partner_No","categorical__Contract_Month-to-month, numerical__MonthlyCharges, categorical__PaperlessBilling_Yes","Continue normal customer engagement and loyalty communication to maintain customer satisfaction. Prioritize addressing the key churn drivers identified: categorical__gender_Female, categorical__PaperlessBilling_No, categorical__Partner_No."
2982,0.015017407,Low Risk,20.85,Low Value,Low,"categorical__Partner_Yes, numerical__TotalCharges, categorical__Contract_Two year","categorical__Contract_Month-to-month, numerical__MonthlyCharges, categorical__PaymentMethod_Credit card (automatic)","Continue normal customer engagement and loyalty communication to maintain customer satisfaction. Prioritize addressing the key churn drivers identified: categorical__Partner_Yes, numerical__TotalCharges, categorical__Contract_Two year."
6023,0.01493056,Low Risk,19.6,Low Value,Low,"categorical__gender_Female, categorical__Partner_No, categorical__PaperlessBilling_No","categorical__Contract_Month-to-month, categorical__Contract_Two year, categorical__PaymentMethod_Credit card (automatic)","Continue normal customer engagement and loyalty communication to maintain customer satisfaction. Prioritize addressing the key churn drivers identified: categorical__gender_Female, categorical__Partner_No, categorical__PaperlessBilling_No."
5867,0.014740105,Low Risk,19.35,Low Value,Low,"numerical__SeniorCitizen, categorical__Partner_Yes, categorical__PaperlessBilling_Yes","categorical__Contract_Month-to-month, categorical__Contract_Two year, categorical__PaymentMethod_Credit card (automatic)","Continue normal customer engagement and loyalty communication to maintain customer satisfaction. Prioritize addressing the key churn drivers identified: numerical__SeniorCitizen, categorical__Partner_Yes, categorical__PaperlessBilling_Yes."
6661,0.014726435,Low Risk,53.65,Medium Value,Low,"categorical__gender_Female, categorical__OnlineSecurity_No, categorical__DeviceProtection_No","numerical__tenure, categorical__Contract_Month-to-month, categorical__Contract_Two year","Continue normal customer engagement and loyalty communication to maintain customer satisfaction. Prioritize addressing the key churn drivers identified: categorical__gender_Female, categorical__OnlineSecurity_No, categorical__DeviceProtection_No."
2852,0.0147008365,Low Risk,85.9,High Value,Low,"categorical__Partner_Yes, categorical__StreamingTV_Yes, categorical__StreamingMovies_Yes","categorical__Contract_Month-to-month, categorical__Contract_Two year, categorical__InternetService_Fiber optic","Continue normal customer engagement and loyalty communication to maintain customer satisfaction. Prioritize addressing the key churn drivers identified: categorical__Partner_Yes, categorical__StreamingTV_Yes, categorical__StreamingMovies_Yes."
6723,0.01437947,Low Risk,20.05,Low Value,Low,"categorical__Partner_No, categorical__PaperlessBilling_No, categorical__InternetService_DSL","categorical__Contract_Month-to-month, categorical__Contract_Two year, numerical__MonthlyCharges","Continue normal customer engagement and loyalty communication to maintain customer satisfaction. Prioritize addressing the key churn drivers identified: categorical__Partner_No, categorical__PaperlessBilling_No, categorical__InternetService_DSL."
1803,0.014308837,Low Risk,53.1,Medium Value,Low,"categorical__gender_Female, categorical__Partner_No, categorical__StreamingTV_No","categorical__Contract_Month-to-month, categorical__Contract_Two year, categorical__InternetService_Fiber optic","Continue normal customer engagement and loyalty communication to maintain customer satisfaction. Prioritize addressing the key churn drivers identified: categorical__gender_Female, categorical__Partner_No, categorical__StreamingTV_No."
6117,0.01427651,Low Risk,19.3,Low Value,Low,"categorical__Partner_No, categorical__InternetService_DSL, categorical__PaperlessBilling_Yes","categorical__Contract_Month-to-month, categorical__Contract_Two year, numerical__tenure","Continue normal customer engagement and loyalty communication to maintain customer satisfaction. Prioritize addressing the key churn drivers identified: categorical__Partner_No, categorical__InternetService_DSL, categorical__PaperlessBilling_Yes."
1377,0.014254304,Low Risk,82.3,Medium Value,Low,"categorical__PaperlessBilling_No, categorical__Partner_Yes, categorical__StreamingMovies_No","numerical__tenure, categorical__Contract_Month-to-month, categorical__Contract_Two year","Continue normal customer engagement and loyalty communication to maintain customer satisfaction. Prioritize addressing the key churn drivers identified: categorical__PaperlessBilling_No, categorical__Partner_Yes, categorical__StreamingMovies_No."
849,0.014226083,Low Risk,89.8,High Value,Low,"categorical__gender_Female, categorical__PaperlessBilling_No, categorical__Partner_Yes","numerical__tenure, categorical__Contract_Month-to-month, categorical__Contract_Two year","Continue normal customer engagement and loyalty communication to maintain customer satisfaction. Prioritize addressing the key churn drivers identified: categorical__gender_Female, categorical__PaperlessBilling_No, categorical__Partner_Yes."
5477,0.0140782595,Low Risk,84.2,High Value,Low,"categorical__gender_Female, categorical__Partner_Yes, categorical__OnlineBackup_No","numerical__tenure, categorical__Contract_Month-to-month, categorical__Contract_Two year","Continue normal customer engagement and loyalty communication to maintain customer satisfaction. Prioritize addressing the key churn drivers identified: categorical__gender_Female, categorical__Partner_Yes, categorical__OnlineBackup_No."
1347,0.0139801735,Low Risk,19.95,Low Value,Low,"categorical__Partner_No, categorical__PaperlessBilling_Yes, categorical__InternetService_DSL","categorical__Contract_Month-to-month, categorical__Contract_Two year, categorical__OnlineSecurity_No","Continue normal customer engagement and loyalty communication to maintain customer satisfaction. Prioritize addressing the key churn drivers identified: categorical__Partner_No, categorical__PaperlessBilling_Yes, categorical__InternetService_DSL."
6624,0.013814275,Low Risk,60.05,Medium Value,Low,"categorical__Partner_Yes, categorical__OnlineBackup_No, categorical__StreamingTV_Yes","categorical__Contract_Month-to-month, numerical__tenure, categorical__Contract_Two year","Continue normal customer engagement and loyalty communication to maintain customer satisfaction. Prioritize addressing the key churn drivers identified: categorical__Partner_Yes, categorical__OnlineBackup_No, categorical__StreamingTV_Yes."
2174,0.0137692,Low Risk,20.25,Low Value,Low,"categorical__gender_Female, categorical__Partner_No, categorical__PaperlessBilling_No","categorical__Contract_Month-to-month, numerical__MonthlyCharges, categorical__PaperlessBilling_Yes","Continue normal customer engagement and loyalty communication to maintain customer satisfaction. Prioritize addressing the key churn drivers identified: categorical__gender_Female, categorical__Partner_No, categorical__PaperlessBilling_No."
1700,0.013653927,Low Risk,20.45,Low Value,Low,"categorical__Partner_No, categorical__PaperlessBilling_No, categorical__InternetService_DSL","categorical__Contract_Month-to-month, categorical__Contract_Two year, numerical__MonthlyCharges","Continue normal customer engagement and loyalty communication to maintain customer satisfaction. Prioritize addressing the key churn drivers identified: categorical__Partner_No, categorical__PaperlessBilling_No, categorical__InternetService_DSL."
2666,0.013576,Low Risk,79.5,Medium Value,Low,"categorical__Partner_No, categorical__OnlineSecurity_No, categorical__StreamingTV_Yes","categorical__Contract_Month-to-month, categorical__Contract_Two year, categorical__InternetService_Fiber optic","Continue normal customer engagement and loyalty communication to maintain customer satisfaction. Prioritize addressing the key churn drivers identified: categorical__Partner_No, categorical__OnlineSecurity_No, categorical__StreamingTV_Yes."
5055,0.013543043,Low Risk,25.1,Low Value,Low,"categorical__gender_Female, numerical__SeniorCitizen, categorical__PaperlessBilling_No","categorical__Contract_Month-to-month, categorical__Contract_Two year, categorical__PaperlessBilling_Yes","Continue normal customer engagement and loyalty communication to maintain customer satisfaction. Prioritize addressing the key churn drivers identified: categorical__gender_Female, numerical__SeniorCitizen, categorical__PaperlessBilling_No."
3546,0.013487511,Low Risk,83.2,Medium Value,Low,"categorical__PaperlessBilling_No, categorical__PaymentMethod_Electronic check, categorical__OnlineBackup_No","numerical__tenure, categorical__Contract_Month-to-month, categorical__Contract_Two year","Continue normal customer engagement and loyalty communication to maintain customer satisfaction. Prioritize addressing the key churn drivers identified: categorical__PaperlessBilling_No, categorical__PaymentMethod_Electronic check, categorical__OnlineBackup_No."
4441,0.013422507,Low Risk,20.25,Low Value,Low,"categorical__PaperlessBilling_No, categorical__PaymentMethod_Electronic check, categorical__Partner_Yes","categorical__Contract_Month-to-month, categorical__Contract_Two year, categorical__PaperlessBilling_Yes","Continue normal customer engagement and loyalty communication to maintain customer satisfaction. Prioritize addressing the key churn drivers identified: categorical__PaperlessBilling_No, categorical__PaymentMethod_Electronic check, categorical__Partner_Yes."
1076,0.013403703,Low Risk,24.5,Low Value,Low,"categorical__gender_Female, categorical__Partner_Yes, categorical__Contract_Two year","categorical__Contract_Month-to-month, numerical__tenure, numerical__MonthlyCharges","Continue normal customer engagement and loyalty communication to maintain customer satisfaction. Prioritize addressing the key churn drivers identified: categorical__gender_Female, categorical__Partner_Yes, categorical__Contract_Two year."
5730,0.013249833,Low Risk,19.8,Low Value,Low,"numerical__MonthlyCharges, categorical__Partner_No, categorical__PaperlessBilling_Yes","categorical__Contract_Month-to-month, categorical__Contract_Two year, numerical__tenure","Continue normal customer engagement and loyalty communication to maintain customer satisfaction. Prioritize addressing the key churn drivers identified: numerical__MonthlyCharges, categorical__Partner_No, categorical__PaperlessBilling_Yes."
163,0.013098327,Low Risk,73.9,Medium Value,Low,"categorical__Partner_No, categorical__StreamingTV_No, categorical__OnlineSecurity_No","categorical__Contract_Month-to-month, categorical__Contract_Two year, numerical__TotalCharges","Continue normal customer engagement and loyalty communication to maintain customer satisfaction. Prioritize addressing the key churn drivers identified: categorical__Partner_No, categorical__StreamingTV_No, categorical__OnlineSecurity_No."
266,0.013046553,Low Risk,24.9,Low Value,Low,"categorical__Partner_No, categorical__PaperlessBilling_No, categorical__InternetService_DSL","categorical__Contract_Month-to-month, categorical__Contract_Two year, categorical__PaperlessBilling_Yes","Continue normal customer engagement and loyalty communication to maintain customer satisfaction. Prioritize addressing the key churn drivers identified: categorical__Partner_No, categorical__PaperlessBilling_No, categorical__InternetService_DSL."
9,0.012979144,Low Risk,56.15,Medium Value,Low,"categorical__PaperlessBilling_No, categorical__DeviceProtection_No, categorical__Partner_No","numerical__tenure, categorical__Contract_Month-to-month, numerical__TotalCharges","Continue normal customer engagement and loyalty communication to maintain customer satisfaction. Prioritize addressing the key churn drivers identified: categorical__PaperlessBilling_No, categorical__DeviceProtection_No, categorical__Partner_No."
5820,0.0128463935,Low Risk,59.8,Medium Value,Low,"categorical__DeviceProtection_No, categorical__Contract_One year, categorical__Partner_Yes","numerical__tenure, categorical__Contract_Month-to-month, numerical__TotalCharges","Continue normal customer engagement and loyalty communication to maintain customer satisfaction. Prioritize addressing the key churn drivers identified: categorical__DeviceProtection_No, categorical__Contract_One year, categorical__Partner_Yes."
6906,0.012844428,Low Risk,18.7,Low Value,Low,"categorical__gender_Female, categorical__Partner_Yes, categorical__PaperlessBilling_No","categorical__Contract_Month-to-month, categorical__Contract_Two year, categorical__OnlineSecurity_No","Continue normal customer engagement and loyalty communication to maintain customer satisfaction. Prioritize addressing the key churn drivers identified: categorical__gender_Female, categorical__Partner_Yes, categorical__PaperlessBilling_No."
2667,0.012843262,Low Risk,115.05,High Value,Low,"categorical__PaperlessBilling_No, categorical__gender_Female, categorical__InternetService_Fiber optic","numerical__tenure, categorical__Contract_Month-to-month, categorical__Contract_Two year","Continue normal customer engagement and loyalty communication to maintain customer satisfaction. Prioritize addressing the key churn drivers identified: categorical__PaperlessBilling_No, categorical__gender_Female, categorical__InternetService_Fiber optic."
6916,0.012688512,Low Risk,19.55,Low Value,Low,"categorical__Partner_No, categorical__PaperlessBilling_No, categorical__InternetService_DSL","categorical__Contract_Month-to-month, categorical__Contract_Two year, categorical__PaperlessBilling_Yes","Continue normal customer engagement and loyalty communication to maintain customer satisfaction. Prioritize addressing the key churn drivers identified: categorical__Partner_No, categorical__PaperlessBilling_No, categorical__InternetService_DSL."
2685,0.01267444,Low Risk,100.65,High Value,Low,"categorical__gender_Female, categorical__InternetService_Fiber optic, categorical__PaperlessBilling_No","numerical__tenure, categorical__Contract_Month-to-month, categorical__OnlineSecurity_No","Continue normal customer engagement and loyalty communication to maintain customer satisfaction. Prioritize addressing the key churn drivers identified: categorical__gender_Female, categorical__InternetService_Fiber optic, categorical__PaperlessBilling_No."
3309,0.012606411,Low Risk,19.9,Low Value,Low,"categorical__gender_Female, categorical__Partner_No, categorical__PaperlessBilling_No","categorical__Contract_Month-to-month, numerical__MonthlyCharges, categorical__PaperlessBilling_Yes","Continue normal customer engagement and loyalty communication to maintain customer satisfaction. Prioritize addressing the key churn drivers identified: categorical__gender_Female, categorical__Partner_No, categorical__PaperlessBilling_No."
1767,0.012456655,Low Risk,115.15,High Value,Low,"categorical__gender_Female, numerical__TotalCharges, categorical__InternetService_Fiber optic","numerical__tenure, categorical__Contract_Month-to-month, categorical__Contract_Two year","Continue normal customer engagement and loyalty communication to maintain customer satisfaction. Prioritize addressing the key churn drivers identified: categorical__gender_Female, numerical__TotalCharges, categorical__InternetService_Fiber optic."
3708,0.012165946,Low Risk,20.4,Low Value,Low,"categorical__Partner_No, categorical__PaperlessBilling_No, numerical__tenure","categorical__Contract_Month-to-month, categorical__Contract_Two year, categorical__PaperlessBilling_Yes","Continue normal customer engagement and loyalty communication to maintain customer satisfaction. Prioritize addressing the key churn drivers identified: categorical__Partner_No, categorical__PaperlessBilling_No, numerical__tenure."
1154,0.012053473,Low Risk,24.65,Low Value,Low,"categorical__gender_Female, categorical__Partner_Yes, numerical__TotalCharges","categorical__Contract_Month-to-month, categorical__Contract_Two year, numerical__MonthlyCharges","Continue normal customer engagement and loyalty communication to maintain customer satisfaction. Prioritize addressing the key churn drivers identified: categorical__gender_Female, categorical__Partner_Yes, numerical__TotalCharges."
344,0.012022623,Low Risk,20.25,Low Value,Low,"categorical__gender_Female, categorical__Partner_No, categorical__Contract_Two year","categorical__Contract_Month-to-month, numerical__MonthlyCharges, categorical__gender_Male","Continue normal customer engagement and loyalty communication to maintain customer satisfaction. Prioritize addressing the key churn drivers identified: categorical__gender_Female, categorical__Partner_No, categorical__Contract_Two year."
6724,0.011785171,Low Risk,70.2,Medium Value,Low,"categorical__gender_Female, categorical__Partner_No, numerical__SeniorCitizen","numerical__tenure, categorical__Contract_Month-to-month, categorical__Contract_Two year","Continue normal customer engagement and loyalty communication to maintain customer satisfaction. Prioritize addressing the key churn drivers identified: categorical__gender_Female, categorical__Partner_No, numerical__SeniorCitizen."
2561,0.011779069,Low Risk,99.0,High Value,Low,"categorical__gender_Female, numerical__MonthlyCharges, categorical__InternetService_Fiber optic","numerical__tenure, categorical__Contract_Month-to-month, categorical__OnlineSecurity_No","Continue normal customer engagement and loyalty communication to maintain customer satisfaction. Prioritize addressing the key churn drivers identified: categorical__gender_Female, numerical__MonthlyCharges, categorical__InternetService_Fiber optic."
216,0.011590095,Low Risk,45.25,Low Value,Low,"categorical__PaperlessBilling_No, categorical__StreamingTV_No, categorical__InternetService_DSL","numerical__tenure, categorical__Contract_Month-to-month, categorical__Contract_Two year","Continue normal customer engagement and loyalty communication to maintain customer satisfaction. Prioritize addressing the key churn drivers identified: categorical__PaperlessBilling_No, categorical__StreamingTV_No, categorical__InternetService_DSL."
1280,0.011535684,Low Risk,114.85,High Value,Low,"categorical__gender_Female, categorical__InternetService_Fiber optic, numerical__TotalCharges","numerical__tenure, categorical__Contract_Month-to-month, categorical__Contract_Two year","Continue normal customer engagement and loyalty communication to maintain customer satisfaction. Prioritize addressing the key churn drivers identified: categorical__gender_Female, categorical__InternetService_Fiber optic, numerical__TotalCharges."
821,0.011457531,Low Risk,79.15,Medium Value,Low,"categorical__Partner_Yes, categorical__OnlineBackup_No, categorical__StreamingTV_Yes","categorical__Contract_Month-to-month, categorical__Contract_Two year, categorical__InternetService_Fiber optic","Continue normal customer engagement and loyalty communication to maintain customer satisfaction. Prioritize addressing the key churn drivers identified: categorical__Partner_Yes, categorical__OnlineBackup_No, categorical__StreamingTV_Yes."
6276,0.011385784,Low Risk,20.35,Low Value,Low,"categorical__gender_Female, categorical__PaperlessBilling_No, categorical__Contract_Two year","categorical__Contract_Month-to-month, numerical__MonthlyCharges, categorical__PaperlessBilling_Yes","Continue normal customer engagement and loyalty communication to maintain customer satisfaction. Prioritize addressing the key churn drivers identified: categorical__gender_Female, categorical__PaperlessBilling_No, categorical__Contract_Two year."
5879,0.011231649,Low Risk,61.05,Medium Value,Low,"categorical__StreamingTV_No, categorical__DeviceProtection_No, categorical__Partner_Yes","categorical__Contract_Month-to-month, categorical__Contract_Two year, categorical__InternetService_Fiber optic","Continue normal customer engagement and loyalty communication to maintain customer satisfaction. Prioritize addressing the key churn drivers identified: categorical__StreamingTV_No, categorical__DeviceProtection_No, categorical__Partner_Yes."
5172,0.011124845,Low Risk,20.0,Low Value,Low,"categorical__Partner_No, categorical__PaperlessBilling_No, numerical__TotalCharges","categorical__Contract_Month-to-month, categorical__Contract_Two year, categorical__PaperlessBilling_Yes","Continue normal customer engagement and loyalty communication to maintain customer satisfaction. Prioritize addressing the key churn drivers identified: categorical__Partner_No, categorical__PaperlessBilling_No, numerical__TotalCharges."
3487,0.011118033,Low Risk,20.1,Low Value,Low,"categorical__gender_Female, categorical__PaperlessBilling_No, categorical__Partner_Yes","categorical__Contract_Month-to-month, categorical__Contract_Two year, numerical__MonthlyCharges","Continue normal customer engagement and loyalty communication to maintain customer satisfaction. Prioritize addressing the key churn drivers identified: categorical__gender_Female, categorical__PaperlessBilling_No, categorical__Partner_Yes."
2443,0.011093744,Low Risk,109.55,High Value,Low,"categorical__gender_Female, categorical__InternetService_Fiber optic, categorical__PaperlessBilling_No","numerical__tenure, categorical__Contract_Month-to-month, categorical__Contract_Two year","Continue normal customer engagement and loyalty communication to maintain customer satisfaction. Prioritize addressing the key churn drivers identified: categorical__gender_Female, categorical__InternetService_Fiber optic, categorical__PaperlessBilling_No."
5407,0.011060126,Low Risk,63.55,Medium Value,Low,"categorical__gender_Female, categorical__PaperlessBilling_No, categorical__StreamingTV_No","numerical__tenure, categorical__Contract_Month-to-month, categorical__Contract_Two year","Continue normal customer engagement and loyalty communication to maintain customer satisfaction. Prioritize addressing the key churn drivers identified: categorical__gender_Female, categorical__PaperlessBilling_No, categorical__StreamingTV_No."
87,0.011040028,Low Risk,20.65,Low Value,Low,"categorical__gender_Female, categorical__PaperlessBilling_No, categorical__Partner_Yes","categorical__Contract_Month-to-month, categorical__Contract_Two year, numerical__MonthlyCharges","Continue normal customer engagement and loyalty communication to maintain customer satisfaction. Prioritize addressing the key churn drivers identified: categorical__gender_Female, categorical__PaperlessBilling_No, categorical__Partner_Yes."
6595,0.010814602,Low Risk,82.55,Medium Value,Low,"categorical__Partner_Yes, categorical__PaymentMethod_Electronic check, categorical__OnlineBackup_No","numerical__tenure, categorical__Contract_Month-to-month, categorical__Contract_Two year","Continue normal customer engagement and loyalty communication to maintain customer satisfaction. Prioritize addressing the key churn drivers identified: categorical__Partner_Yes, categorical__PaymentMethod_Electronic check, categorical__OnlineBackup_No."
7019,0.010795108,Low Risk,20.15,Low Value,Low,"categorical__gender_Female, categorical__Partner_No, categorical__PaperlessBilling_No","categorical__Contract_Month-to-month, categorical__Contract_Two year, numerical__MonthlyCharges","Continue normal customer engagement and loyalty communication to maintain customer satisfaction. Prioritize addressing the key churn drivers identified: categorical__gender_Female, categorical__Partner_No, categorical__PaperlessBilling_No."
3242,0.010739331,Low Risk,20.45,Low Value,Low,"numerical__tenure, categorical__Partner_No, categorical__PaperlessBilling_No","categorical__Contract_Month-to-month, categorical__Contract_Two year, numerical__MonthlyCharges","Continue normal customer engagement and loyalty communication to maintain customer satisfaction. Prioritize addressing the key churn drivers identified: numerical__tenure, categorical__Partner_No, categorical__PaperlessBilling_No."
4479,0.010722672,Low Risk,24.45,Low Value,Low,"categorical__gender_Female, categorical__Partner_No, categorical__PaperlessBilling_No","categorical__Contract_Month-to-month, categorical__Contract_Two year, numerical__tenure","Continue normal customer engagement and loyalty communication to maintain customer satisfaction. Prioritize addressing the key churn drivers identified: categorical__gender_Female, categorical__Partner_No, categorical__PaperlessBilling_No."
5756,0.010602464,Low Risk,19.85,Low Value,Low,"categorical__gender_Female, categorical__Partner_No, categorical__PaperlessBilling_No","categorical__Contract_Month-to-month, categorical__Contract_Two year, numerical__MonthlyCharges","Continue normal customer engagement and loyalty communication to maintain customer satisfaction. Prioritize addressing the key churn drivers identified: categorical__gender_Female, categorical__Partner_No, categorical__PaperlessBilling_No."
6427,0.01053927,Low Risk,20.15,Low Value,Low,"categorical__Partner_No, categorical__PaperlessBilling_No, categorical__InternetService_DSL","categorical__Contract_Month-to-month, categorical__Contract_Two year, categorical__PaperlessBilling_Yes","Continue normal customer engagement and loyalty communication to maintain customer satisfaction. Prioritize addressing the key churn drivers identified: categorical__Partner_No, categorical__PaperlessBilling_No, categorical__InternetService_DSL."
993,0.010530293,Low Risk,26.1,Low Value,Low,"categorical__gender_Female, categorical__PaperlessBilling_No, numerical__TotalCharges","categorical__Contract_Month-to-month, categorical__Contract_Two year, categorical__OnlineSecurity_No","Continue normal customer engagement and loyalty communication to maintain customer satisfaction. Prioritize addressing the key churn drivers identified: categorical__gender_Female, categorical__PaperlessBilling_No, numerical__TotalCharges."
4882,0.010510101,Low Risk,62.5,Medium Value,Low,"categorical__gender_Female, categorical__Partner_No, categorical__StreamingTV_Yes","categorical__Contract_Month-to-month, categorical__Contract_Two year, numerical__tenure","Continue normal customer engagement and loyalty communication to maintain customer satisfaction. Prioritize addressing the key churn drivers identified: categorical__gender_Female, categorical__Partner_No, categorical__StreamingTV_Yes."
1440,0.010467164,Low Risk,19.9,Low Value,Low,"categorical__PaperlessBilling_No, categorical__Contract_Two year, categorical__Partner_Yes","categorical__Contract_Month-to-month, categorical__PaymentMethod_Credit card (automatic), numerical__MonthlyCharges","Continue normal customer engagement and loyalty communication to maintain customer satisfaction. Prioritize addressing the key churn drivers identified: categorical__PaperlessBilling_No, categorical__Contract_Two year, categorical__Partner_Yes."
6435,0.010322491,Low Risk,50.2,Medium Value,Low,"categorical__PaperlessBilling_No, categorical__Partner_Yes, categorical__OnlineSecurity_No","categorical__Contract_Month-to-month, categorical__Contract_Two year, numerical__tenure","Continue normal customer engagement and loyalty communication to maintain customer satisfaction. Prioritize addressing the key churn drivers identified: categorical__PaperlessBilling_No, categorical__Partner_Yes, categorical__OnlineSecurity_No."
4686,0.0102566965,Low Risk,107.4,High Value,Low,"numerical__TotalCharges, categorical__gender_Female, categorical__InternetService_Fiber optic","numerical__tenure, categorical__Contract_Month-to-month, categorical__OnlineSecurity_No","Continue normal customer engagement and loyalty communication to maintain customer satisfaction. Prioritize addressing the key churn drivers identified: numerical__TotalCharges, categorical__gender_Female, categorical__InternetService_Fiber optic."
4026,0.010115814,Low Risk,114.3,High Value,Low,"numerical__TotalCharges, categorical__InternetService_Fiber optic, categorical__Partner_Yes","numerical__tenure, categorical__Contract_Month-to-month, categorical__Contract_Two year","Continue normal customer engagement and loyalty communication to maintain customer satisfaction. Prioritize addressing the key churn drivers identified: numerical__TotalCharges, categorical__InternetService_Fiber optic, categorical__Partner_Yes."
437,0.010115814,Low Risk,114.05,High Value,Low,"numerical__TotalCharges, categorical__InternetService_Fiber optic, categorical__Partner_Yes","numerical__tenure, categorical__Contract_Month-to-month, categorical__Contract_Two year","Continue normal customer engagement and loyalty communication to maintain customer satisfaction. Prioritize addressing the key churn drivers identified: numerical__TotalCharges, categorical__InternetService_Fiber optic, categorical__Partner_Yes."
5582,0.010060966,Low Risk,24.0,Low Value,Low,"categorical__gender_Female, categorical__Partner_No, categorical__PaperlessBilling_No","categorical__Contract_Month-to-month, categorical__Contract_Two year, numerical__MonthlyCharges","Continue normal customer engagement and loyalty communication to maintain customer satisfaction. Prioritize addressing the key churn drivers identified: categorical__gender_Female, categorical__Partner_No, categorical__PaperlessBilling_No."
6794,0.009921475,Low Risk,19.55,Low Value,Low,"categorical__Partner_No, categorical__PaperlessBilling_No, categorical__InternetService_DSL","categorical__Contract_Month-to-month, categorical__Contract_Two year, categorical__PaperlessBilling_Yes","Continue normal customer engagement and loyalty communication to maintain customer satisfaction. Prioritize addressing the key churn drivers identified: categorical__Partner_No, categorical__PaperlessBilling_No, categorical__InternetService_DSL."
447,0.009885604,Low Risk,25.05,Low Value,Low,"categorical__gender_Female, categorical__Partner_Yes, categorical__PaymentMethod_Bank transfer (automatic)","categorical__Contract_Month-to-month, categorical__Contract_Two year, numerical__MonthlyCharges","Continue normal customer engagement and loyalty communication to maintain customer satisfaction. Prioritize addressing the key churn drivers identified: categorical__gender_Female, categorical__Partner_Yes, categorical__PaymentMethod_Bank transfer (automatic)."
4312,0.0095633995,Low Risk,82.1,Medium Value,Low,"categorical__PaperlessBilling_No, categorical__OnlineSecurity_No, numerical__TotalCharges","categorical__Contract_Month-to-month, categorical__Contract_Two year, numerical__tenure","Continue normal customer engagement and loyalty communication to maintain customer satisfaction. Prioritize addressing the key churn drivers identified: categorical__PaperlessBilling_No, categorical__OnlineSecurity_No, numerical__TotalCharges."
1587,0.00954238,Low Risk,26.3,Low Value,Low,"categorical__PaperlessBilling_No, categorical__Partner_Yes, categorical__PaymentMethod_Bank transfer (automatic)","categorical__Contract_Month-to-month, categorical__Contract_Two year, categorical__PaperlessBilling_Yes","Continue normal customer engagement and loyalty communication to maintain customer satisfaction. Prioritize addressing the key churn drivers identified: categorical__PaperlessBilling_No, categorical__Partner_Yes, categorical__PaymentMethod_Bank transfer (automatic)."
1847,0.009504589,Low Risk,19.4,Low Value,Low,"categorical__gender_Female, categorical__PaperlessBilling_No, numerical__TotalCharges","categorical__Contract_Month-to-month, categorical__Contract_Two year, categorical__PaymentMethod_Credit card (automatic)","Continue normal customer engagement and loyalty communication to maintain customer satisfaction. Prioritize addressing the key churn drivers identified: categorical__gender_Female, categorical__PaperlessBilling_No, numerical__TotalCharges."
5915,0.009445927,Low Risk,19.1,Low Value,Low,"categorical__Partner_No, categorical__PaperlessBilling_Yes, categorical__PaperlessBilling_No","categorical__Contract_Month-to-month, categorical__Contract_Two year, numerical__tenure","Continue normal customer engagement and loyalty communication to maintain customer satisfaction. Prioritize addressing the key churn drivers identified: categorical__Partner_No, categorical__PaperlessBilling_Yes, categorical__PaperlessBilling_No."
1978,0.009285688,Low Risk,69.75,Medium Value,Low,"categorical__gender_Female, categorical__PaperlessBilling_No, categorical__Partner_No","categorical__Contract_Month-to-month, numerical__tenure, numerical__TotalCharges","Continue normal customer engagement and loyalty communication to maintain customer satisfaction. Prioritize addressing the key churn drivers identified: categorical__gender_Female, categorical__PaperlessBilling_No, categorical__Partner_No."
5451,0.009144417,Low Risk,95.65,High Value,Low,"categorical__gender_Female, categorical__PaperlessBilling_No, categorical__InternetService_Fiber optic","numerical__tenure, categorical__Contract_Month-to-month, categorical__gender_Male","Continue normal customer engagement and loyalty communication to maintain customer satisfaction. Prioritize addressing the key churn drivers identified: categorical__gender_Female, categorical__PaperlessBilling_No, categorical__InternetService_Fiber optic."
3992,0.00883553,Low Risk,84.7,High Value,Low,"categorical__gender_Female, categorical__Partner_No, categorical__StreamingTV_Yes","categorical__Contract_Month-to-month, categorical__Contract_Two year, numerical__tenure","Continue normal customer engagement and loyalty communication to maintain customer satisfaction. Prioritize addressing the key churn drivers identified: categorical__gender_Female, categorical__Partner_No, categorical__StreamingTV_Yes."
2746,0.00867994,Low Risk,21.0,Low Value,Low,"categorical__gender_Female, categorical__PaperlessBilling_No, categorical__Partner_Yes","categorical__Contract_Month-to-month, categorical__Contract_Two year, categorical__PaperlessBilling_Yes","Continue normal customer engagement and loyalty communication to maintain customer satisfaction. Prioritize addressing the key churn drivers identified: categorical__gender_Female, categorical__PaperlessBilling_No, categorical__Partner_Yes."
3996,0.008604558,Low Risk,20.75,Low Value,Low,"categorical__Partner_No, categorical__PaperlessBilling_No, categorical__InternetService_DSL","categorical__Contract_Month-to-month, categorical__Contract_Two year, categorical__PaperlessBilling_Yes","Continue normal customer engagement and loyalty communication to maintain customer satisfaction. Prioritize addressing the key churn drivers identified: categorical__Partner_No, categorical__PaperlessBilling_No, categorical__InternetService_DSL."
6243,0.008526112,Low Risk,83.6,High Value,Low,"categorical__gender_Female, categorical__Partner_Yes, categorical__StreamingMovies_Yes","numerical__tenure, categorical__Contract_Month-to-month, categorical__Contract_Two year","Continue normal customer engagement and loyalty communication to maintain customer satisfaction. Prioritize addressing the key churn drivers identified: categorical__gender_Female, categorical__Partner_Yes, categorical__StreamingMovies_Yes."
4285,0.00852442,Low Risk,73.85,Medium Value,Low,"categorical__PaperlessBilling_No, categorical__DeviceProtection_No, categorical__Partner_Yes","categorical__Contract_Month-to-month, numerical__TotalCharges, categorical__Contract_Two year","Continue normal customer engagement and loyalty communication to maintain customer satisfaction. Prioritize addressing the key churn drivers identified: categorical__PaperlessBilling_No, categorical__DeviceProtection_No, categorical__Partner_Yes."
3238,0.008441208,Low Risk,19.65,Low Value,Low,"categorical__gender_Female, categorical__PaperlessBilling_No, categorical__Partner_Yes","categorical__Contract_Month-to-month, categorical__Contract_Two year, categorical__PaymentMethod_Credit card (automatic)","Continue normal customer engagement and loyalty communication to maintain customer satisfaction. Prioritize addressing the key churn drivers identified: categorical__gender_Female, categorical__PaperlessBilling_No, categorical__Partner_Yes."
5659,0.008313007,Low Risk,71.9,Medium Value,Low,"categorical__StreamingTV_No, categorical__Partner_No, categorical__OnlineBackup_No","numerical__tenure, categorical__Contract_Month-to-month, categorical__Contract_Two year","Continue normal customer engagement and loyalty communication to maintain customer satisfaction. Prioritize addressing the key churn drivers identified: categorical__StreamingTV_No, categorical__Partner_No, categorical__OnlineBackup_No."
6887,0.008285808,Low Risk,24.3,Low Value,Low,"categorical__gender_Female, categorical__PaperlessBilling_No, categorical__Partner_Yes","categorical__Contract_Month-to-month, categorical__Contract_Two year, numerical__tenure","Continue normal customer engagement and loyalty communication to maintain customer satisfaction. Prioritize addressing the key churn drivers identified: categorical__gender_Female, categorical__PaperlessBilling_No, categorical__Partner_Yes."
6189,0.008186837,Low Risk,91.95,High Value,Low,"categorical__Partner_Yes, categorical__StreamingTV_Yes, categorical__MultipleLines_No","numerical__tenure, categorical__Contract_Month-to-month, categorical__Contract_Two year","Continue normal customer engagement and loyalty communication to maintain customer satisfaction. Prioritize addressing the key churn drivers identified: categorical__Partner_Yes, categorical__StreamingTV_Yes, categorical__MultipleLines_No."
4581,0.008131163,Low Risk,20.8,Low Value,Low,"categorical__Partner_No, categorical__PaperlessBilling_No, categorical__InternetService_DSL","categorical__Contract_Month-to-month, categorical__Contract_Two year, numerical__tenure","Continue normal customer engagement and loyalty communication to maintain customer satisfaction. Prioritize addressing the key churn drivers identified: categorical__Partner_No, categorical__PaperlessBilling_No, categorical__InternetService_DSL."
2701,0.008046776,Low Risk,19.1,Low Value,Low,"categorical__gender_Female, numerical__TotalCharges, categorical__PaperlessBilling_No","categorical__Contract_Month-to-month, numerical__MonthlyCharges, categorical__PaperlessBilling_Yes","Continue normal customer engagement and loyalty communication to maintain customer satisfaction. Prioritize addressing the key churn drivers identified: categorical__gender_Female, numerical__TotalCharges, categorical__PaperlessBilling_No."
4715,0.008040217,Low Risk,86.4,High Value,Low,"categorical__gender_Female, categorical__Partner_No, categorical__StreamingTV_Yes","categorical__Contract_Month-to-month, numerical__tenure, categorical__Contract_Two year","Continue normal customer engagement and loyalty communication to maintain customer satisfaction. Prioritize addressing the key churn drivers identified: categorical__gender_Female, categorical__Partner_No, categorical__StreamingTV_Yes."
6115,0.007938936,Low Risk,109.5,High Value,Low,"categorical__gender_Female, numerical__MonthlyCharges, categorical__InternetService_Fiber optic","numerical__tenure, categorical__Contract_Month-to-month, categorical__Contract_Two year","Continue normal customer engagement and loyalty communication to maintain customer satisfaction. Prioritize addressing the key churn drivers identified: categorical__gender_Female, numerical__MonthlyCharges, categorical__InternetService_Fiber optic."
4316,0.007899182,Low Risk,90.65,High Value,Low,"categorical__Partner_No, categorical__PaperlessBilling_No, categorical__StreamingTV_Yes","categorical__Contract_Month-to-month, categorical__Contract_Two year, numerical__tenure","Continue normal customer engagement and loyalty communication to maintain customer satisfaction. Prioritize addressing the key churn drivers identified: categorical__Partner_No, categorical__PaperlessBilling_No, categorical__StreamingTV_Yes."
1292,0.007864375,Low Risk,84.5,High Value,Low,"categorical__gender_Female, categorical__Partner_No, categorical__StreamingTV_Yes","numerical__tenure, categorical__Contract_Month-to-month, categorical__Contract_Two year","Continue normal customer engagement and loyalty communication to maintain customer satisfaction. Prioritize addressing the key churn drivers identified: categorical__gender_Female, categorical__Partner_No, categorical__StreamingTV_Yes."
2917,0.00783692,Low Risk,19.95,Low Value,Low,"categorical__Partner_Yes, categorical__PaymentMethod_Bank transfer (automatic), categorical__InternetService_DSL","categorical__Contract_Month-to-month, categorical__Contract_Two year, numerical__tenure","Continue normal customer engagement and loyalty communication to maintain customer satisfaction. Prioritize addressing the key churn drivers identified: categorical__Partner_Yes, categorical__PaymentMethod_Bank transfer (automatic), categorical__InternetService_DSL."
2814,0.007831101,Low Risk,48.7,Low Value,Low,"categorical__gender_Female, categorical__PaperlessBilling_No, categorical__DeviceProtection_No","categorical__Contract_Month-to-month, numerical__tenure, categorical__Contract_Two year","Continue normal customer engagement and loyalty communication to maintain customer satisfaction. Prioritize addressing the key churn drivers identified: categorical__gender_Female, categorical__PaperlessBilling_No, categorical__DeviceProtection_No."
6659,0.007788388,Low Risk,92.3,High Value,Low,"categorical__PaperlessBilling_No, categorical__Partner_Yes, categorical__MultipleLines_No","numerical__tenure, categorical__Contract_Month-to-month, categorical__Contract_Two year","Continue normal customer engagement and loyalty communication to maintain customer satisfaction. Prioritize addressing the key churn drivers identified: categorical__PaperlessBilling_No, categorical__Partner_Yes, categorical__MultipleLines_No."
4744,0.0077547925,Low Risk,20.05,Low Value,Low,"categorical__Partner_No, categorical__InternetService_DSL, categorical__PaperlessBilling_Yes","categorical__Contract_Month-to-month, numerical__tenure, categorical__Contract_Two year","Continue normal customer engagement and loyalty communication to maintain customer satisfaction. Prioritize addressing the key churn drivers identified: categorical__Partner_No, categorical__InternetService_DSL, categorical__PaperlessBilling_Yes."
5461,0.0077393423,Low Risk,65.1,Medium Value,Low,"categorical__gender_Female, categorical__StreamingTV_No, categorical__DeviceProtection_No","numerical__tenure, categorical__Contract_Month-to-month, categorical__Contract_Two year","Continue normal customer engagement and loyalty communication to maintain customer satisfaction. Prioritize addressing the key churn drivers identified: categorical__gender_Female, categorical__StreamingTV_No, categorical__DeviceProtection_No."
265,0.0077181137,Low Risk,88.1,High Value,Low,"categorical__gender_Female, categorical__PaperlessBilling_No, categorical__Partner_Yes","categorical__Contract_Month-to-month, numerical__tenure, categorical__Contract_Two year","Continue normal customer engagement and loyalty communication to maintain customer satisfaction. Prioritize addressing the key churn drivers identified: categorical__gender_Female, categorical__PaperlessBilling_No, categorical__Partner_Yes."
4409,0.007611731,Low Risk,46.35,Low Value,Low,"categorical__PaperlessBilling_No, categorical__StreamingTV_No, categorical__InternetService_DSL","numerical__tenure, categorical__Contract_Month-to-month, categorical__Contract_Two year","Continue normal customer engagement and loyalty communication to maintain customer satisfaction. Prioritize addressing the key churn drivers identified: categorical__PaperlessBilling_No, categorical__StreamingTV_No, categorical__InternetService_DSL."
2987,0.0075975745,Low Risk,20.1,Low Value,Low,"categorical__gender_Female, categorical__PaperlessBilling_No, categorical__Partner_Yes","categorical__Contract_Month-to-month, categorical__Contract_Two year, categorical__PaperlessBilling_Yes","Continue normal customer engagement and loyalty communication to maintain customer satisfaction. Prioritize addressing the key churn drivers identified: categorical__gender_Female, categorical__PaperlessBilling_No, categorical__Partner_Yes."
968,0.0075864373,Low Risk,77.35,Medium Value,Low,"categorical__gender_Female, categorical__PaperlessBilling_No, categorical__Partner_No","numerical__tenure, categorical__Contract_Month-to-month, categorical__Contract_Two year","Continue normal customer engagement and loyalty communication to maintain customer satisfaction. Prioritize addressing the key churn drivers identified: categorical__gender_Female, categorical__PaperlessBilling_No, categorical__Partner_No."
4272,0.0075184796,Low Risk,25.15,Low Value,Low,"categorical__Partner_Yes, categorical__PaperlessBilling_Yes, categorical__MultipleLines_No","categorical__Contract_Month-to-month, categorical__Contract_Two year, categorical__OnlineSecurity_No","Continue normal customer engagement and loyalty communication to maintain customer satisfaction. Prioritize addressing the key churn drivers identified: categorical__Partner_Yes, categorical__PaperlessBilling_Yes, categorical__MultipleLines_No."
1761,0.0073807696,Low Risk,24.45,Low Value,Low,"categorical__Partner_No, categorical__PaperlessBilling_Yes, categorical__MultipleLines_No","categorical__Contract_Month-to-month, categorical__Contract_Two year, numerical__MonthlyCharges","Continue normal customer engagement and loyalty communication to maintain customer satisfaction. Prioritize addressing the key churn drivers identified: categorical__Partner_No, categorical__PaperlessBilling_Yes, categorical__MultipleLines_No."
4256,0.0073153544,Low Risk,26.0,Low Value,Low,"categorical__gender_Female, categorical__Partner_Yes, categorical__PaperlessBilling_Yes","categorical__Contract_Month-to-month, categorical__Contract_Two year, numerical__tenure","Continue normal customer engagement and loyalty communication to maintain customer satisfaction. Prioritize addressing the key churn drivers identified: categorical__gender_Female, categorical__Partner_Yes, categorical__PaperlessBilling_Yes."
4263,0.007271381,Low Risk,115.55,High Value,Low,"categorical__gender_Female, categorical__InternetService_Fiber optic, numerical__TotalCharges","numerical__tenure, categorical__Contract_Month-to-month, categorical__Contract_Two year","Continue normal customer engagement and loyalty communication to maintain customer satisfaction. Prioritize addressing the key churn drivers identified: categorical__gender_Female, categorical__InternetService_Fiber optic, numerical__TotalCharges."
2697,0.007267455,Low Risk,87.95,High Value,Low,"categorical__gender_Female, categorical__PaperlessBilling_No, categorical__Partner_Yes","numerical__tenure, categorical__Contract_Month-to-month, categorical__Contract_Two year","Continue normal customer engagement and loyalty communication to maintain customer satisfaction. Prioritize addressing the key churn drivers identified: categorical__gender_Female, categorical__PaperlessBilling_No, categorical__Partner_Yes."
6656,0.0072631557,Low Risk,23.55,Low Value,Low,"categorical__PaperlessBilling_No, categorical__Partner_Yes, categorical__InternetService_DSL","categorical__Contract_Month-to-month, categorical__Contract_Two year, categorical__PaperlessBilling_Yes","Continue normal customer engagement and loyalty communication to maintain customer satisfaction. Prioritize addressing the key churn drivers identified: categorical__PaperlessBilling_No, categorical__Partner_Yes, categorical__InternetService_DSL."
3761,0.007257585,Low Risk,82.65,Medium Value,Low,"categorical__gender_Female, categorical__Partner_Yes, categorical__StreamingMovies_Yes","numerical__tenure, categorical__Contract_Month-to-month, categorical__Contract_Two year","Continue normal customer engagement and loyalty communication to maintain customer satisfaction. Prioritize addressing the key churn drivers identified: categorical__gender_Female, categorical__Partner_Yes, categorical__StreamingMovies_Yes."
5181,0.0071476772,Low Risk,90.8,High Value,Low,"categorical__Partner_Yes, categorical__StreamingTV_Yes, categorical__MultipleLines_No","numerical__tenure, categorical__Contract_Month-to-month, categorical__Contract_Two year","Continue normal customer engagement and loyalty communication to maintain customer satisfaction. Prioritize addressing the key churn drivers identified: categorical__Partner_Yes, categorical__StreamingTV_Yes, categorical__MultipleLines_No."
2675,0.007111917,Low Risk,20.7,Low Value,Low,"categorical__PaperlessBilling_No, categorical__Partner_Yes, categorical__InternetService_DSL","categorical__Contract_Month-to-month, categorical__Contract_Two year, categorical__PaperlessBilling_Yes","Continue normal customer engagement and loyalty communication to maintain customer satisfaction. Prioritize addressing the key churn drivers identified: categorical__PaperlessBilling_No, categorical__Partner_Yes, categorical__InternetService_DSL."
2040,0.0070953197,Low Risk,90.55,High Value,Low,"categorical__PaperlessBilling_No, categorical__Partner_Yes, categorical__StreamingTV_Yes","numerical__tenure, categorical__Contract_Month-to-month, categorical__Contract_Two year","Continue normal customer engagement and loyalty communication to maintain customer satisfaction. Prioritize addressing the key churn drivers identified: categorical__PaperlessBilling_No, categorical__Partner_Yes, categorical__StreamingTV_Yes."
2120,0.0070448373,Low Risk,21.0,Low Value,Low,"categorical__gender_Female, categorical__PaperlessBilling_No, categorical__Partner_Yes","categorical__Contract_Month-to-month, categorical__Contract_Two year, numerical__tenure","Continue normal customer engagement and loyalty communication to maintain customer satisfaction. Prioritize addressing the key churn drivers identified: categorical__gender_Female, categorical__PaperlessBilling_No, categorical__Partner_Yes."
4206,0.0070345215,Low Risk,116.8,High Value,Low,"categorical__gender_Female, categorical__InternetService_Fiber optic, numerical__TotalCharges","numerical__tenure, categorical__Contract_Month-to-month, categorical__Contract_Two year","Continue normal customer engagement and loyalty communication to maintain customer satisfaction. Prioritize addressing the key churn drivers identified: categorical__gender_Female, categorical__InternetService_Fiber optic, numerical__TotalCharges."
5429,0.006956212,Low Risk,79.5,Medium Value,Low,"categorical__gender_Female, categorical__StreamingTV_No, categorical__Partner_Yes","numerical__tenure, categorical__Contract_Month-to-month, categorical__Contract_Two year","Continue normal customer engagement and loyalty communication to maintain customer satisfaction. Prioritize addressing the key churn drivers identified: categorical__gender_Female, categorical__StreamingTV_No, categorical__Partner_Yes."
4158,0.0068402844,Low Risk,25.2,Low Value,Low,"categorical__PaperlessBilling_No, categorical__Partner_Yes, categorical__InternetService_DSL","categorical__Contract_Month-to-month, categorical__Contract_Two year, categorical__PaperlessBilling_Yes","Continue normal customer engagement and loyalty communication to maintain customer satisfaction. Prioritize addressing the key churn drivers identified: categorical__PaperlessBilling_No, categorical__Partner_Yes, categorical__InternetService_DSL."
2972,0.0068198163,Low Risk,65.25,Medium Value,Low,"categorical__Partner_Yes, categorical__StreamingMovies_Yes, categorical__StreamingTV_Yes","numerical__tenure, categorical__Contract_Month-to-month, categorical__Contract_Two year","Continue normal customer engagement and loyalty communication to maintain customer satisfaction. Prioritize addressing the key churn drivers identified: categorical__Partner_Yes, categorical__StreamingMovies_Yes, categorical__StreamingTV_Yes."
1284,0.0064365533,Low Risk,19.85,Low Value,Low,"categorical__PaperlessBilling_No, categorical__Partner_Yes, categorical__InternetService_DSL","categorical__Contract_Month-to-month, categorical__Contract_Two year, numerical__tenure","Continue normal customer engagement and loyalty communication to maintain customer satisfaction. Prioritize addressing the key churn drivers identified: categorical__PaperlessBilling_No, categorical__Partner_Yes, categorical__InternetService_DSL."
2470,0.0063919295,Low Risk,25.25,Low Value,Low,"categorical__gender_Female, categorical__Partner_Yes, categorical__PaperlessBilling_Yes","categorical__Contract_Month-to-month, categorical__Contract_Two year, numerical__tenure","Continue normal customer engagement and loyalty communication to maintain customer satisfaction. Prioritize addressing the key churn drivers identified: categorical__gender_Female, categorical__Partner_Yes, categorical__PaperlessBilling_Yes."
3707,0.006336267,Low Risk,19.9,Low Value,Low,"categorical__PaperlessBilling_No, categorical__Partner_Yes, categorical__PaymentMethod_Bank transfer (automatic)","categorical__Contract_Month-to-month, categorical__Contract_Two year, numerical__tenure","Continue normal customer engagement and loyalty communication to maintain customer satisfaction. Prioritize addressing the key churn drivers identified: categorical__PaperlessBilling_No, categorical__Partner_Yes, categorical__PaymentMethod_Bank transfer (automatic)."
4155,0.0062927613,Low Risk,117.35,High Value,Low,"categorical__gender_Female, categorical__InternetService_Fiber optic, categorical__Partner_No","numerical__tenure, categorical__Contract_Month-to-month, categorical__Contract_Two year","Continue normal customer engagement and loyalty communication to maintain customer satisfaction. Prioritize addressing the key churn drivers identified: categorical__gender_Female, categorical__InternetService_Fiber optic, categorical__Partner_No."
5632,0.0062127165,Low Risk,20.3,Low Value,Low,"categorical__Partner_No, categorical__PaperlessBilling_No, numerical__TotalCharges","categorical__Contract_Month-to-month, categorical__Contract_Two year, numerical__MonthlyCharges","Continue normal customer engagement and loyalty communication to maintain customer satisfaction. Prioritize addressing the key churn drivers identified: categorical__Partner_No, categorical__PaperlessBilling_No, numerical__TotalCharges."
4679,0.006201854,Low Risk,86.4,High Value,Low,"categorical__gender_Female, categorical__DeviceProtection_No, categorical__Partner_Yes","numerical__tenure, categorical__Contract_Month-to-month, categorical__Contract_Two year","Continue normal customer engagement and loyalty communication to maintain customer satisfaction. Prioritize addressing the key churn drivers identified: categorical__gender_Female, categorical__DeviceProtection_No, categorical__Partner_Yes."
5596,0.0061413106,Low Risk,26.5,Low Value,Low,"categorical__gender_Female, categorical__Partner_No, categorical__PaperlessBilling_No","categorical__Contract_Month-to-month, numerical__tenure, categorical__Contract_Two year","Continue normal customer engagement and loyalty communication to maintain customer satisfaction. Prioritize addressing the key churn drivers identified: categorical__gender_Female, categorical__Partner_No, categorical__PaperlessBilling_No."
949,0.0060357708,Low Risk,20.5,Low Value,Low,"categorical__PaperlessBilling_No, categorical__Partner_Yes, categorical__InternetService_DSL","categorical__Contract_Month-to-month, categorical__Contract_Two year, numerical__tenure","Continue normal customer engagement and loyalty communication to maintain customer satisfaction. Prioritize addressing the key churn drivers identified: categorical__PaperlessBilling_No, categorical__Partner_Yes, categorical__InternetService_DSL."
4602,0.00590929,Low Risk,26.1,Low Value,Low,"categorical__gender_Female, categorical__Partner_No, categorical__PaperlessBilling_Yes","categorical__Contract_Month-to-month, numerical__tenure, categorical__Contract_Two year","Continue normal customer engagement and loyalty communication to maintain customer satisfaction. Prioritize addressing the key churn drivers identified: categorical__gender_Female, categorical__Partner_No, categorical__PaperlessBilling_Yes."
6875,0.005866303,Low Risk,19.45,Low Value,Low,"categorical__gender_Female, categorical__PaperlessBilling_No, numerical__MonthlyCharges","categorical__Contract_Month-to-month, categorical__Contract_Two year, numerical__tenure","Continue normal customer engagement and loyalty communication to maintain customer satisfaction. Prioritize addressing the key churn drivers identified: categorical__gender_Female, categorical__PaperlessBilling_No, numerical__MonthlyCharges."
3651,0.005851677,Low Risk,19.55,Low Value,Low,"categorical__gender_Female, categorical__Partner_Yes, numerical__SeniorCitizen","categorical__Contract_Month-to-month, categorical__Contract_Two year, numerical__tenure","Continue normal customer engagement and loyalty communication to maintain customer satisfaction. Prioritize addressing the key churn drivers identified: categorical__gender_Female, categorical__Partner_Yes, numerical__SeniorCitizen."
5690,0.005832474,Low Risk,61.2,Medium Value,Low,"categorical__Partner_No, categorical__MultipleLines_No, categorical__OnlineBackup_No","numerical__tenure, categorical__Contract_Month-to-month, categorical__Contract_Two year","Continue normal customer engagement and loyalty communication to maintain customer satisfaction. Prioritize addressing the key churn drivers identified: categorical__Partner_No, categorical__MultipleLines_No, categorical__OnlineBackup_No."
5725,0.0057627074,Low Risk,24.65,Low Value,Low,"categorical__gender_Female, categorical__Partner_Yes, categorical__MultipleLines_No","categorical__Contract_Month-to-month, categorical__Contract_Two year, numerical__MonthlyCharges","Continue normal customer engagement and loyalty communication to maintain customer satisfaction. Prioritize addressing the key churn drivers identified: categorical__gender_Female, categorical__Partner_Yes, categorical__MultipleLines_No."
1830,0.0056938245,Low Risk,20.5,Low Value,Low,"categorical__Partner_No, categorical__PaperlessBilling_No, categorical__InternetService_DSL","categorical__Contract_Month-to-month, categorical__Contract_Two year, numerical__tenure","Continue normal customer engagement and loyalty communication to maintain customer satisfaction. Prioritize addressing the key churn drivers identified: categorical__Partner_No, categorical__PaperlessBilling_No, categorical__InternetService_DSL."
4605,0.0055722864,Low Risk,67.25,Medium Value,Low,"categorical__StreamingTV_No, categorical__DeviceProtection_No, categorical__StreamingMovies_Yes","numerical__tenure, categorical__Contract_Month-to-month, categorical__Contract_Two year","Continue normal customer engagement and loyalty communication to maintain customer satisfaction. Prioritize addressing the key churn drivers identified: categorical__StreamingTV_No, categorical__DeviceProtection_No, categorical__StreamingMovies_Yes."
2935,0.0055014864,Low Risk,86.1,High Value,Low,"categorical__Partner_Yes, categorical__StreamingTV_Yes, categorical__StreamingMovies_Yes","numerical__tenure, categorical__Contract_Month-to-month, categorical__Contract_Two year","Continue normal customer engagement and loyalty communication to maintain customer satisfaction. Prioritize addressing the key churn drivers identified: categorical__Partner_Yes, categorical__StreamingTV_Yes, categorical__StreamingMovies_Yes."
2693,0.0053858217,Low Risk,19.3,Low Value,Low,"categorical__Partner_No, categorical__PaperlessBilling_No, numerical__MonthlyCharges","numerical__tenure, categorical__Contract_Month-to-month, categorical__Contract_Two year","Continue normal customer engagement and loyalty communication to maintain customer satisfaction. Prioritize addressing the key churn drivers identified: categorical__Partner_No, categorical__PaperlessBilling_No, numerical__MonthlyCharges."
6065,0.0053448477,Low Risk,25.0,Low Value,Low,"categorical__Partner_No, categorical__PaperlessBilling_No, categorical__InternetService_DSL","categorical__Contract_Month-to-month, categorical__Contract_Two year, numerical__tenure","Continue normal customer engagement and loyalty communication to maintain customer satisfaction. Prioritize addressing the key churn drivers identified: categorical__Partner_No, categorical__PaperlessBilling_No, categorical__InternetService_DSL."
5492,0.0053020483,Low Risk,25.3,Low Value,Low,"categorical__gender_Female, categorical__Partner_Yes, categorical__PaperlessBilling_Yes","categorical__Contract_Month-to-month, categorical__Contract_Two year, numerical__tenure","Continue normal customer engagement and loyalty communication to maintain customer satisfaction. Prioritize addressing the key churn drivers identified: categorical__gender_Female, categorical__Partner_Yes, categorical__PaperlessBilling_Yes."
2507,0.0052913562,Low Risk,24.5,Low Value,Low,"categorical__PaymentMethod_Electronic check, categorical__Partner_Yes, categorical__PaperlessBilling_Yes","numerical__tenure, categorical__Contract_Month-to-month, categorical__Contract_Two year","Continue normal customer engagement and loyalty communication to maintain customer satisfaction. Prioritize addressing the key churn drivers identified: categorical__PaymentMethod_Electronic check, categorical__Partner_Yes, categorical__PaperlessBilling_Yes."
2930,0.0052022757,Low Risk,25.75,Low Value,Low,"categorical__PaperlessBilling_No, categorical__Partner_Yes, categorical__MultipleLines_No","categorical__Contract_Month-to-month, categorical__Contract_Two year, categorical__PaperlessBilling_Yes","Continue normal customer engagement and loyalty communication to maintain customer satisfaction. Prioritize addressing the key churn drivers identified: categorical__PaperlessBilling_No, categorical__Partner_Yes, categorical__MultipleLines_No."
2496,0.005149358,Low Risk,20.05,Low Value,Low,"categorical__Partner_No, categorical__PaperlessBilling_No, categorical__InternetService_DSL","categorical__Contract_Month-to-month, categorical__Contract_Two year, numerical__MonthlyCharges","Continue normal customer engagement and loyalty communication to maintain customer satisfaction. Prioritize addressing the key churn drivers identified: categorical__Partner_No, categorical__PaperlessBilling_No, categorical__InternetService_DSL."
5442,0.005076989,Low Risk,25.0,Low Value,Low,"categorical__gender_Female, categorical__Partner_No, categorical__PaperlessBilling_Yes","categorical__Contract_Month-to-month, numerical__tenure, categorical__Contract_Two year","Continue normal customer engagement and loyalty communication to maintain customer satisfaction. Prioritize addressing the key churn drivers identified: categorical__gender_Female, categorical__Partner_No, categorical__PaperlessBilling_Yes."
652,0.0050586974,Low Risk,20.1,Low Value,Low,"categorical__PaperlessBilling_No, categorical__Partner_Yes, categorical__InternetService_DSL","categorical__Contract_Month-to-month, categorical__Contract_Two year, numerical__tenure","Continue normal customer engagement and loyalty communication to maintain customer satisfaction. Prioritize addressing the key churn drivers identified: categorical__PaperlessBilling_No, categorical__Partner_Yes, categorical__InternetService_DSL."
6083,0.004997597,Low Risk,24.4,Low Value,Low,"categorical__Partner_Yes, numerical__SeniorCitizen, categorical__InternetService_DSL","categorical__Contract_Month-to-month, numerical__tenure, categorical__Contract_Two year","Continue normal customer engagement and loyalty communication to maintain customer satisfaction. Prioritize addressing the key churn drivers identified: categorical__Partner_Yes, numerical__SeniorCitizen, categorical__InternetService_DSL."
671,0.004987629,Low Risk,25.55,Low Value,Low,"categorical__PaperlessBilling_No, categorical__Partner_Yes, categorical__MultipleLines_No","categorical__Contract_Month-to-month, categorical__Contract_Two year, categorical__PaperlessBilling_Yes","Continue normal customer engagement and loyalty communication to maintain customer satisfaction. Prioritize addressing the key churn drivers identified: categorical__PaperlessBilling_No, categorical__Partner_Yes, categorical__MultipleLines_No."
4483,0.0048406683,Low Risk,25.6,Low Value,Low,"categorical__PaperlessBilling_No, categorical__Partner_Yes, categorical__MultipleLines_No","categorical__Contract_Month-to-month, categorical__Contract_Two year, numerical__tenure","Continue normal customer engagement and loyalty communication to maintain customer satisfaction. Prioritize addressing the key churn drivers identified: categorical__PaperlessBilling_No, categorical__Partner_Yes, categorical__MultipleLines_No."
4693,0.004822334,Low Risk,25.6,Low Value,Low,"categorical__Partner_No, categorical__PaperlessBilling_No, categorical__MultipleLines_No","categorical__Contract_Month-to-month, categorical__Contract_Two year, categorical__PaperlessBilling_Yes","Continue normal customer engagement and loyalty communication to maintain customer satisfaction. Prioritize addressing the key churn drivers identified: categorical__Partner_No, categorical__PaperlessBilling_No, categorical__MultipleLines_No."
4198,0.0048179924,Low Risk,23.05,Low Value,Low,"categorical__gender_Female, categorical__PaperlessBilling_No, categorical__Partner_Yes","categorical__Contract_Month-to-month, categorical__Contract_Two year, numerical__tenure","Continue normal customer engagement and loyalty communication to maintain customer satisfaction. Prioritize addressing the key churn drivers identified: categorical__gender_Female, categorical__PaperlessBilling_No, categorical__Partner_Yes."
6465,0.004816061,Low Risk,20.6,Low Value,Low,"categorical__gender_Female, categorical__PaperlessBilling_No, categorical__Partner_Yes","categorical__Contract_Month-to-month, categorical__Contract_Two year, numerical__tenure","Continue normal customer engagement and loyalty communication to maintain customer satisfaction. Prioritize addressing the key churn drivers identified: categorical__gender_Female, categorical__PaperlessBilling_No, categorical__Partner_Yes."
3963,0.0047182506,Low Risk,19.6,Low Value,Low,"categorical__gender_Female, categorical__Partner_No, categorical__PaperlessBilling_No","categorical__Contract_Month-to-month, categorical__Contract_Two year, numerical__tenure","Continue normal customer engagement and loyalty communication to maintain customer satisfaction. Prioritize addressing the key churn drivers identified: categorical__gender_Female, categorical__Partner_No, categorical__PaperlessBilling_No."
5223,0.0046869605,Low Risk,25.45,Low Value,Low,"categorical__PaperlessBilling_No, categorical__Partner_Yes, categorical__MultipleLines_No","categorical__Contract_Month-to-month, categorical__Contract_Two year, numerical__tenure","Continue normal customer engagement and loyalty communication to maintain customer satisfaction. Prioritize addressing the key churn drivers identified: categorical__PaperlessBilling_No, categorical__Partner_Yes, categorical__MultipleLines_No."
3553,0.0045525404,Low Risk,23.4,Low Value,Low,"categorical__Partner_No, categorical__PaperlessBilling_No, categorical__InternetService_DSL","numerical__tenure, categorical__Contract_Month-to-month, categorical__Contract_Two year","Continue normal customer engagement and loyalty communication to maintain customer satisfaction. Prioritize addressing the key churn drivers identified: categorical__Partner_No, categorical__PaperlessBilling_No, categorical__InternetService_DSL."
73,0.0044505154,Low Risk,24.25,Low Value,Low,"categorical__Partner_Yes, categorical__PaperlessBilling_Yes, categorical__InternetService_DSL","categorical__Contract_Month-to-month, numerical__tenure, categorical__Contract_Two year","Continue normal customer engagement and loyalty communication to maintain customer satisfaction. Prioritize addressing the key churn drivers identified: categorical__Partner_Yes, categorical__PaperlessBilling_Yes, categorical__InternetService_DSL."
2874,0.004431139,Low Risk,19.45,Low Value,Low,"categorical__gender_Female, categorical__PaperlessBilling_No, numerical__MonthlyCharges","categorical__Contract_Month-to-month, categorical__Contract_Two year, numerical__tenure","Continue normal customer engagement and loyalty communication to maintain customer satisfaction. Prioritize addressing the key churn drivers identified: categorical__gender_Female, categorical__PaperlessBilling_No, numerical__MonthlyCharges."
1035,0.0044161743,Low Risk,25.1,Low Value,Low,"categorical__Partner_No, categorical__PaperlessBilling_No, categorical__InternetService_DSL","categorical__Contract_Month-to-month, categorical__Contract_Two year, numerical__tenure","Continue normal customer engagement and loyalty communication to maintain customer satisfaction. Prioritize addressing the key churn drivers identified: categorical__Partner_No, categorical__PaperlessBilling_No, categorical__InternetService_DSL."
1329,0.0043907063,Low Risk,19.4,Low Value,Low,"categorical__gender_Female, categorical__PaperlessBilling_No, numerical__MonthlyCharges","numerical__tenure, categorical__Contract_Month-to-month, categorical__Contract_Two year","Continue normal customer engagement and loyalty communication to maintain customer satisfaction. Prioritize addressing the key churn drivers identified: categorical__gender_Female, categorical__PaperlessBilling_No, numerical__MonthlyCharges."
1216,0.00437216,Low Risk,20.4,Low Value,Low,"categorical__PaperlessBilling_No, categorical__Partner_Yes, numerical__TotalCharges","categorical__Contract_Month-to-month, categorical__Contract_Two year, numerical__MonthlyCharges","Continue normal customer engagement and loyalty communication to maintain customer satisfaction. Prioritize addressing the key churn drivers identified: categorical__PaperlessBilling_No, categorical__Partner_Yes, numerical__TotalCharges."
5745,0.0042280927,Low Risk,24.2,Low Value,Low,"categorical__gender_Female, categorical__Partner_Yes, categorical__PaperlessBilling_Yes","categorical__Contract_Month-to-month, numerical__tenure, categorical__Contract_Two year","Continue normal customer engagement and loyalty communication to maintain customer satisfaction. Prioritize addressing the key churn drivers identified: categorical__gender_Female, categorical__Partner_Yes, categorical__PaperlessBilling_Yes."
743,0.0042280927,Low Risk,24.1,Low Value,Low,"categorical__gender_Female, categorical__Partner_Yes, categorical__PaperlessBilling_Yes","categorical__Contract_Month-to-month, numerical__tenure, categorical__Contract_Two year","Continue normal customer engagement and loyalty communication to maintain customer satisfaction. Prioritize addressing the key churn drivers identified: categorical__gender_Female, categorical__Partner_Yes, categorical__PaperlessBilling_Yes."
1288,0.0041501066,Low Risk,19.55,Low Value,Low,"categorical__Partner_No, categorical__PaperlessBilling_No, categorical__InternetService_DSL","categorical__Contract_Month-to-month, numerical__tenure, categorical__Contract_Two year","Continue normal customer engagement and loyalty communication to maintain customer satisfaction. Prioritize addressing the key churn drivers identified: categorical__Partner_No, categorical__PaperlessBilling_No, categorical__InternetService_DSL."
3559,0.004090843,Low Risk,19.85,Low Value,Low,"categorical__Partner_No, categorical__PaperlessBilling_No, categorical__InternetService_DSL","categorical__Contract_Month-to-month, categorical__Contract_Two year, numerical__MonthlyCharges","Continue normal customer engagement and loyalty communication to maintain customer satisfaction. Prioritize addressing the key churn drivers identified: categorical__Partner_No, categorical__PaperlessBilling_No, categorical__InternetService_DSL."
2310,0.0040635057,Low Risk,63.7,Medium Value,Low,"categorical__Partner_No, categorical__StreamingTV_Yes, categorical__MultipleLines_No","numerical__tenure, categorical__Contract_Month-to-month, categorical__Contract_Two year","Continue normal customer engagement and loyalty communication to maintain customer satisfaction. Prioritize addressing the key churn drivers identified: categorical__Partner_No, categorical__StreamingTV_Yes, categorical__MultipleLines_No."
1033,0.0040304447,Low Risk,23.65,Low Value,Low,"categorical__gender_Female, categorical__PaperlessBilling_No, categorical__Partner_Yes","numerical__tenure, categorical__Contract_Month-to-month, categorical__Contract_Two year","Continue normal customer engagement and loyalty communication to maintain customer satisfaction. Prioritize addressing the key churn drivers identified: categorical__gender_Female, categorical__PaperlessBilling_No, categorical__Partner_Yes."
165,0.0038619048,Low Risk,19.9,Low Value,Low,"categorical__PaperlessBilling_No, categorical__Partner_Yes, categorical__InternetService_DSL","categorical__Contract_Month-to-month, categorical__Contract_Two year, numerical__tenure","Continue normal customer engagement and loyalty communication to maintain customer satisfaction. Prioritize addressing the key churn drivers identified: categorical__PaperlessBilling_No, categorical__Partner_Yes, categorical__InternetService_DSL."
5362,0.003665509,Low Risk,24.75,Low Value,Low,"categorical__PaperlessBilling_No, categorical__Partner_Yes, categorical__MultipleLines_No","categorical__Contract_Month-to-month, categorical__Contract_Two year, numerical__tenure","Continue normal customer engagement and loyalty communication to maintain customer satisfaction. Prioritize addressing the key churn drivers identified: categorical__PaperlessBilling_No, categorical__Partner_Yes, categorical__MultipleLines_No."
4778,0.003638475,Low Risk,24.4,Low Value,Low,"categorical__Partner_No, categorical__PaperlessBilling_Yes, categorical__InternetService_DSL","categorical__Contract_Month-to-month, numerical__tenure, categorical__Contract_Two year","Continue normal customer engagement and loyalty communication to maintain customer satisfaction. Prioritize addressing the key churn drivers identified: categorical__Partner_No, categorical__PaperlessBilling_Yes, categorical__InternetService_DSL."
2501,0.0036382936,Low Risk,20.35,Low Value,Low,"categorical__PaymentMethod_Electronic check, categorical__PaperlessBilling_No, categorical__Partner_Yes","numerical__tenure, categorical__Contract_Month-to-month, categorical__Contract_Two year","Continue normal customer engagement and loyalty communication to maintain customer satisfaction. Prioritize addressing the key churn drivers identified: categorical__PaymentMethod_Electronic check, categorical__PaperlessBilling_No, categorical__Partner_Yes."
5363,0.003623811,Low Risk,25.35,Low Value,Low,"categorical__PaperlessBilling_No, categorical__Partner_Yes, categorical__InternetService_DSL","categorical__Contract_Month-to-month, categorical__Contract_Two year, numerical__tenure","Continue normal customer engagement and loyalty communication to maintain customer satisfaction. Prioritize addressing the key churn drivers identified: categorical__PaperlessBilling_No, categorical__Partner_Yes, categorical__InternetService_DSL."
3862,0.003623811,Low Risk,25.4,Low Value,Low,"categorical__PaperlessBilling_No, categorical__Partner_Yes, categorical__MultipleLines_No","categorical__Contract_Month-to-month, categorical__Contract_Two year, numerical__tenure","Continue normal customer engagement and loyalty communication to maintain customer satisfaction. Prioritize addressing the key churn drivers identified: categorical__PaperlessBilling_No, categorical__Partner_Yes, categorical__MultipleLines_No."
454,0.0035978411,Low Risk,24.4,Low Value,Low,"categorical__gender_Female, categorical__PaperlessBilling_No, categorical__Partner_Yes","categorical__Contract_Month-to-month, numerical__tenure, categorical__Contract_Two year","Continue normal customer engagement and loyalty communication to maintain customer satisfaction. Prioritize addressing the key churn drivers identified: categorical__gender_Female, categorical__PaperlessBilling_No, categorical__Partner_Yes."
6282,0.0035192824,Low Risk,19.55,Low Value,Low,"numerical__tenure, categorical__PaperlessBilling_No, categorical__Partner_Yes","categorical__Contract_Month-to-month, categorical__Contract_Two year, categorical__PaymentMethod_Credit card (automatic)","Continue normal customer engagement and loyalty communication to maintain customer satisfaction. Prioritize addressing the key churn drivers identified: numerical__tenure, categorical__PaperlessBilling_No, categorical__Partner_Yes."
1016,0.0034266391,Low Risk,80.1,Medium Value,Low,"categorical__Partner_Yes, categorical__StreamingTV_No, categorical__MultipleLines_No","numerical__tenure, categorical__Contract_Month-to-month, categorical__Contract_Two year","Continue normal customer engagement and loyalty communication to maintain customer satisfaction. Prioritize addressing the key churn drivers identified: categorical__Partner_Yes, categorical__StreamingTV_No, categorical__MultipleLines_No."
2883,0.0034180798,Low Risk,25.75,Low Value,Low,"categorical__PaperlessBilling_No, categorical__Partner_Yes, categorical__MultipleLines_No","categorical__Contract_Month-to-month, categorical__Contract_Two year, numerical__tenure","Continue normal customer engagement and loyalty communication to maintain customer satisfaction. Prioritize addressing the key churn drivers identified: categorical__PaperlessBilling_No, categorical__Partner_Yes, categorical__MultipleLines_No."
2066,0.0033236626,Low Risk,24.8,Low Value,Low,"categorical__Partner_Yes, categorical__PaperlessBilling_Yes, categorical__InternetService_DSL","categorical__Contract_Month-to-month, numerical__tenure, categorical__Contract_Two year","Continue normal customer engagement and loyalty communication to maintain customer satisfaction. Prioritize addressing the key churn drivers identified: categorical__Partner_Yes, categorical__PaperlessBilling_Yes, categorical__InternetService_DSL."
2824,0.003299962,Low Risk,19.25,Low Value,Low,"categorical__Partner_Yes, categorical__PaperlessBilling_No, categorical__InternetService_DSL","categorical__Contract_Month-to-month, categorical__Contract_Two year, numerical__tenure","Continue normal customer engagement and loyalty communication to maintain customer satisfaction. Prioritize addressing the key churn drivers identified: categorical__Partner_Yes, categorical__PaperlessBilling_No, categorical__InternetService_DSL."
4231,0.0030073326,Low Risk,80.6,Medium Value,Low,"categorical__Partner_No, categorical__PaperlessBilling_No, categorical__StreamingTV_No","numerical__tenure, categorical__Contract_Month-to-month, categorical__Contract_Two year","Continue normal customer engagement and loyalty communication to maintain customer satisfaction. Prioritize addressing the key churn drivers identified: categorical__Partner_No, categorical__PaperlessBilling_No, categorical__StreamingTV_No."
1776,0.0029291387,Low Risk,25.0,Low Value,Low,"categorical__Partner_Yes, numerical__SeniorCitizen, categorical__PaperlessBilling_Yes","numerical__tenure, categorical__Contract_Month-to-month, categorical__Contract_Two year","Continue normal customer engagement and loyalty communication to maintain customer satisfaction. Prioritize addressing the key churn drivers identified: categorical__Partner_Yes, numerical__SeniorCitizen, categorical__PaperlessBilling_Yes."
3375,0.0027148977,Low Risk,19.9,Low Value,Low,"categorical__gender_Female, categorical__PaperlessBilling_No, categorical__Partner_Yes","numerical__tenure, categorical__Contract_Month-to-month, categorical__Contract_Two year","Continue normal customer engagement and loyalty communication to maintain customer satisfaction. Prioritize addressing the key churn drivers identified: categorical__gender_Female, categorical__PaperlessBilling_No, categorical__Partner_Yes."
984,0.0026597017,Low Risk,23.75,Low Value,Low,"categorical__gender_Female, categorical__PaperlessBilling_No, categorical__Partner_Yes","numerical__tenure, categorical__Contract_Month-to-month, categorical__Contract_Two year","Continue normal customer engagement and loyalty communication to maintain customer satisfaction. Prioritize addressing the key churn drivers identified: categorical__gender_Female, categorical__PaperlessBilling_No, categorical__Partner_Yes."
5828,0.0026597017,Low Risk,24.45,Low Value,Low,"categorical__gender_Female, categorical__PaperlessBilling_No, categorical__Partner_Yes","numerical__tenure, categorical__Contract_Month-to-month, categorical__Contract_Two year","Continue normal customer engagement and loyalty communication to maintain customer satisfaction. Prioritize addressing the key churn drivers identified: categorical__gender_Female, categorical__PaperlessBilling_No, categorical__Partner_Yes."
2980,0.0025899345,Low Risk,25.45,Low Value,Low,"categorical__gender_Female, categorical__Partner_No, categorical__PaperlessBilling_No","numerical__tenure, categorical__Contract_Month-to-month, categorical__Contract_Two year","Continue normal customer engagement and loyalty communication to maintain customer satisfaction. Prioritize addressing the key churn drivers identified: categorical__gender_Female, categorical__Partner_No, categorical__PaperlessBilling_No."
1793,0.0025876458,Low Risk,24.75,Low Value,Low,"categorical__PaperlessBilling_No, categorical__Partner_Yes, categorical__InternetService_DSL","numerical__tenure, categorical__Contract_Month-to-month, categorical__Contract_Two year","Continue normal customer engagement and loyalty communication to maintain customer satisfaction. Prioritize addressing the key churn drivers identified: categorical__PaperlessBilling_No, categorical__Partner_Yes, categorical__InternetService_DSL."
2506,0.0025125998,Low Risk,24.3,Low Value,Low,"categorical__gender_Female, categorical__PaperlessBilling_No, categorical__Partner_Yes","numerical__tenure, categorical__Contract_Month-to-month, categorical__Contract_Two year","Continue normal customer engagement and loyalty communication to maintain customer satisfaction. Prioritize addressing the key churn drivers identified: categorical__gender_Female, categorical__PaperlessBilling_No, categorical__Partner_Yes."
4147,0.0024530678,Low Risk,24.85,Low Value,Low,"categorical__PaperlessBilling_No, categorical__Partner_Yes, numerical__SeniorCitizen","numerical__tenure, categorical__Contract_Month-to-month, categorical__Contract_Two year","Continue normal customer engagement and loyalty communication to maintain customer satisfaction. Prioritize addressing the key churn drivers identified: categorical__PaperlessBilling_No, categorical__Partner_Yes, numerical__SeniorCitizen."
5896,0.0023017195,Low Risk,25.45,Low Value,Low,"categorical__PaperlessBilling_No, numerical__SeniorCitizen, categorical__Partner_Yes","numerical__tenure, categorical__Contract_Month-to-month, categorical__Contract_Two year","Continue normal customer engagement and loyalty communication to maintain customer satisfaction. Prioritize addressing the key churn drivers identified: categorical__PaperlessBilling_No, numerical__SeniorCitizen, categorical__Partner_Yes."
2705,0.002265279,Low Risk,25.65,Low Value,Low,"categorical__gender_Female, categorical__PaperlessBilling_No, categorical__Partner_Yes","numerical__tenure, categorical__Contract_Month-to-month, categorical__Contract_Two year","Continue normal customer engagement and loyalty communication to maintain customer satisfaction. Prioritize addressing the key churn drivers identified: categorical__gender_Female, categorical__PaperlessBilling_No, categorical__Partner_Yes."
531,0.0021967366,Low Risk,20.05,Low Value,Low,"categorical__PaperlessBilling_No, categorical__Partner_Yes, categorical__InternetService_DSL","categorical__Contract_Month-to-month, categorical__Contract_Two year, numerical__MonthlyCharges","Continue normal customer engagement and loyalty communication to maintain customer satisfaction. Prioritize addressing the key churn drivers identified: categorical__PaperlessBilling_No, categorical__Partner_Yes, categorical__InternetService_DSL."
405,0.0019235619,Low Risk,19.8,Low Value,Low,"categorical__Partner_No, categorical__PaperlessBilling_Yes, categorical__InternetService_DSL","numerical__tenure, categorical__Contract_Month-to-month, categorical__Contract_Two year","Continue normal customer engagement and loyalty communication to maintain customer satisfaction. Prioritize addressing the key churn drivers identified: categorical__Partner_No, categorical__PaperlessBilling_Yes, categorical__InternetService_DSL."
5018,0.0018773117,Low Risk,19.7,Low Value,Low,"categorical__gender_Female, categorical__PaperlessBilling_No, categorical__Partner_Yes","numerical__tenure, categorical__Contract_Month-to-month, categorical__Contract_Two year","Continue normal customer engagement and loyalty communication to maintain customer satisfaction. Prioritize addressing the key churn drivers identified: categorical__gender_Female, categorical__PaperlessBilling_No, categorical__Partner_Yes."
3466,0.0018151279,Low Risk,25.1,Low Value,Low,"categorical__Partner_Yes, categorical__PaperlessBilling_Yes, categorical__MultipleLines_No","numerical__tenure, categorical__Contract_Month-to-month, categorical__Contract_Two year","Continue normal customer engagement and loyalty communication to maintain customer satisfaction. Prioritize addressing the key churn drivers identified: categorical__Partner_Yes, categorical__PaperlessBilling_Yes, categorical__MultipleLines_No."
5804,0.0017503251,Low Risk,23.9,Low Value,Low,"categorical__gender_Female, categorical__PaperlessBilling_No, categorical__Partner_Yes","numerical__tenure, categorical__Contract_Month-to-month, categorical__Contract_Two year","Continue normal customer engagement and loyalty communication to maintain customer satisfaction. Prioritize addressing the key churn drivers identified: categorical__gender_Female, categorical__PaperlessBilling_No, categorical__Partner_Yes."
2787,0.0017285864,Low Risk,26.1,Low Value,Low,"categorical__PaperlessBilling_No, categorical__Partner_Yes, categorical__MultipleLines_No","numerical__tenure, categorical__Contract_Month-to-month, categorical__Contract_Two year","Continue normal customer engagement and loyalty communication to maintain customer satisfaction. Prioritize addressing the key churn drivers identified: categorical__PaperlessBilling_No, categorical__Partner_Yes, categorical__MultipleLines_No."
1778,0.0017194598,Low Risk,24.75,Low Value,Low,"categorical__PaperlessBilling_No, categorical__Partner_Yes, categorical__MultipleLines_No","numerical__tenure, categorical__Contract_Month-to-month, categorical__Contract_Two year","Continue normal customer engagement and loyalty communication to maintain customer satisfaction. Prioritize addressing the key churn drivers identified: categorical__PaperlessBilling_No, categorical__Partner_Yes, categorical__MultipleLines_No."
3382,0.0017194598,Low Risk,25.55,Low Value,Low,"categorical__PaperlessBilling_No, categorical__Partner_Yes, categorical__MultipleLines_No","numerical__tenure, categorical__Contract_Month-to-month, categorical__Contract_Two year","Continue normal customer engagement and loyalty communication to maintain customer satisfaction. Prioritize addressing the key churn drivers identified: categorical__PaperlessBilling_No, categorical__Partner_Yes, categorical__MultipleLines_No."
6719,0.0016811946,Low Risk,25.75,Low Value,Low,"categorical__PaperlessBilling_No, categorical__Partner_Yes, categorical__MultipleLines_No","numerical__tenure, categorical__Contract_Month-to-month, categorical__Contract_Two year","Continue normal customer engagement and loyalty communication to maintain customer satisfaction. Prioritize addressing the key churn drivers identified: categorical__PaperlessBilling_No, categorical__Partner_Yes, categorical__MultipleLines_No."
714,0.0014164405,Low Risk,25.4,Low Value,Low,"categorical__PaperlessBilling_No, categorical__Partner_Yes, categorical__MultipleLines_No","numerical__tenure, categorical__Contract_Month-to-month, categorical__Contract_Two year","Continue normal customer engagement and loyalty communication to maintain customer satisfaction. Prioritize addressing the key churn drivers identified: categorical__PaperlessBilling_No, categorical__Partner_Yes, categorical__MultipleLines_No."
2524,0.001146811,Low Risk,19.9,Low Value,Low,"categorical__Partner_No, categorical__PaperlessBilling_No, categorical__InternetService_DSL","numerical__tenure, categorical__Contract_Month-to-month, categorical__Contract_Two year","Continue normal customer engagement and loyalty communication to maintain customer satisfaction. Prioritize addressing the key churn drivers identified: categorical__Partner_No, categorical__PaperlessBilling_No, categorical__InternetService_DSL."
1277,0.0011292687,Low Risk,20.1,Low Value,Low,"categorical__gender_Female, categorical__Partner_Yes, categorical__PaperlessBilling_Yes","numerical__tenure, categorical__Contract_Month-to-month, categorical__Contract_Two year","Continue normal customer engagement and loyalty communication to maintain customer satisfaction. Prioritize addressing the key churn drivers identified: categorical__gender_Female, categorical__Partner_Yes, categorical__PaperlessBilling_Yes."
6614,0.0010387978,Low Risk,19.7,Low Value,Low,"categorical__PaperlessBilling_No, categorical__Partner_Yes, categorical__InternetService_DSL","numerical__tenure, categorical__Contract_Month-to-month, categorical__Contract_Two year","Continue normal customer engagement and loyalty communication to maintain customer satisfaction. Prioritize addressing the key churn drivers identified: categorical__PaperlessBilling_No, categorical__Partner_Yes, categorical__InternetService_DSL."
